<?xml version="1.0"?>
<gameList>
	<game>
		<path>./Tomb Raider Chronicles (Europe).gdi</path>
		<name>Tomb Raider Chronicles</name>
		<desc>Con Lara presuntamente muerta tras el final de Tomb Raider: The Last Revelation, sus amigos más próximos se reúnen para recordar algunas de sus aventuras pasadas. Aventuras que hasta ahora habían permanecido olvidadas y que ahora podremos revivir en forma de cuatro flashbacks independientes. Introduciendo nuevas habilidades para Lara, como poder caminar sobre cuerdas o balancearse en barras horizontales, las crónicas de Lara nos trasladarán a Roma, la costa rusa, las islas de Irlanda y también Nueva York, donde la acción y los enigmas serán, como siempre, el cóctel a disfrutar. Tras revivir todos estos acontecimientos, las noticias sobre la búsqueda de los restos mortales de Lara no tardarán en llegar. Se ha encontrado su mochila entre las ruinas en que debió haber muerto. Sin embargo, no había ningún cadáver...</desc>
		<image>./images/Tomb Raider Chronicles (Europe)-image.png</image>
		<marquee>./images/Tomb Raider Chronicles (Europe)-marquee.png</marquee>
		<thumbnail>./images/Tomb Raider Chronicles (Europe)-thumb.png</thumbnail>
		<rating>0.65</rating>
		<releasedate>20001119T000000</releasedate>
		<developer>Core Design</developer>
		<publisher>Eidos Interactive</publisher>
		<genre>Acción</genre>
		<playcount>2</playcount>
		<lastplayed>20201223T211539</lastplayed>
		<lang>en</lang>
		<region>eu</region>
	</game>
	<game>
		<path>./Soulcalibur (Europe) (En,Fr,De,Es).gdi</path>
		<name>Soulcalibur</name>
		<desc>Situado 3 años tras la historia del juego original, Soulcalibur se inicia con un recuento de los eventos finales del mismo. El dueño original de Soul Edge, Cervantes, permaneció invencible hasta que confrontó a la enviada de Hephaestus, Sophitia. Durante el feroz combate, Sophitia logra destruir la espada corta de Soul Edge, pero es herida por los pedazos de la misma. Antes que Cervantes pudiera matarla, Taki irrumpe y, tras combatir, logra eliminar al pirata. Creyéndolo muerto, Taki se retira con la inconsciente Sophitia, pero en ese instante Siegfried llega al puerto. Soul Edge se enfrenta a Siegfried Schtauffen usando el cadáver de Cervantes, pero es derrotado. Siegfried toma la espada y libera su energía en una gran columna de luz (Evil Seed) que esparce su maldad en toda la tierra.

Tres años después, Siegfried es completamente poseído y, ahora llamado Nightmare, inicia una matanza en Europa para poder restaurar Soul Edge. Muchos guerreros, atraídos por los ataques de Nightmare, parten en su busca para poder tomar Soul Edge para ellos, o para destruir la espada definitivamente.</desc>
		<image>./images/Soulcalibur (Europe) (En,Fr,De,Es)-image.png</image>
		<marquee>./images/Soulcalibur (Europe) (En,Fr,De,Es)-marquee.png</marquee>
		<thumbnail>./images/Soulcalibur (Europe) (En,Fr,De,Es)-thumb.png</thumbnail>
		<rating>0.8</rating>
		<releasedate>19990909T000000</releasedate>
		<developer>Namco</developer>
		<publisher>Namco</publisher>
		<genre>Lucha</genre>
		<players>2</players>
		<playcount>6</playcount>
		<lastplayed>20210214T144248</lastplayed>
		<lang>de,en,es,fr</lang>
		<region>eu</region>
	</game>
	<game>
		<path>./Dead or Alive 2 (Europe).gdi</path>
		<name>Dead or Alive 2</name>
		<desc>Dead or Alive 2, o DoA2, es un videojuego de lucha en 3D creado por el Team Ninja de Tecmo en 1998 para la placa de recreativa Naomi de Sega. Representa una gran evolución respecto a su antecesor Dead or Alive (Model 2), ya que el número de polígonos en los personajes aumenta considerablemente y los escenarios pueden recorrerse a la vez que se lucha, además de ser interactivos, destruibles y de múltiples niveles.</desc>
		<image>./images/Dead or Alive 2 (Europe)-image.png</image>
		<marquee>./images/Dead or Alive 2 (Europe)-marquee.png</marquee>
		<thumbnail>./images/Dead or Alive 2 (Europe)-thumb.png</thumbnail>
		<rating>0.8</rating>
		<releasedate>20000229T000000</releasedate>
		<developer>Tecmo</developer>
		<publisher>Acclaim</publisher>
		<genre>Lucha</genre>
		<players>4</players>
		<lang>en</lang>
		<region>eu</region>
	</game>
	<game>
		<path>./Jet Set Radio (Europe) (En,Fr,De,Es).gdi</path>
		<name>Jet Grind Radio</name>
		<desc>Lucha por el control de Tokyo-to, grafitea para marcar tu territorio, firma paredes, carteleras ¡y hasta a los miembros de la banda rival! Realiza trucos y giros con tablas magnéticas, ¡pero ten cuidado con la policía!</desc>
		<image>./images/Jet Set Radio (Europe) (En,Fr,De,Es)-image.png</image>
		<marquee>./images/Jet Set Radio (Europe) (En,Fr,De,Es)-marquee.png</marquee>
		<thumbnail>./images/Jet Set Radio (Europe) (En,Fr,De,Es)-thumb.png</thumbnail>
		<rating>0.9</rating>
		<releasedate>20001101T000000</releasedate>
		<developer>Smilebit</developer>
		<publisher>SEGA</publisher>
		<genre>Deportes</genre>
		<playcount>1</playcount>
		<lastplayed>20210214T144519</lastplayed>
		<lang>de,en,es,fr</lang>
		<region>eu</region>
	</game>
	<game>
		<path>./Resident Evil 3 - Nemesis (Europe).gdi</path>
		<name>Resident Evil 3 : Nemesis</name>
		<desc>El horror de supervivencia Resident Evil 3: Nemesis en Dreamcast tiene lugar durante los eventos de Resident Evil 2. Usted juega esta vez, Jill Valentine, y tiene que escapar con vida de Raccoon City, devastada por zombies. Némesis, el monstruo exterminador de los últimos supervivientes está sobre tus talones.</desc>
		<image>./images/Resident Evil 3 - Nemesis (Europe)-image.png</image>
		<marquee>./images/Resident Evil 3 - Nemesis (Europe)-marquee.png</marquee>
		<thumbnail>./images/Resident Evil 3 - Nemesis (Europe)-thumb.png</thumbnail>
		<rating>0.75</rating>
		<releasedate>20001115T000000</releasedate>
		<developer>Capcom</developer>
		<publisher>Capcom</publisher>
		<genre>Aventura</genre>
		<playcount>2</playcount>
		<lastplayed>20200903T125913</lastplayed>
		<lang>en</lang>
		<region>eu</region>
	</game>
	<game>
		<path>./Daytona USA (USA).gdi</path>
		<name>Daytona USA</name>
		<desc>Calienta los motores, aquí está Daytona USA 2001 en Dreamcast. Un juego de carreras puramente arcade, donde se permiten todos los disparos. Puedes elegir entre 4 coches y una docena de circuitos.</desc>
		<image>./images/Daytona USA (USA)-image.png</image>
		<marquee>./images/Daytona USA (USA)-marquee.png</marquee>
		<thumbnail>./images/Daytona USA (USA)-thumb.png</thumbnail>
		<rating>0.75</rating>
		<releasedate>20010314T000000</releasedate>
		<developer>Amusement Vision</developer>
		<publisher>SEGA</publisher>
		<genre>Carreras, Conducción</genre>
		<players>2-4</players>
		<playcount>10</playcount>
		<lastplayed>20220318T194811</lastplayed>
		<gametime>361</gametime>
		<lang>en</lang>
		<region>us</region>
	</game>
	<game>
		<path>./Phantasy Star Online (Europe) (En,Ja,Fr,De,Es).gdi</path>
		<name>Phantasy Star Online</name>
		<desc>Phantasy Star Online fue el primer Videojuego de rol de acción de la historia de los videojuegos domésticos orientado al sistema de los así llamados videojuegos multijugador masivos en línea. Solo el Episodio III es un Videojuego de rol, también En línea, que utiliza cartas. Fue desarrollado por el equipo creativo SONIC Team de Sega, creadores de juegos como Burning Rangers y toda la saga de Sonic; como continuación de los Phantasy Star de las consolas de Sega. Esta es la 5.ª entrega de la serie Phantasy Star (sin considerar Spin-offs) y la 1.ª de la serie Online.</desc>
		<image>./images/Phantasy Star Online (Europe) (En,Ja,Fr,De,Es)-image.png</image>
		<marquee>./images/Phantasy Star Online (Europe) (En,Ja,Fr,De,Es)-marquee.png</marquee>
		<thumbnail>./images/Phantasy Star Online (Europe) (En,Ja,Fr,De,Es)-thumb.png</thumbnail>
		<rating>0.8</rating>
		<releasedate>20010129T000000</releasedate>
		<developer>Sonic Team</developer>
		<publisher>SEGA</publisher>
		<genre>Juegos de rol</genre>
		<playcount>6</playcount>
		<lastplayed>20220318T204408</lastplayed>
		<gametime>47</gametime>
		<lang>de,en,jp,es,fr</lang>
		<region>eu</region>
	</game>
	<game>
		<path>./Shenmue (Europe)(Disc 1 of 4)[DCCM].cdi</path>
		<name>Shenmue (disco 1)</name>
		<desc>Aquel día de noviembre, cuando la nieve se convirtió en lluvia Ryu Hazuki llegó a casa justo a tiempo para ver a su padre asesinado por Lan Di, un hombre que el padre de Ryu conocía muy bien. Ryu resulta gravemente herido al intentar detener a Lan Di. Tras recuperarse se propone encontrar al asesino, descubrir los secretos de su familia y el misterio de los espejos del Fénix y el Dragón que Lan Di busca.

Ryu debe buscar pistas e indicios hablando con gente y anotando detalles en su cuaderno. También pude comprar articulos en tiendas, probar con máquinas de cápsulas o visitar salones de juego y probar el Hang-On o Space Harrier, dardos o billares.

Ryu es un artista marcial, y aunque sabe que es mejor evitar una pelea, a veces es imposible. Ryu puede entrenar sus movimientos, ya sea haciéndolos repetidamente o entrenando con su amigo Fuku-san. También puede intensificar sus reflejos para que, en las escénas cinemáticas, el jugador tenga un breve momento para presionar un botón y alejar a Ryu del peligro.</desc>
		<image>./images/Shenmue (Europe)(Disc 1 of 4)[DCCM]-image.png</image>
		<marquee>./images/Shenmue (Europe)(Disc 1 of 4)[DCCM]-marquee.png</marquee>
		<thumbnail>./images/Shenmue (Europe)(Disc 1 of 4)[DCCM]-thumb.png</thumbnail>
		<rating>0.8</rating>
		<releasedate>20001107T000000</releasedate>
		<developer>AM2</developer>
		<publisher>SEGA</publisher>
		<genre>Aventura</genre>
		<playcount>1</playcount>
		<lastplayed>20200509T210649</lastplayed>
		<lang>en</lang>
		<region>eu</region>
	</game>
	<game>
		<path>./Shenmue (Europe)(Disc 2 of 4)[DCCM].cdi</path>
		<name>Shenmue (disco 2)</name>
		<desc>Aquel día de noviembre, cuando la nieve se convirtió en lluvia Ryu Hazuki llegó a casa justo a tiempo para ver a su padre asesinado por Lan Di, un hombre que el padre de Ryu conocía muy bien. Ryu resulta gravemente herido al intentar detener a Lan Di. Tras recuperarse se propone encontrar al asesino, descubrir los secretos de su familia y el misterio de los espejos del Fénix y el Dragón que Lan Di busca.

Ryu debe buscar pistas e indicios hablando con gente y anotando detalles en su cuaderno. También pude comprar articulos en tiendas, probar con máquinas de cápsulas o visitar salones de juego y probar el Hang-On o Space Harrier, dardos o billares.

Ryu es un artista marcial, y aunque sabe que es mejor evitar una pelea, a veces es imposible. Ryu puede entrenar sus movimientos, ya sea haciéndolos repetidamente o entrenando con su amigo Fuku-san. También puede intensificar sus reflejos para que, en las escénas cinemáticas, el jugador tenga un breve momento para presionar un botón y alejar a Ryu del peligro.</desc>
		<image>./images/Shenmue (Europe)(Disc 2 of 4)[DCCM]-image.png</image>
		<marquee>./images/Shenmue (Europe)(Disc 2 of 4)[DCCM]-marquee.png</marquee>
		<thumbnail>./images/Shenmue (Europe)(Disc 2 of 4)[DCCM]-thumb.png</thumbnail>
		<rating>0.8</rating>
		<releasedate>20001107T000000</releasedate>
		<developer>AM2</developer>
		<publisher>SEGA</publisher>
		<genre>Aventura</genre>
		<lang>en</lang>
		<region>eu</region>
	</game>
	<game>
		<path>./Shenmue (Europe)(Disc 3 of 4)[DCCM].cdi</path>
		<name>Shenmue (disco 3)</name>
		<desc>Aquel día de noviembre, cuando la nieve se convirtió en lluvia Ryu Hazuki llegó a casa justo a tiempo para ver a su padre asesinado por Lan Di, un hombre que el padre de Ryu conocía muy bien. Ryu resulta gravemente herido al intentar detener a Lan Di. Tras recuperarse se propone encontrar al asesino, descubrir los secretos de su familia y el misterio de los espejos del Fénix y el Dragón que Lan Di busca.

Ryu debe buscar pistas e indicios hablando con gente y anotando detalles en su cuaderno. También pude comprar articulos en tiendas, probar con máquinas de cápsulas o visitar salones de juego y probar el Hang-On o Space Harrier, dardos o billares.

Ryu es un artista marcial, y aunque sabe que es mejor evitar una pelea, a veces es imposible. Ryu puede entrenar sus movimientos, ya sea haciéndolos repetidamente o entrenando con su amigo Fuku-san. También puede intensificar sus reflejos para que, en las escénas cinemáticas, el jugador tenga un breve momento para presionar un botón y alejar a Ryu del peligro.</desc>
		<image>./images/Shenmue (Europe)(Disc 3 of 4)[DCCM]-image.png</image>
		<marquee>./images/Shenmue (Europe)(Disc 3 of 4)[DCCM]-marquee.png</marquee>
		<thumbnail>./images/Shenmue (Europe)(Disc 3 of 4)[DCCM]-thumb.png</thumbnail>
		<rating>0.8</rating>
		<releasedate>20001107T000000</releasedate>
		<developer>AM2</developer>
		<publisher>SEGA</publisher>
		<genre>Aventura</genre>
		<lang>en</lang>
		<region>eu</region>
	</game>
	<game>
		<path>./Shenmue (Europe)(Disc 4 of 4)[Passport][DCCM].cdi</path>
		<name>Shenmue (disco 4)</name>
		<desc>Aquel día de noviembre, cuando la nieve se convirtió en lluvia Ryu Hazuki llegó a casa justo a tiempo para ver a su padre asesinado por Lan Di, un hombre que el padre de Ryu conocía muy bien. Ryu resulta gravemente herido al intentar detener a Lan Di. Tras recuperarse se propone encontrar al asesino, descubrir los secretos de su familia y el misterio de los espejos del Fénix y el Dragón que Lan Di busca.

Ryu debe buscar pistas e indicios hablando con gente y anotando detalles en su cuaderno. También pude comprar articulos en tiendas, probar con máquinas de cápsulas o visitar salones de juego y probar el Hang-On o Space Harrier, dardos o billares.

Ryu es un artista marcial, y aunque sabe que es mejor evitar una pelea, a veces es imposible. Ryu puede entrenar sus movimientos, ya sea haciéndolos repetidamente o entrenando con su amigo Fuku-san. También puede intensificar sus reflejos para que, en las escénas cinemáticas, el jugador tenga un breve momento para presionar un botón y alejar a Ryu del peligro.</desc>
		<image>./images/Shenmue (Europe)(Disc 4 of 4)[Passport][DCCM]-image.png</image>
		<marquee>./images/Shenmue (Europe)(Disc 4 of 4)[Passport][DCCM]-marquee.png</marquee>
		<thumbnail>./images/Shenmue (Europe)(Disc 4 of 4)[Passport][DCCM]-thumb.png</thumbnail>
		<rating>0.8</rating>
		<releasedate>20001107T000000</releasedate>
		<developer>AM2</developer>
		<publisher>SEGA</publisher>
		<genre>Aventura</genre>
		<lang>en</lang>
		<region>eu</region>
	</game>
	<game>
		<path>./Resident Evil - Code - Veronica (Europe) (Disc 1).gdi</path>
		<name>Resident Evil, Code : Veronica (disco 1)</name>
		<desc>Tres meses después de los acontecimientos de Resident Evil 2 y Resident Evil 3, en enero de 1999, la historia comienza con Claire Redfield infiltrándose en la base de París de Umbrella, en busca de su hermano, Chris Redfield. Tras ser perseguida por el equipo de seguridad, es hecha prisionera por Rodrigo Juan Raval y enviada a una prisión y base de entrenamiento de las fuerzas especiales de Umbrella en la isla Rockfort, propiedad de Umbrella, y en concreto de la familia Ashford, una de las familias dueñas y fundadoras de la compañía.</desc>
		<image>./images/Resident Evil - Code - Veronica (Europe) (Disc 1)-image.png</image>
		<marquee>./images/Resident Evil - Code - Veronica (Europe) (Disc 1)-marquee.png</marquee>
		<thumbnail>./images/Resident Evil - Code - Veronica (Europe) (Disc 1)-thumb.png</thumbnail>
		<rating>0.9</rating>
		<releasedate>20000329T000000</releasedate>
		<developer>Capcom</developer>
		<publisher>Capcom</publisher>
		<genre>Aventura</genre>
		<playcount>1</playcount>
		<lastplayed>20201113T152600</lastplayed>
		<lang>en</lang>
		<region>eu</region>
	</game>
	<game>
		<path>./Resident Evil - Code - Veronica (Europe) (Disc 2).gdi</path>
		<name>Resident Evil, Code : Veronica (disco 2)</name>
		<desc>Tres meses después de los acontecimientos de Resident Evil 2 y Resident Evil 3, en enero de 1999, la historia comienza con Claire Redfield infiltrándose en la base de París de Umbrella, en busca de su hermano, Chris Redfield. Tras ser perseguida por el equipo de seguridad, es hecha prisionera por Rodrigo Juan Raval y enviada a una prisión y base de entrenamiento de las fuerzas especiales de Umbrella en la isla Rockfort, propiedad de Umbrella, y en concreto de la familia Ashford, una de las familias dueñas y fundadoras de la compañía.</desc>
		<image>./images/Resident Evil - Code - Veronica (Europe) (Disc 2)-image.png</image>
		<marquee>./images/Resident Evil - Code - Veronica (Europe) (Disc 2)-marquee.png</marquee>
		<thumbnail>./images/Resident Evil - Code - Veronica (Europe) (Disc 2)-thumb.png</thumbnail>
		<rating>0.9</rating>
		<releasedate>20000329T000000</releasedate>
		<developer>Capcom</developer>
		<publisher>Capcom</publisher>
		<genre>Aventura</genre>
		<lang>en</lang>
		<region>eu</region>
	</game>
	<game>
		<path>./Skies of Arcadia (Europe) (En,Fr,De,Es) (Disc 2).gdi</path>
		<name>Skies of Arcadia (disco 2)</name>
		<desc>Skies of Arcadia en Dreamcast es un juego de rol que tiene lugar en Arcadia, un mundo donde los continentes flotan en el cielo. Juegas a Vyse y Aika, dos piratas del aire luchando contra el malvado imperio de Valua.</desc>
		<image>./images/Skies of Arcadia (Europe) (En,Fr,De,Es) (Disc 2)-image.png</image>
		<marquee>./images/Skies of Arcadia (Europe) (En,Fr,De,Es) (Disc 2)-marquee.png</marquee>
		<thumbnail>./images/Skies of Arcadia (Europe) (En,Fr,De,Es) (Disc 2)-thumb.png</thumbnail>
		<rating>0.75</rating>
		<releasedate>20001114T000000</releasedate>
		<developer>Overworks</developer>
		<publisher>SEGA</publisher>
		<genre>Juegos de rol</genre>
		<lang>de,en,es,fr</lang>
		<region>eu</region>
	</game>
	<game>
		<path>./Skies of Arcadia (Europe) (En,Fr,De,Es) (Disc 1).gdi</path>
		<name>Skies of Arcadia (disco 1)</name>
		<desc>Skies of Arcadia en Dreamcast es un juego de rol que tiene lugar en Arcadia, un mundo donde los continentes flotan en el cielo. Juegas a Vyse y Aika, dos piratas del aire luchando contra el malvado imperio de Valua.</desc>
		<image>./images/Skies of Arcadia (Europe) (En,Fr,De,Es) (Disc 1)-image.png</image>
		<marquee>./images/Skies of Arcadia (Europe) (En,Fr,De,Es) (Disc 1)-marquee.png</marquee>
		<thumbnail>./images/Skies of Arcadia (Europe) (En,Fr,De,Es) (Disc 1)-thumb.png</thumbnail>
		<rating>0.75</rating>
		<releasedate>20001114T000000</releasedate>
		<developer>Overworks</developer>
		<publisher>SEGA</publisher>
		<genre>Juegos de rol</genre>
		<playcount>1</playcount>
		<lastplayed>20201223T211514</lastplayed>
		<lang>de,en,es,fr</lang>
		<region>eu</region>
	</game>
	<game>
		<path>./Sonic Adventure 2 (Europe) (En,Ja,Fr,De,Es).gdi</path>
		<name>Sonic Adventure 2</name>
		<desc>Sonic Adventure 2 es un videojuego de la saga Sonic the Hedgehog, que fue desarrollado por el Sonic Team. Es el tercer y último juego de Sonic para la consola Dreamcast de Sega, tras su predecesor Sonic Adventure, y Sonic Shuffle. Sonic Adventure 2 es además el último juego de Sonic publicado para consolas de la marca Sega. Meses después de su lanzamiento, fue adaptado para la Nintendo Gamecube, con el nombre Sonic Adventure 2: Battle, donde presenta leves mejoras.

El juego se compone de dos historias paralelas; el jugador tiene la opción de elegir qué historia desea jugar, en cualquier momento. La historia "Hero" es protagonizada por Sonic, Knuckles y Tails (se basa en salvar al mundo), mientras que la historia "Dark" es protagonizada por Shadow, Rouge y el Dr. Eggman (se basa en dominar al mundo).

Ambas historias son análogas, y se desarrollan en paralelo, siendo los acontecimientos de ambas indispensables para comprender el argumento global del juego. Las dos historias se cruzan continuamente, provocando enfrentamientos y otros eventos entre los Hero y los Dark.</desc>
		<image>./images/Sonic Adventure 2 (Europe) (En,Ja,Fr,De,Es)-image.png</image>
		<marquee>./images/Sonic Adventure 2 (Europe) (En,Ja,Fr,De,Es)-marquee.png</marquee>
		<thumbnail>./images/Sonic Adventure 2 (Europe) (En,Ja,Fr,De,Es)-thumb.png</thumbnail>
		<rating>0.8</rating>
		<releasedate>20010623T000000</releasedate>
		<developer>Sonic Team</developer>
		<publisher>SEGA</publisher>
		<genre>Plataforma</genre>
		<players>2</players>
		<playcount>11</playcount>
		<lastplayed>20220730T160615</lastplayed>
		<gametime>2606</gametime>
		<lang>de,en,jp,es,fr</lang>
		<region>eu</region>
	</game>
	<game id="190868">
		<path>./Volgarr.cdi</path>
		<name>Volgarr The Viking</name>
		<desc>Volgarr the Viking es un juego de plataformas desarrollado y publicado por Crazy Viking Studios y Adult Swim Games en el que juegas como Volgarr, un vikingo decidido a aplastar todo lo que se cruce en su camino.</desc>
		<image>./images/Volgarr-image.png</image>
		<marquee>./images/Volgarr-marquee.png</marquee>
		<thumbnail>./images/Volgarr-thumb.png</thumbnail>
		<rating>0.85</rating>
		<releasedate>20151015T000000</releasedate>
		<developer>Crazy Viking Studios LLC</developer>
		<publisher>Crazy Viking Studios LLC</publisher>
		<genre>Acción</genre>
		<players>1</players>
		<playcount>4</playcount>
		<lastplayed>20220812T232052</lastplayed>
		<md5>a1ed19dc5bf681b9ea35597d05d8b3d9</md5>
		<gametime>301</gametime>
		<lang>en</lang>
	</game>
	<game>
		<path>./Crazy Taxi (Europe).gdi</path>
		<name>Crazy Taxi</name>
		<desc>Como taxista temerario, su objetivo es acumular mucho dinero antes de que termine su turno. Es una carrera contra el reloj en la que debemos recoger pasajeros y asustarlos a través de las concurridas calles y callejones para que regresen a sus respectivos destinos. Para mantener el medidor de dinero bien alto, tienes que tomar la ruta más rápida posible, aunque ello signifique ir contra las leyes de tráfico - sólo un poco. Hay que tener un buen control sobre el volante, agudizar sus sentidos, y no perder la calma.</desc>
		<emulator>flycast_libretro</emulator>
		<image>./images/Crazy Taxi (Europe)-image.png</image>
		<marquee>./images/Crazy Taxi (Europe)-marquee.png</marquee>
		<thumbnail>./images/Crazy Taxi (Europe)-thumb.png</thumbnail>
		<rating>0.8</rating>
		<releasedate>20000201T000000</releasedate>
		<developer>SEGA</developer>
		<publisher>SEGA</publisher>
		<genre>Carreras, Conducción</genre>
		<playcount>59</playcount>
		<lastplayed>20220812T235316</lastplayed>
		<gametime>2251</gametime>
		<lang>eu</lang>
		<region>eu</region>
	</game>
	<game>
		<path>./Crazy Taxi 2 (Europe)[DCCM].cdi</path>
		<name>Crazy Taxi 2</name>
		<desc>¡Súbete al taxi y que empiece la diversión! Crazy Taxi 2 llega con fantásticas novedades: En esta ocasión los chillones taxis recorren las bulliciosas calles de Nueva York con 4 nuevos personajes, muchos viajeros con los que conseguir buenas propinas y una nueva técnica llamada Crazy Jump, que te permitirá evitar los atascos saltando por encima de otros vehículos.</desc>
		<image>./images/Crazy Taxi 2 (Europe)[DCCM]-image.png</image>
		<marquee>./images/Crazy Taxi 2 (Europe)[DCCM]-marquee.png</marquee>
		<thumbnail>./images/Crazy Taxi 2 (Europe)[DCCM]-thumb.png</thumbnail>
		<rating>0.8</rating>
		<releasedate>20010607T000000</releasedate>
		<developer>Hitmaker</developer>
		<publisher>SEGA</publisher>
		<family>Crazy Taxi</family>
		<players>1</players>
		<playcount>8</playcount>
		<lastplayed>20220812T234323</lastplayed>
		<gametime>580</gametime>
		<lang>eu</lang>
		<region>eu</region>
	</game>
	<game>
		<path>./Sonic Adventure (Europe) (En,Ja,Fr,De,Es).gdi</path>
		<name>Sonic Adventure</name>
		<desc>Hace siglos, los dioses le dieron al planeta Tierra (No Mobius) las 7 Chaos Emerald's. Dichas esmeraldas eran fuente de poder ilimitado. Sin embargo, el poder absoluto corrompe absolutamente, y no pasó mucho tiempo antes de que explotaran guerras por el control del poder aparentemente ilimitado de las Esmeraldas. Esto enfureció a los dioses, quienes crearon una Esmeralda Maestra, para contener poderes que podrían controlar y neutralizar a las Esmeraldas del Chaos. Y con la Esmeralda Maestra vendría un espíritu guardián. Se dice que una sola tribu de equidnas enfureció al espíritu intentando robar las Esmeraldas del Chaos y arruinando el santuario que aquél estaba protegiendo; la tribu fue destruida en una noche, y el espíritu guardián nunca más fue visto. El monstruo fue entonces llamado "Chaos", el dios de la destrucción.

En el presente, el malvado Doctor Eggman se entera de la leyenda de Chaos. Creyéndola cierta, busca y destruye la Esmeralda Maestra, liberando a Chaos en el proceso. El objetivo del Dr. Eggman es controlar a Chaos, y usar sus poderes destructivos para conquistar el mundo. Cuando Sonic sabe de esto, él y sus amigos ponen manos a la obra para detener a Eggman; pero ninguno de ellos conoce la historia de Chaos y su aprisionamiento en la Esmeralda Maestra. Poco a poco, gracias a las visitas de un espíritu de equidna llamada Tikal, se enteran de que ella se hizo amiga de Chaos, y la noche en que la tribu intentó robar las Esmeraldas, capturó a Chaos junto con ella misma dentro de la Esmeralda Maestra para evitar que aquél destruyera el mundo con su ira.

Ahora que Chaos ha sido liberado, Tikal le pide a Sonic que lo selle de nuevo en la Esmeralda Maestra. Sonic no está de acuerdo: atraparlo en la Esmeralda Maestra no detendrá su furia, sólo la alimentará. Usando el poder de las Esmeraldas del Chaos para hacerse Super Sonic, Sonic lucha contra Chaos y lo vence, neutralizando su ira con el irresistible poder de la virtud. Con el mundo a salvo, Tikal y Chaos regresan al Plano Astral.</desc>
		<image>./images/Sonic Adventure (Europe) (En,Ja,Fr,De,Es)-image.png</image>
		<marquee>./images/Sonic Adventure (Europe) (En,Ja,Fr,De,Es)-marquee.png</marquee>
		<thumbnail>./images/Sonic Adventure (Europe) (En,Ja,Fr,De,Es)-thumb.png</thumbnail>
		<rating>0.8</rating>
		<releasedate>19990909T000000</releasedate>
		<developer>Sonic Team</developer>
		<publisher>SEGA</publisher>
		<genre>Plataforma</genre>
		<playcount>21</playcount>
		<lastplayed>20220812T233952</lastplayed>
		<gametime>1299</gametime>
		<lang>de,en,jp,es,fr</lang>
		<region>eu</region>
	</game>
</gameList>
