<?xml version="1.0"?>
<gameList>
	<game>
		<path>./Bully (USA).iso</path>
		<name>Bully</name>
		<desc>Bully is a subtle sandbox game set in a school environment. The player takes control of teenage rebel James "Jimmy" Hopkins, who from the opening cutscene is revealed to be a difficult student with a disruptive background. The game concerns the events that follow Jimmy being dropped off at Bullworth Academy, a fictional New England boarding school. The player is free to explore the school campus in the beginning and, later on in the game, the town, or to complete the main missions. The game makes extensive use of minigames. Some are used to earn money, others to improve Jimmy's abilities or get new items.

School classes themselves are done in the form of minigames, broken into five levels of increasing difficulty. Each completed class brings a benefit to gameplay. English, as an example, is a word scramble minigame, and as Jimmy does well in this minigame, he learns various language-skills, such as the ability to apologize to police for small crimes. Chemistry also an example, is a button pushing minigame, and if Jimmy does well, he gains the ability to create firecrackers, stink bombs, and other items at his chemistry set in his room at the dorm.</desc>
		<image>./images/Bully (USA)-image.png</image>
		<marquee>./images/Bully (USA)-marquee.png</marquee>
		<thumbnail>./images/Bully (USA)-thumb.png</thumbnail>
		<rating>0.9</rating>
		<releasedate>20061017T000000</releasedate>
		<developer>Rockstar Games</developer>
		<publisher>Rockstar Games</publisher>
		<genre>Acción</genre>
		<lang>en</lang>
		<region>us</region>
	</game>
	<game>
		<path>./Final Fantasy X (Spain).iso</path>
		<name>Final Fantasy X</name>
		<desc>"Listen to my story, this may be our last chance" ("Escucha mi historia, ésta podría ser nuestra última oportunidad")

-Tidus, al comienzo de juego.

Tidus es un joven, estrella del Blitzball, que juega en los Zanarkand Abes (el equipo de su ciudad). Un día, durante un partido, un extraño ser llamado Sinh ataca de improviso la ciudad. Auron, un misterioso conocido de la familia de Tidus, le ayuda a escapar introduciéndose en la esfera que había originado la devastación. Tidus despierta en un lugar desconocido para él. Cansado y hambriento busca refugio dentro de unas ruinas, donde es atacado por una bestia salvaje. En el calor de la batalla, es auxiliado por una misteriosa muchacha llamada Rikku, que aparece de improviso. Ella lo lleva consigo y le da de comer. Después le explica que Zanarkand fue destruida 1000 años atrás y que todo lo que Tidus parece saber, creer o conocer carece de lógica.</desc>
		<image>./images/Final Fantasy X (Spain)-image.png</image>
		<marquee>./images/Final Fantasy X (Spain)-marquee.png</marquee>
		<thumbnail>./images/Final Fantasy X (Spain)-thumb.png</thumbnail>
		<rating>0.9</rating>
		<releasedate>20011217T000000</releasedate>
		<developer>Sony</developer>
		<publisher>Square Enix</publisher>
		<genre>Juegos de rol</genre>
		<lang>es</lang>
		<region>eu</region>
	</game>
	<game>
		<path>./Final Fantasy XII (Spain).iso</path>
		<name>Final Fantasy XII</name>
		<desc>The game takes place in the fictional location of Ivalice, where the empires of Archadia and Rozarria are waging an endless war. Dalmasca, a small kingdom, is caught between the warring nations. When Dalmasca becomes annexed by Archadia, its princess, Ashe, creates a resistance movement. During the struggle, she meets Vaan, a young adventurer who dreams of commanding an airship. They are quickly joined by a band of allies; together, they rally against the tyranny of the Archadian Empire.</desc>
		<image>./images/Final Fantasy XII (Spain)-image.png</image>
		<marquee>./images/Final Fantasy XII (Spain)-marquee.png</marquee>
		<thumbnail>./images/Final Fantasy XII (Spain)-thumb.png</thumbnail>
		<rating>0.85</rating>
		<releasedate>20061031T000000</releasedate>
		<developer>Square Enix</developer>
		<publisher>Square Enix</publisher>
		<genre>Juegos de rol</genre>
		<lang>es</lang>
		<region>eu</region>
	</game>
	<game>
		<path>./God of War II (Europe, Australia) (En,Fr,De,Es,It,Ru).iso</path>
		<name>God of War II</name>
		<desc>Tras derrocar a Ares, Kratos ocupa su puesto como nuevo dios de la guerra, pero sigue sin encontrar alivio ante el pasado que lo atormenta. Dejando su trono en el Monte Olimpo, Kratos lucha en una batalla tras otra, decidido a alterar lo que ningún dios ni mortal ha cambiado jamás: su propio destino infernal. God of War II continúa la odisea de un modo impresionante cuando Kratos viaja a los confines de la Tierra, encontrándose con Atlas, Ícaro, Pegaso y muchos otros personajes del fascinante mundo de la mitología griega.</desc>
		<image>./images/God of War II (Europe, Australia) (En,Fr,De,Es,It,Ru)-image.png</image>
		<marquee>./images/God of War II (Europe, Australia) (En,Fr,De,Es,It,Ru)-marquee.png</marquee>
		<thumbnail>./images/God of War II (Europe, Australia) (En,Fr,De,Es,It,Ru)-thumb.png</thumbnail>
		<rating>0.9</rating>
		<releasedate>20070313T000000</releasedate>
		<developer>SCE Santa Monica Studio</developer>
		<publisher>Sony</publisher>
		<genre>Beat'em Up</genre>
		<lang>de,en,es,fr,ru,it</lang>
		<region>ru</region>
	</game>
	<game>
		<path>./Gran Turismo 3 - A-spec (Europe) (En,Fr,De,Es,It).iso</path>
		<name>Gran Turismo 2000</name>
		<desc>Gran Turismo 3 fue el primero de la serie para la Playstation 2, se mejoraron notoriamente los gráficos y el sistema de juego.
Una nueva característica fueron los cambios de aceite. Según la distancia recorrida, el desempeño del motor se degradaba gradualmente hasta que una luz en el velocímetro anunciaba que se necesitaba un cambio de aceite.El modo Gran Turismo, tuvo una interfaz reorganizada, con una mayor estructura y ordenamiento de las carreras y retos. En adición, las tiendas de vehículos fueron organizadas por país y luego por fabricante, que era más intuitivo que el método usado en GT2.</desc>
		<image>./images/Gran Turismo 3 - A-spec (Europe) (En,Fr,De,Es,It)-image.png</image>
		<marquee>./images/Gran Turismo 3 - A-spec (Europe) (En,Fr,De,Es,It)-marquee.png</marquee>
		<thumbnail>./images/Gran Turismo 3 - A-spec (Europe) (En,Fr,De,Es,It)-thumb.png</thumbnail>
		<rating>0.85</rating>
		<releasedate>20010709T000000</releasedate>
		<developer>Polyphony Digital</developer>
		<publisher>Sony</publisher>
		<genre>Simulación</genre>
		<players>2</players>
		<lang>de,en,es,fr,it</lang>
		<region>eu</region>
	</game>
	<game>
		<path>./Gran Turismo 4 (Europe, Australia) (En,Fr,De,Es,It).iso</path>
		<name>Gran Turismo 4</name>
		<desc>Gran Turismo 4 continúa los pasos de sus predecesores para llegar a Playstation 2 de forma mejorada y ampliada en la cuarta entrega de la saga de conducción más famosa. Con muchos más coches y posibilidades, ahora podrás visitar a los principales distribuidores del mundo, tiendas de coches antiguos e incluso de tuning. Y para competir, elige entre pabellones gigantescos o los campos de los suburbios y corre en uno de sus 721 autos de 80 fabricantes.</desc>
		<image>./images/Gran Turismo 4 (Europe, Australia) (En,Fr,De,Es,It)-image.png</image>
		<marquee>./images/Gran Turismo 4 (Europe, Australia) (En,Fr,De,Es,It)-marquee.png</marquee>
		<thumbnail>./images/Gran Turismo 4 (Europe, Australia) (En,Fr,De,Es,It)-thumb.png</thumbnail>
		<rating>0.9</rating>
		<releasedate>20050222T000000</releasedate>
		<developer>Sony</developer>
		<publisher>Polyphony Digital</publisher>
		<genre>Carreras, Conducción</genre>
		<players>2</players>
		<lang>de,en,es,fr,it</lang>
		<region>eu</region>
	</game>
	<game>
		<path>./Jak and Daxter - The Precursor Legacy (Europe) (En,Ja,Fr,De,Es,It).iso</path>
		<name>Jak and Daxter: The Precursor Legacy</name>
		<desc>Jak es un hombre con una misión. Daxter no es un hombre, pero también tiene una misión. El objetivo es encontrar una cura para conseguir que Daxter deje de ser una bola de pelo con tres dedos en cada pata y vuelva a su glorioso ser. Pero, hay un problema, tendran que derrotar a las fuerzas de la oscuridad, hordas de Lurkers, trampas muy peligrosas y tiburones hambrientos para lograr su misión. En este juego el dúo más dinámico emprenderá una aventura de película a través de tierras ignotas, sin saber que han tomado una decisión que les cambiará la vida para siempre.</desc>
		<image>./images/Jak and Daxter - The Precursor Legacy (Europe) (En,Ja,Fr,De,Es,It)-image.png</image>
		<marquee>./images/Jak and Daxter - The Precursor Legacy (Europe) (En,Ja,Fr,De,Es,It)-marquee.png</marquee>
		<thumbnail>./images/Jak and Daxter - The Precursor Legacy (Europe) (En,Ja,Fr,De,Es,It)-thumb.png</thumbnail>
		<rating>0.9</rating>
		<releasedate>20011204T000000</releasedate>
		<developer>Naughty Dog</developer>
		<publisher>Sony Computer Entertainment</publisher>
		<genre>Acción</genre>
		<lang>de,en,jp,es,fr,it</lang>
		<region>eu</region>
	</game>
	<game>
		<path>./Metal Gear Solid 3 - Snake Eater (Spain).iso</path>
		<name>Metal Gear Solid 3 : Snake Eater</name>
		<desc>El futuro de la humanidad se encuentra amenazado por naciones rivales que están desarrollando armas secretas de destrucción. Mientras tanto, un soldado de élite se infiltra en la densidad de la jungla, haciendo alarde de sus habilidades de camuflaje y supervivencia para evitar que una de estas armas de destrucción masiva desencadene la mayor guerra mundial que se haya podido jamas imaginar. Sitúate cerca de las lineas enemigas en esta fascinante historia de guerra, amor y paz, del aclamado director Hideo Kojima.</desc>
		<image>./images/Metal Gear Solid 3 - Snake Eater (Spain)-image.png</image>
		<marquee>./images/Metal Gear Solid 3 - Snake Eater (Spain)-marquee.png</marquee>
		<thumbnail>./images/Metal Gear Solid 3 - Snake Eater (Spain)-thumb.png</thumbnail>
		<rating>0.95</rating>
		<releasedate>20041117T000000</releasedate>
		<developer>Konami</developer>
		<publisher>Konami</publisher>
		<genre>Acción</genre>
		<lang>es</lang>
		<region>eu</region>
	</game>
	<game>
		<path>./Pro Evolution Soccer 2014 (Europe).iso</path>
		<name>Pro Evolution Soccer 2014</name>
		<desc>PES 2014 marcará un nuevo comienzo para esta serie tan popular con un motor gráfico totalmente nuevo que permite el avance más completo para la serie PES desde su creación.

Basado en seis normas fundacionales, el nuevo sistema ha permitido que se rediseñen todos y cada uno de los aspectos de PES 2014, deshaciéndose así de las limitaciones anteriores y permitiendo que el equipo PES Productions produzca un juego mucho más cerca de su visión de recrear la emoción y la variedad de un partido de fútbol de alto nivel. El tema central de la fluidez se basa en el movimiento constante de los jugadores y los intercambios de posiciones, lo que caracteriza el nuevo enfoque moderno del fútbol. PES Productions ha prestado atención a cómo fluctúan los partidos, con la individualidad del jugador como clave para el éxito de un equipo así como tácticas que ayudan a los equipos que tienen las de perder a producir tácticas bien entrenadas.</desc>
		<image>./images/Pro Evolution Soccer 2014 (Europe)-image.png</image>
		<marquee>./images/Pro Evolution Soccer 2014 (Europe)-marquee.png</marquee>
		<thumbnail>./images/Pro Evolution Soccer 2014 (Europe)-thumb.png</thumbnail>
		<rating>0.75</rating>
		<releasedate>20131107T000000</releasedate>
		<developer>PES Productions</developer>
		<publisher>Konami</publisher>
		<genre>Deportes</genre>
		<players>24</players>
		<lang>en</lang>
		<region>eu</region>
	</game>
	<game>
		<path>./Ratchet &amp; Clank (Europe) (En,Fr,De,Es,It) (v2.00).iso</path>
		<name>Ratchet &amp; Clank</name>
		<desc>Ratchet &amp; Clank is a platform/adventure game in a similar vein to the 3D versions of the Rayman, Sonic, Mario, or other games. It involves the two protagonists Ratchet, a furry alien creature, and Clank, a nerdy little robot, going on a quest to find Captain Qwark and ultimately to help save the galaxy.

Ratchet &amp; Clank includes many of the best features of previous similar games, but makes itself unique in a number of ways. Firstly each of the game's levels are huge sweeping vistas with extremely detailed buildings which are visible at all times (i.e. there is no distance fog). This means that a building on the horizon is not just a "backdrop"; in all likelihood Ratchet will be exploring it in a few moments time. Secondly, the game includes a number of sub-games, such as a space fight sequence and a number of turret shoot-outs which are akin to Missile Command in the first person.

The game has over twenty levels (planets) and includes as many real-time cut-scenes which tell the story. Also of note is that the story is non-linear, requiring the player to return to previous levels to complete objectives and to choose between multiple paths forward. There is also a respectable array of weapons, gadgets, and accessories to find or buy as the game progresses, which offer some unique gameplay features.</desc>
		<image>./images/Ratchet &amp; Clank (Europe) (En,Fr,De,Es,It) (v2.00)-image.png</image>
		<marquee>./images/Ratchet &amp; Clank (Europe) (En,Fr,De,Es,It) (v2.00)-marquee.png</marquee>
		<thumbnail>./images/Ratchet &amp; Clank (Europe) (En,Fr,De,Es,It) (v2.00)-thumb.png</thumbnail>
		<rating>0.9</rating>
		<releasedate>20021104T000000</releasedate>
		<developer>Insomniac Games</developer>
		<publisher>Sony Computer Entertainment</publisher>
		<genre>Plataforma</genre>
		<lang>de,en,es,fr,it</lang>
		<region>eu</region>
	</game>
	<game>
		<path>./Ratchet &amp; Clank 2 (Europe, Australia) (En,Fr,De,Es,It).iso</path>
		<name>Ratchet &amp; Clank : Going Commando</name>
		<desc>From the creators of Ratchet &amp; Clank comes the next installment of this sci-fi action adventure series. Ratchet &amp; Clank: Going Commando features more than 50 imaginative weapons and gadgets. The more things you blow up, the stronger Ratchet gets and the more advanced the weapons you'll have. Participate in all-new side challenges; destroy hordes of enemies in gladiator arenas, upgrade your ship and pick off enemies in space combat, and leave competitors to eat your dust in hi-speed challenge. Are you up for it?</desc>
		<image>./images/Ratchet &amp; Clank 2 (Europe, Australia) (En,Fr,De,Es,It)-image.png</image>
		<marquee>./images/Ratchet &amp; Clank 2 (Europe, Australia) (En,Fr,De,Es,It)-marquee.png</marquee>
		<thumbnail>./images/Ratchet &amp; Clank 2 (Europe, Australia) (En,Fr,De,Es,It)-thumb.png</thumbnail>
		<rating>0.9</rating>
		<developer>Sony</developer>
		<publisher>Insomniac Games</publisher>
		<genre>Plataforma</genre>
		<lang>de,en,es,fr,it</lang>
		<region>eu</region>
	</game>
	<game>
		<path>./Ratchet &amp; Clank 3 (Europe, Australia) (En,Fr,De,Es,It).iso</path>
		<name>Ratchet &amp; Clank : Up Your Arsenal</name>
		<desc>Únete a Ratchet y a Clank en su odisea a través de la galaxia para salvar a todos los organismos amantes de la libertad del malvado Dr. Nefarius.
Domina las 15 nuevas armas mejorables, ajusta cuentas online en 10 campos de batalla o vuélvete loco y enfréntate a tus amigos en multijugador local.</desc>
		<image>./images/Ratchet &amp; Clank 3 (Europe, Australia) (En,Fr,De,Es,It)-image.png</image>
		<marquee>./images/Ratchet &amp; Clank 3 (Europe, Australia) (En,Fr,De,Es,It)-marquee.png</marquee>
		<thumbnail>./images/Ratchet &amp; Clank 3 (Europe, Australia) (En,Fr,De,Es,It)-thumb.png</thumbnail>
		<rating>0.9</rating>
		<releasedate>20041109T000000</releasedate>
		<developer>Insomniac Games</developer>
		<publisher>Sony</publisher>
		<genre>Plataforma</genre>
		<players>2-8</players>
		<lang>de,en,es,fr,it</lang>
		<region>eu</region>
	</game>
	<game>
		<path>./Rayman 3 - Hoodlum Havoc (Europe) (En,Fr,De,Es,It).iso</path>
		<name>Rayman 3 : Hoodlum Havoc</name>
		<desc>Ubi Soft's limbless mascot prepares for a new 3D adventure in Rayman 3: Hoodlum Havoc. This time the whimsically animated hero finds himself in a strange world populated by equally bizarre characters. In addition to exploring colorful new environments, players will fight enemies using a redesigned combat system offering a more tactical approach. Creator Michael Ancel provided input during the development process, hoping to continue the success of the award-winning series as it marks its seventh year in the industry.</desc>
		<image>./images/Rayman 3 - Hoodlum Havoc (Europe) (En,Fr,De,Es,It)-image.png</image>
		<marquee>./images/Rayman 3 - Hoodlum Havoc (Europe) (En,Fr,De,Es,It)-marquee.png</marquee>
		<thumbnail>./images/Rayman 3 - Hoodlum Havoc (Europe) (En,Fr,De,Es,It)-thumb.png</thumbnail>
		<rating>0.9</rating>
		<releasedate>20030317T000000</releasedate>
		<developer>Ubisoft</developer>
		<publisher>Ubisoft</publisher>
		<genre>Plataforma</genre>
		<lang>de,en,es,fr,it</lang>
		<region>eu</region>
	</game>
	<game>
		<path>./Devil May Cry (Europe) (En,Fr,De,Es,It).iso</path>
		<name>Devil May Cry</name>
		<desc>Half Man. Half Demon. Pure Vengeance. Legends tell of two millennia ago, in the darkest reaches of Hell, a demon swordsman named Sparda awoke to justice and a rebelled against the devil to wage a one-man war to save the human world from damnation. Now, 2000 years later, a dark figure named Dante finds clues that the Devil is rallying to rise up again against mankind. Who was Sparda and how does Dante fit into this gothic puzzle? Deep within Dante's blood lies the power of ancient demons and the key to defeat the hordes of the dark realm. Somewhere between a man and a demon lies our only chance for salvation. If he succeeds, even the Devil May Cry.</desc>
		<image>./images/Devil May Cry (Europe) (En,Fr,De,Es,It)-image.png</image>
		<marquee>./images/Devil May Cry (Europe) (En,Fr,De,Es,It)-marquee.png</marquee>
		<thumbnail>./images/Devil May Cry (Europe) (En,Fr,De,Es,It)-thumb.png</thumbnail>
		<rating>0.9</rating>
		<releasedate>20060824T000000</releasedate>
		<developer>Capcom</developer>
		<publisher>Capcom</publisher>
		<genre>Shooter</genre>
		<playcount>1</playcount>
		<lastplayed>20210921T170325</lastplayed>
		<gametime>172</gametime>
		<lang>de,en,es,fr,it</lang>
		<region>eu</region>
	</game>
	<game>
		<path>./Shadow of the Colossus (Europe, Australia) (En,Fr,De,Es,It).iso</path>
		<name>Shadow of the Colossus</name>
		<desc>Embárcate en una misión para devolverle la vida a una chica en la que tendrás que derribar a 16 gigantescas bestias. Armado tan solo con tu ingenio, una espada mágica y un arco, recorre vastos paisajes a lomos de tu corcel de confianza y busca cada uno de los colosos. Pero ojo, que cada gigante tiene un punto débil específico, y encontrarlo y explotarlo no será nada fácil. Te espera una emocionante aventura de exploración, plataformas, rompecabezas y acción. Shadow of the Colossus es una aventura épica a una escala totalmente distinta.</desc>
		<image>./images/Shadow of the Colossus (Europe, Australia) (En,Fr,De,Es,It)-image.png</image>
		<marquee>./images/Shadow of the Colossus (Europe, Australia) (En,Fr,De,Es,It)-marquee.png</marquee>
		<thumbnail>./images/Shadow of the Colossus (Europe, Australia) (En,Fr,De,Es,It)-thumb.png</thumbnail>
		<rating>0.9</rating>
		<releasedate>20051018T000000</releasedate>
		<developer>Sony</developer>
		<publisher>Sony</publisher>
		<genre>Beat'em Up</genre>
		<playcount>7</playcount>
		<lastplayed>20211206T002237</lastplayed>
		<gametime>911</gametime>
		<lang>de,en,es,fr,it</lang>
		<region>eu</region>
	</game>
	<game>
		<path>./Burnout 3 - Takedown (Europe, Australia) (En,Es,Nl,Sv).iso</path>
		<name>Burnout 3 : Takedown</name>
		<desc>Burnout 3: Takedown es un videojuego de carreras desarrollado por Criterion Studios y distribuido por Electronic Arts que salió a la venta el 18 de septiembre de 2004 para las plataformas Xbox y PlayStation 2. Es la tercera entrega de la saga Burnout, y la primera en ser distribuida por EA Games tras el cierre de Acclaim, estando este más cuidado en cuanto a gráficos y sonido. Burnout otorga un garage con 65 automóviles que se desbloquean realizando carreras ilegales en calles que simulan ciudades reales, plagadas de tráfico con el que el jugador puede chocar.</desc>
		<image>./images/Burnout 3 - Takedown (Europe, Australia) (En,Es,Nl,Sv)-image.png</image>
		<marquee>./images/Burnout 3 - Takedown (Europe, Australia) (En,Es,Nl,Sv)-marquee.png</marquee>
		<thumbnail>./images/Burnout 3 - Takedown (Europe, Australia) (En,Es,Nl,Sv)-thumb.png</thumbnail>
		<rating>0.9</rating>
		<releasedate>20040907T000000</releasedate>
		<developer>Criterion Studios</developer>
		<publisher>Electronic Arts</publisher>
		<genre>Carreras, Conducción</genre>
		<players>2-8</players>
		<playcount>2</playcount>
		<lastplayed>20220103T201857</lastplayed>
		<gametime>280</gametime>
		<lang>en,es,nl</lang>
		<region>eu</region>
	</game>
	<game>
		<path>./FIFA 14 (Europe) (En,Es,Pt,Pl).iso</path>
		<name>Fifa 14</name>
		<desc>Fuelled by EA SPORTS IGNITE, FIFA 14 will feel alive with players who think, move, and behave like world-class footballers, and dynamic stadiums that come to life. Players have four times the decision making ability and feel alive with human-like reactions, anticipation, and instincts. With 10 times more animation depth and detail than previous consoles, FIFA 14 delivers the dynamic movements and biomechanics of the worlds best footballers. Players are agile and athletic as they plant, pivot and cut, and explode out of each step. The increased fidelity has a game-changing effect on gameplay. Plus, the artistry and athleticism of footballers will come to life with the addition of hundreds of new types of skills and hundreds of new behaviors. And for the first time ever, fans will feel the electricity of a living stadium as the emotions of new 3D crowds rise and fall around the stories on the pitch.</desc>
		<image>./images/FIFA 14 (Europe) (En,Es,Pt,Pl)-image.png</image>
		<marquee>./images/FIFA 14 (Europe) (En,Es,Pt,Pl)-marquee.png</marquee>
		<thumbnail>./images/FIFA 14 (Europe) (En,Es,Pt,Pl)-thumb.png</thumbnail>
		<rating>0.6</rating>
		<developer>Electronic Arts</developer>
		<publisher>EA Sports</publisher>
		<genre>Deportes</genre>
		<playcount>6</playcount>
		<lastplayed>20220322T164049</lastplayed>
		<gametime>1776</gametime>
		<lang>en,pt,es</lang>
		<region>eu</region>
	</game>
	<game>
		<path>./Maximo - Ghosts to Glory (Europe) (En,Fr,De,Es,It).iso</path>
		<name>Maximo : Ghosts to Glory</name>
		<desc>The game is based in the Ghosts'n Goblins universe and features original character designs by Japanese illustrator Susumu Matsushita.

The character is controlled by the player and can move freely within areas by running, jumping, crouching, and performing other various motions. Gameplay revolves around defeating large numbers of enemies, which can be accomplished by attacking with a sword and shield and combos and special moves. Maximo fights wearing armor, if he is hit, he will lose corresponding pieces of armor and eventually be reduced to wearing his boxer shorts, with another hit resulting in him losing a life. If Maximo loses all his lives, he can continue by giving Death Coins to the Grim Reaper. However, every time he loses all his lives, the required cost for a continue increases.</desc>
		<image>./images/Maximo - Ghosts to Glory (Europe) (En,Fr,De,Es,It)-image.png</image>
		<marquee>./images/Maximo - Ghosts to Glory (Europe) (En,Fr,De,Es,It)-marquee.png</marquee>
		<thumbnail>./images/Maximo - Ghosts to Glory (Europe) (En,Fr,De,Es,It)-thumb.png</thumbnail>
		<rating>0.75</rating>
		<releasedate>20020213T000000</releasedate>
		<developer>Capcom</developer>
		<publisher>Capcom</publisher>
		<genre>Plataforma</genre>
		<playcount>2</playcount>
		<lastplayed>20220322T160635</lastplayed>
		<gametime>1732</gametime>
		<lang>de,en,es,fr,it</lang>
		<region>eu</region>
	</game>
	<game>
		<path>./DragonBall Z - Budokai Tenkaichi 3 (Europe, Australia) (En,Ja,Fr,De,Es,It).iso</path>
		<name>Dragon Ball Z : Budokai Tenkaichi 3</name>
		<desc>Budokai Tenkaichi 3 es un juego de lucha 1vs1 basado en el anime / manga Dragon Ball de Akira Toriyama. Incluye las batallas apocalípticas y la esencia de la serie Dragon Ball que sigue la historia principal del popular manga. Al igual que en los juegos anteriores de la serie, tendrás que seleccionar tu personaje (más de 162 personajes con sus propios movimientos y combos) y luchar contra un amigo o la computadora en muchos modos de juego diferentes con diferentes etapas y condiciones climáticas / temporales .</desc>
		<image>./images/DragonBall Z - Budokai Tenkaichi 3 (Europe, Australia) (En,Ja,Fr,De,Es,It)-image.png</image>
		<marquee>./images/DragonBall Z - Budokai Tenkaichi 3 (Europe, Australia) (En,Ja,Fr,De,Es,It)-marquee.png</marquee>
		<thumbnail>./images/DragonBall Z - Budokai Tenkaichi 3 (Europe, Australia) (En,Ja,Fr,De,Es,It)-thumb.png</thumbnail>
		<rating>0.9</rating>
		<releasedate>20071004T000000</releasedate>
		<developer>Spike Co</developer>
		<publisher>Atari</publisher>
		<genre>Acción</genre>
		<players>2</players>
		<playcount>25</playcount>
		<lastplayed>20220729T124511</lastplayed>
		<gametime>518</gametime>
		<lang>de,en,jp,es,fr,it</lang>
		<region>eu</region>
	</game>
	<game>
		<path>./God of War (Europe, Australia) (En,Fr,De,Es,It).iso</path>
		<name>God of War</name>
		<desc>Conviértete en Kratos y sacia tu sed de venganza luchando contra las criaturas y los dioses más temibles de la mitología griega. 

God of War, es un apasionante juego de acción y aventuras basado en el oscuro y fantástico mundo de la mitología griega. En él encarnarás a Kratos, un poderoso guerrero espartano empeñado en destruir a Ares, el dios de la guerra, y masacrar de paso a algunas de las más legendarias y colosales criaturas de la historia. Armado con las aterradoras "Blades of Chaos", dos espadas unidas a su cuerpo por largas cadenas, y varios dones otorgados por los dioses, el despiadado Kratos no dudará en eliminar a todo aquel, o aquello, que se interponga en su camino.</desc>
		<image>./images/God of War (Europe, Australia) (En,Fr,De,Es,It)-image.png</image>
		<marquee>./images/God of War (Europe, Australia) (En,Fr,De,Es,It)-marquee.png</marquee>
		<thumbnail>./images/God of War (Europe, Australia) (En,Fr,De,Es,It)-thumb.png</thumbnail>
		<rating>0.9</rating>
		<releasedate>20050322T000000</releasedate>
		<developer>SCE Santa Monica Studio</developer>
		<publisher>Sony</publisher>
		<genre>Plataforma</genre>
		<playcount>7</playcount>
		<lastplayed>20220808T164441</lastplayed>
		<gametime>2899</gametime>
		<lang>de,en,es,fr,it</lang>
		<region>eu</region>
	</game>
</gameList>
