<?xml version="1.0"?>
<gameList>
	<provider>
		<System>PC Engine SuperGrafx</System>
		<software>Skraper</software>
		<database>ScreenScraper.fr</database>
		<web>http://www.screenscraper.fr</web>
	</provider>
	<game id="59380" source="ScreenScraper.fr">
		<path>./1941 - Counter Attack (Japan).zip</path>
		<name>1941 : Counter Attack</name>
		<desc>The goal is to shoot down enemy airplanes and collect weapon power-ups (POW). The game uses a vitality system instead of life system in which if the player is hit, it loses one point of vitality and the player is destroyed if hit with 0 vitality then the player is given the option to continue. Lightning attacks can be used by pressing the B button which sacrifices a portion of life energy. One is only able to perform three loops per level and a bonus is awarded at the end of the level for unused loops. Player 1 uses a P-38 Lightning and Player 2 uses a new plane: Mosquito Mk IV. The game shifts from the original Pacific Front setting with that of the Western Front, in the north Atlantic Ocean.

The game consists of six levels: North Atlantic Ocean Sky, European Sea Port, V3 Rocket Site, Brandenburg Gate, Open Plains and The Enemy Base. There are 6 bosses:Leviathan, German battleship Bismarck, V3 Rocket, Krote, Super Leviathan and Gotha (Horten Ho 229). Also, there are common enemies like: Ju 87 Stuka, Bf 110, Me 262 Schwalbe, Focke-Achgelis Fa 223, Sdkfz 251, Flak 88, Tiger I and U-boat.</desc>
		<rating>0</rating>
		<releasedate>19910823T000000</releasedate>
		<developer>Capcom</developer>
		<publisher>Capcom</publisher>
		<genre>Shoot'em Up</genre>
		<players>1-2</players>
		<image>./downloaded_images/1941 - Counter Attack (Japan).png</image>
		<marquee />
		<video />
		<hidden>false</hidden>
		<favorite>false</favorite>
	</game>
	<game id="59382" source="ScreenScraper.fr">
		<path>./Aldynes (Japan).zip</path>
		<name>Aldynes : The Misson Code for Rage Crisis</name>
		<desc>Aldynes, full title Aldynes: The Mission Code for Rage Crisis, is a horizontal scrolling shoot 'em up game developed by Produce and released in July 22, 1991 for the SuperGrafx only for Japan. The game has a unique option-based combat and features levels with large scaling effects or parallax scrolling effects.

Nearing the year 2020, the societies of mankind fall into global depression just as an alien invasion suddenly comes down on Earth; coming from a large mechanical planetoid, the aliens attack the Earth without reason or communication. With all defenses annihilated, the United Nations corresponds with NASA to make a powerful space fighter known as The Ortega under project name Aldynes. During that time, a particular space fighter pilot - known only by his call sign Fox-A - was killed in action; his bereaved girlfriend Hiroko soon discovered Project Aldynes and its near complete fighter. As the invaders attack the air force housing Project Aldynes, she hijacks one of the ships and throws herself into battle in hopes of getting her revenge.</desc>
		<rating>0</rating>
		<releasedate>19910222T000000</releasedate>
		<developer>Produce Co., Ltd.</developer>
		<publisher>Hudson</publisher>
		<genre>Shoot'em Up-Shoot'em up / Horizontal</genre>
		<players>1</players>
		<image>./downloaded_images/Aldynes (Japan).png</image>
		<marquee />
		<video />
		<hidden>false</hidden>
		<favorite>false</favorite>
	</game>
	<game id="59383" source="ScreenScraper.fr">
		<path>./Battle Ace (Japan).zip</path>
		<name>Battle Ace</name>
		<desc>Battle Ace is an action-oriented flight game in a first-person perspective. The player mans a space ship, including a radar which shows enemies, and the goal is to reach the end of each level where an end boss waits. As usually, the main occupation is to blast a lot of aliens which approach the player. The available weapons are bombs and a machine gun, both unlimited. Getting hit is a bad idea because it results in death. The player has three lives which can be raised by scoring 20000 points.</desc>
		<rating>0.65</rating>
		<releasedate>19891130T000000</releasedate>
		<developer>Hudson</developer>
		<publisher>Hudson</publisher>
		<genre>Shoot'em Up</genre>
		<players>1</players>
		<image>./downloaded_images/Battle Ace (Japan).png</image>
		<marquee />
		<video />
		<hidden>false</hidden>
		<favorite>false</favorite>
	</game>
	<game id="59384" source="ScreenScraper.fr">
		<path>./Daimakai Mura (Japan).zip</path>
		<name>Dai-Makaimura</name>
		<desc>The time is yesteryear, when knights scoured the countryside in search of the Holy Grail, defended the honor of fair maidens and fought a never-ending battle against rampant evil forces. Thrown into this mayhem, is the courageous Sir Arthur. A victorious knight with the awesome task of penetrating the Demon's Castle to pulverize the Prince of Darkness. Can he do it? It's up to you. You'll dangerously travel through the Place of Execution, the Village of Decay, the Town of Fire, and the Crystal Forest with an arsenal of weapons at your side. And when you're really down on your luck, magic fights might with powerful results. The only problem? You'll have to learn how to use it. And avoid it. Because their magic has the power to change you into a helpless duck among other things. But there's not much time. Lives depend on you. So brandish your sword and make mincemeat of your foes.</desc>
		<rating>0.7</rating>
		<releasedate>19900727T000000</releasedate>
		<developer>Capcom</developer>
		<publisher>NEC Corporation</publisher>
		<genre>Action-Platform</genre>
		<players>1-2</players>
		<image>./downloaded_images/Daimakai Mura (Japan).png</image>
		<marquee />
		<video />
		<hidden>false</hidden>
		<favorite>false</favorite>
	</game>
	<game id="59385" source="ScreenScraper.fr">
		<path>./Madou Ou Granzort (Japan).zip</path>
		<name>Madou King Granzort</name>
		<desc>In 2050, after a great earthquake, the Moon got an atmosphere and conditions for normal human life. 50 years later, the Moon is inhabited by humans and a great tourist attraction. A boy called Daichi arrives on the Moon and hears the strange stories about people with rabbit ears. Soon he meets V-Mei, an old witch and her granddaughter Guri Guri, the members of the Long-Ears race which is in war with the evil Jadou Clan who wants to conquer the world. Sensing a power in the boy, V-Mei gives the magic gun to Daichi and reveals to him that he is the chosen Madou Warrior who will save the Long-Ears race and their land Rabiluna from the evil Jadou Clan. With the magic gun, Daichi can summon Granzort ? the Madou King of Earth ? a giant robot to fight against the monsters of the Jadou Clan.

Soon, Daichi, V-Mei and Guri Guri meet two other boys ? Gus and Rabi. Gus receives a magic bow that summons Winzart ? the Madou King of Wind, while Rabi receives a magic top that summons Aquabeat ? the Madou King of Water. Together, Daichi, Gus, Rabi, V-Mei and Guri Guri travel to the world of Rabiluna in order to free it from the Jadou Clan.</desc>
		<rating>0.85</rating>
		<releasedate>19900406T000000</releasedate>
		<developer>Sunrise Software</developer>
		<publisher>Hudson</publisher>
		<genre>Platform-Action</genre>
		<players>1</players>
		<image>./downloaded_images/Madou Ou Granzort (Japan).png</image>
		<marquee />
		<video />
		<hidden>false</hidden>
		<favorite>false</favorite>
	</game>
	<game id="59382">
		<path>./Aldynes - The Misson Code for Rage Crisis (Japan).pce</path>
		<name>Aldynes : The Misson Code for Rage Crisis</name>
		<desc>La galaxia es invadida por malvados extraterrestres y tú y tu dispositivo, los Aldynes, representáis la única esperanza de la humanidad. Por lo tanto, será necesario abrirse camino a través de varios niveles enemigos que te disparan rápidamente. Tendrás la oportunidad de usar varias armas (lamentablemente pocas) para llevar a cabo tu misión. También tendrás pods (hasta 4) para aumentar tu poder. Pueden permanecer cerca de ti, protegiéndote parcialmente contra ataques enemigos, o moverse libremente por la pantalla, en cuyo caso atacarán a cualquier oponente que se encuentre cerca de ellos.</desc>
		<image>./images/Aldynes - The Misson Code for Rage Crisis (Japan)-image.png</image>
		<marquee>./images/Aldynes - The Misson Code for Rage Crisis (Japan)-marquee.png</marquee>
		<thumbnail>./images/Aldynes - The Misson Code for Rage Crisis (Japan)-thumb.png</thumbnail>
		<rating>0.65</rating>
		<releasedate>19910222T000000</releasedate>
		<developer>Produce Co., Ltd.</developer>
		<publisher>Hudson</publisher>
		<genre>Shoot'em Up / Horizontal</genre>
		<players>1-2</players>
		<md5>8ce21667658ef9c025ad007f65147c6d</md5>
		<lang>jp</lang>
		<region>jp</region>
	</game>
	<game id="59383">
		<path>./Battle Ace (Japan).pce</path>
		<name>Battle Ace</name>
		<desc>Battle Ace es un juego de vuelo orientado a la acción en una perspectiva en primera persona. El jugador pilota una nave espacial, incluyendo un radar que muestra enemigos, y el objetivo es llegar al final de cada nivel donde espera un jefe final. Como de costumbre, la misión principal es aniquilar a una gran cantidad de enemigos que se acercan al jugador. Las armas disponibles son las bombas y una ametralladora, ambas ilimitadas. Ser golpeado es una mala idea porque resulta en la muerte. El jugador tiene tres vidas que pueden ser a,aliadas al anotar 20000 puntos.</desc>
		<image>./images/Battle Ace (Japan)-image.png</image>
		<marquee>./images/Battle Ace (Japan)-marquee.png</marquee>
		<thumbnail>./images/Battle Ace (Japan)-thumb.png</thumbnail>
		<rating>0.65</rating>
		<releasedate>19891130T000000</releasedate>
		<developer>Hudson</developer>
		<publisher>Hudson</publisher>
		<genre>Shoot'em Up</genre>
		<players>1</players>
		<md5>fc0053c0c050353b87886b1b89349168</md5>
		<lang>jp</lang>
		<region>jp</region>
	</game>
	<game id="129653">
		<path>./Daimakai Mura (Japan).pce</path>
		<name>Dai-Makaimura</name>
		<desc>Cuando los caballeros recorrieron el campo en busca del Santo Grial, defendieron el honor de las doncellas y libraron una batalla interminable contra las fuerzas del mal. Arrojado en este caos, eres el valiente Sir Arthur. Un caballero victorioso con la asombrosa misión de penetrar en el Castillo del Demonio para pulverizar al Príncipe de la Oscuridad. ¿Puedrás hacerlo? Depende de ti. Estarás en el Pueblo de Decay, el Pueblo de Fuego y el Bosque de Cristal con un arsenal de armas a tu lado. Y cuando realmente estás de suerte, las artes mágicas pueden tener resultados poderosos. ¿El único problema? Tendrás que aprender a usarlo, y evitarlo, Porque tu magia tiene el poder de convertirte en un pato indefenso, entre otras cosas. Pero no hay mucho tiempo. Las vidas dependen de ti. Así que blande tu espada y haz carne picada de tus enemigos.</desc>
		<image>./images/Daimakai Mura (Japan)-image.png</image>
		<marquee>./images/Daimakai Mura (Japan)-marquee.png</marquee>
		<thumbnail>./images/Daimakai Mura (Japan)-thumb.png</thumbnail>
		<rating>0.7</rating>
		<releasedate>19900727T000000</releasedate>
		<developer>Capcom</developer>
		<publisher>NEC</publisher>
		<genre>Acción</genre>
		<family>Ghost'n Goblins</family>
		<players>1</players>
		<md5>6d9ff6f70608166c88fd2553d44ca17a</md5>
		<lang>jp</lang>
		<region>jp</region>
	</game>
	<game id="59385">
		<path>./Madou King Granzort (Japan).pce</path>
		<name>Madou King Granzort</name>
		<desc>¨Madou King Granzort¨ está basado en el anime del mismo nombre. La historia tiene lugar en un contexto de ciencia-ficción en el que a unos niños se les da poderes especiales para salvar al mundo del malvado clan Jadou. Para ser más exactos, pueden convocar a tres criaturas de gran poder: Los reyes Madou de la tierra, el agua y el viento. El jugador toma el papel de estos reyes, para derrotar al clan Jadou. 

El jugador tiene que encontrar el camino a través de los niveles, mientras que resuelve los desafíos de plataformas básicos y una gran cantidad de combates, ya sea con una espada o disparando. El jugador puede cambiar entre los reyes Madou que tienen capacidades diferentes. Es importante vigilar la barra de energía y el límite de tiempo: el resultado de que se acabe cualquiera de estos es la pérdida de una vida.</desc>
		<image>./images/Madou King Granzort (Japan)-image.png</image>
		<marquee>./images/Madou King Granzort (Japan)-marquee.png</marquee>
		<thumbnail>./images/Madou King Granzort (Japan)-thumb.png</thumbnail>
		<rating>0.85</rating>
		<releasedate>19900406T000000</releasedate>
		<developer>Sunrise Software</developer>
		<publisher>Hudson</publisher>
		<genre>Plataforma</genre>
		<players>1</players>
		<md5>7e1e489c50fc6213196e6dbb704f6671</md5>
		<lang>jp</lang>
		<region>jp</region>
	</game>
	<game id="59380">
		<path>./1941 - Counter Attack (Japan).pce</path>
		<name>1941 : Counter Attack</name>
		<desc>Tercer episodio de la famosa serie de 19XX de Capcom, NEC Supergrafx tuvo el privilegio de recibir la adaptación de 1941. A lo largo de los seis niveles de este juego, lucharemos contra aviones, tanques , barcos, la variedad de enemigos nunca ha sido el fuerte del 19XX pero es parte de su encanto. Cruzamos escenarios muy variados como el campo (¿Normandía?), El mar e incluso una ciudad.</desc>
		<image>./images/1941 - Counter Attack (Japan)-image.png</image>
		<marquee>./images/1941 - Counter Attack (Japan)-marquee.png</marquee>
		<thumbnail>./images/1941 - Counter Attack (Japan)-thumb.png</thumbnail>
		<rating>0.75</rating>
		<releasedate>19910823T000000</releasedate>
		<developer>Capcom</developer>
		<publisher>Capcom</publisher>
		<genre>Shoot'em Up</genre>
		<family>19XX</family>
		<players>2</players>
		<playcount>1</playcount>
		<lastplayed>20220729T012027</lastplayed>
		<md5>30686dba4795521174658de2492e0046</md5>
		<lang>jp</lang>
		<region>jp</region>
	</game>
</gameList>
