<?xml version="1.0"?>
<gameList>
	<game>
		<path>./Mario Party 5 (Europe) (En,Fr,De,Es,It).iso</path>
		<name>Mario Party 5</name>
		<desc>Mario y todos sus mejores amigos están intentando que la paz vuelva a Dream World y por eso se han inventado un montón de juegos de mesa... ¡La diversión está asegurada! Esta última edición incluye nuevos tableros, más de 60 minijuegos, nuevos personajes y un modo para un solo jugador más grande todavía... Y por su puesto, toda la locura del modo multijugador que ya le hiciera famoso. Con esta continuación, ¡Mario Party sigue siendo el rey de la diversión!

En resumen: Mueve bien las piezas en el tablero virtual y sé el amo de la competición consiguiendo más estrellas que nadie. Compite en los tableros nuevos, en los tradicionales y en los minijuegos todos-contra-Bowser. Pásatelo en grande con los personajes ya clásicos de la serie Mario o escoge algunos que hacen su debut por vez primera. Observa todo el tablero a la vez o juega más rápido con los nuevos mapas tridimensionales. Compite contra la Koopa Kid Brigade, un trío de Koopa Kids que tiran a la vez para que la acción sea aún más rápida y los demás jugadores no tengan que esperar tanto a que les llegue su turno.

Gana monedas en los minijuegos y coge las estrellas que aparezcan de forma aleatoria en los tableros. Gana el que consiga más estrellas y monedas. Sé el mejor en todos los tableros ¡y te harás el juego entero!</desc>
		<image>./images/Mario Party 5 (Europe) (En,Fr,De,Es,It)-image.png</image>
		<marquee>./images/Mario Party 5 (Europe) (En,Fr,De,Es,It)-marquee.png</marquee>
		<thumbnail>./images/Mario Party 5 (Europe) (En,Fr,De,Es,It)-thumb.png</thumbnail>
		<rating>0.7</rating>
		<releasedate>20031110T000000</releasedate>
		<developer>Hudson</developer>
		<publisher>Nintendo</publisher>
		<genre>Juegos de mesa</genre>
		<players>4</players>
		<lang>de,en,es,fr,it</lang>
		<region>eu</region>
	</game>
	<game>
		<path>./Mario Party 6 (Europe) (En,Fr,De,Es,It).iso</path>
		<name>Mario Party 6</name>
		<desc>Mario, Luigi y el resto de la panda regresan a tu Nintendo GameCube... y esta vez vuelven con más ganas de fiesta que nunca. Esta última entrega de la festiva serie incluye 75 nuevos minijuegos, cinco nuevos tableros multijugador, tres para jugar en solitario y, la estrella del jolgorio... un micrófono para tu Nintendo GameCube, básico para muchos de esos minijuegos. Los tableros y juegos variarán dependiendo de la hora que sea, gracias al nuevo sistema de día y noche, y el tiempo entre turnos se ha acortado para aumentar la velocidad del juego.</desc>
		<image>./images/Mario Party 6 (Europe) (En,Fr,De,Es,It)-image.png</image>
		<marquee>./images/Mario Party 6 (Europe) (En,Fr,De,Es,It)-marquee.png</marquee>
		<thumbnail>./images/Mario Party 6 (Europe) (En,Fr,De,Es,It)-thumb.png</thumbnail>
		<rating>0.7</rating>
		<releasedate>20041206T000000</releasedate>
		<developer>Hudson</developer>
		<publisher>Nintendo</publisher>
		<genre>Juegos de mesa</genre>
		<players>4</players>
		<lang>de,en,es,fr,it</lang>
		<region>eu</region>
	</game>
	<game>
		<path>./Mario Power Tennis (Europe) (En,Fr,De,Es,It).iso</path>
		<name>Mario Power Tennis</name>
		<desc>¿Una pista de tenis donde las raquetas se pueden sustituir porenormes martillos y los jugadores necesitan esquivar continuamente amenazadores cocodrilos? ¡Tiene que ser Mario Power Tennis! Y es que a pesar de que su figura no sea la de un deportista de élite, Mario se mueve en una pista de tenis como pez en el agua. Con adversarios como Luigi, Wario o Donkey Kong, toda una galería de diferentes golpes e incluso algunos movimientos especiales para esos momentos en los que hay que matar o morir, ¡seguro que nunca has jugado un partido de tenis tan estrambótico (y divertido...) como éste!</desc>
		<image>./images/Mario Power Tennis (Europe) (En,Fr,De,Es,It)-image.png</image>
		<marquee>./images/Mario Power Tennis (Europe) (En,Fr,De,Es,It)-marquee.png</marquee>
		<thumbnail>./images/Mario Power Tennis (Europe) (En,Fr,De,Es,It)-thumb.png</thumbnail>
		<rating>0.8</rating>
		<releasedate>20041108T000000</releasedate>
		<developer>Camelot Software</developer>
		<publisher>Nintendo</publisher>
		<genre>Acción</genre>
		<players>4</players>
		<lang>de,en,es,fr,it</lang>
		<region>eu</region>
	</game>
	<game>
		<path>./Metroid Prime 2 - Echoes (Europe) (En,Fr,De,Es,It).iso</path>
		<name>Metroid Prime 2 - Echoes</name>
		<desc>¿Estás listo para volver a meterte en el traje de la cazarrecompensas espacial Samus Aran en la secuela del legendario Metroid Prime?

Prepárate a disfrutar del asombroso poderío gráfico y la intensa acción que caracterizaron al anterior título, a medida que guías a Samus a través de bellos y terroríficos mundos nuevos de luces y sombras. Y, por primera vez en la historia de esta serie, hasta cuatro jugadores se podrán enfrentar simultáneamente en escenarios llenos de armas con las que achicharrar a tus rivales. Así es Metroid Prime 2. Prepárate a alucinar.</desc>
		<image>./images/Metroid Prime 2 - Echoes (Europe) (En,Fr,De,Es,It)-image.png</image>
		<marquee>./images/Metroid Prime 2 - Echoes (Europe) (En,Fr,De,Es,It)-marquee.png</marquee>
		<thumbnail>./images/Metroid Prime 2 - Echoes (Europe) (En,Fr,De,Es,It)-thumb.png</thumbnail>
		<rating>0.9</rating>
		<releasedate>20041115T000000</releasedate>
		<developer>Retro Studios</developer>
		<publisher>Nintendo</publisher>
		<genre>Aventura</genre>
		<players>2-4</players>
		<lang>de,en,es,fr,it</lang>
		<region>eu</region>
	</game>
	<game>
		<path>./Pikmin (Europe) (En,Fr,De,Es,It).iso</path>
		<name>Pikmin</name>
		<desc>Directamente desde la mente creadora de Nintendo, Shigeru Miyamoto (el creador de Mario, Zelda, Donkey Kong y más) llega Pikmin, un título con una nueva e ingeniosa forma de juego, perfecto para mostrar el impresionante potencial de Nintendo GameCube. Definido como una "simulación ingeniosa de la vida", Pikmin es un juego de acción y estrategia en el que aparecen los impresionantes entornos inspirados en el jardín del propio Miyamoto en Kyoto, Japón.

Los jugadores controlan a un astronauta llamado Capitán Olimar que ha chocado con su nave en un planeta poco común. El objetivo del juego consiste en ayudar a Olimar a reunir las piezas perdidas de su nave que han quedado esparcidas por todo el planeta. Por suerte para el Capitán Olimar, el planeta está habitado por extrañas criaturitas llamadas Pikmin.

Los Pikmin son formas de vida similares a las plantas, de tres colores: rojo, amarillo y azul. Cada tipo de Pikmin tiene un punto fuerte distinto que Olimar debe aprovechar. Los Pikmin rojos soportan el fuego, los azules pueden sobrevivir en el agua y los amarillos destruyen obstáculos con rocas-bomba. El jugador puede controlar a los brotes Pikmin de forma individual, en grupos o formando una figura grande Pikmin compuesta por 100 criaturas.</desc>
		<image>./images/Pikmin (Europe) (En,Fr,De,Es,It)-image.png</image>
		<marquee>./images/Pikmin (Europe) (En,Fr,De,Es,It)-marquee.png</marquee>
		<thumbnail>./images/Pikmin (Europe) (En,Fr,De,Es,It)-thumb.png</thumbnail>
		<rating>0.8</rating>
		<releasedate>20011202T000000</releasedate>
		<developer>Nintendo</developer>
		<publisher>Nintendo</publisher>
		<genre>Estrategia</genre>
		<lang>de,en,es,fr,it</lang>
		<region>eu</region>
	</game>
	<game id="4790">
		<path>./Rayman 3 - Hoodlum Havoc (Europe) (En,Fr,De,Es,It).iso</path>
		<name>Rayman 3: Hoodlum Havoc</name>
		<desc>Rayman's universe has fallen into a chaotic world of wicked powers, bizarre characters, and merciless combat. When Globox accidentally swallows the Lord of the Dark Lums, a fanatic army of trigger-happy Hoodlums wreaks total havoc to get their Lord back. Rayman's only chance is to purge the Dark Lum Lord from the manic Globox, scour the lands for new powers, and battle with hordes of Hoodlum soldiers. Even without arms or legs, Rayman can still unleash an arsenal of special powers and fighting moves.</desc>
		<image>./images/Rayman 3 - Hoodlum Havoc (Europe) (En,Fr,De,Es,It)-image.png</image>
		<marquee>./images/Rayman 3 - Hoodlum Havoc (Europe) (En,Fr,De,Es,It)-marquee.png</marquee>
		<thumbnail>./images/Rayman 3 - Hoodlum Havoc (Europe) (En,Fr,De,Es,It)-thumb.png</thumbnail>
		<rating>0.9</rating>
		<releasedate>20030302T000000</releasedate>
		<developer>Ubisoft</developer>
		<publisher>Ubisoft</publisher>
		<genre>Plataforma</genre>
		<players>2-4</players>
		<lang>de,en,es,fr,it</lang>
		<region>eu</region>
	</game>
	<game>
		<path>./Resident Evil 2 (Europe) (En,Fr,De,Es,It).iso</path>
		<name>Resident Evil 2</name>
		<desc>A pesar de que Chris Redfield y Jill Valentine fueron capaces de destruir a los no muertos de la corporación Umbrella en el Resident Evil original, los experimentos de Umbrella con el T-virus continuaron sin obstáculos. 
Claire Redfield, la hermana menor de Chris, y Leon Kennedy, un policía novato en su primer día de trabajo, llegan a la tranquila ciudad del medio oeste Raccoon City, solo para descubrir que la ciudad esta en llamas y los habitantes se han transformado en descerebrados monstruos devoradores de carne. 
Aunque Claire y Leon se unen, cada uno esta en una zona de la ciudad por culpa un accidente automovilístico. Al buscar refugio dentro de la estación de policía de Raccoon City, deben encontrar una forma de escapar de la pesadilla mientras resuelven el misterio de lo que le sucedió a Raccoon City.
Remake del juego Resident Evil 2 de Play estation. El Resident Evil 2 para GC es una conversión exacta de la versión americana de "Resident Evil 2 Dual Shock edition" (nunca salió en Europa), que además de incluir la función vibratoria, lleva el gran minijuego EXTREME BATTLE, dónde podremos controlas hasta 4 personajes en 3 niveles de dificultad en la misión de encontrar 4 objectos en la comisaria de la R.P.D.</desc>
		<image>./images/Resident Evil 2 (Europe) (En,Fr,De,Es,It)-image.png</image>
		<marquee>./images/Resident Evil 2 (Europe) (En,Fr,De,Es,It)-marquee.png</marquee>
		<thumbnail>./images/Resident Evil 2 (Europe) (En,Fr,De,Es,It)-thumb.png</thumbnail>
		<rating>0.75</rating>
		<releasedate>20030115T000000</releasedate>
		<developer>Capcom</developer>
		<publisher>Capcom</publisher>
		<genre>Acción</genre>
		<lang>de,en,es,fr,it</lang>
		<region>eu</region>
	</game>
	<game>
		<path>./Resident Evil 3 - Nemesis (Europe) (En,Fr,De,Es,It).iso</path>
		<name>Resident Evil 3: Nemesis</name>
		<desc>La historia se divide en dos mitades; la primera discurre durante las primeras horas del brote del virus T en Raccoon City situándose 24 horas antes de los acontecimientos ocurridos en Resident Evil 2 y la última toma lugar dos días después de dichos sucesos. La protagonista Jill Valentine, quien sobrevivió al desastre viral de la mansión Spencer de la primera entrega, deberá escapar de la ciudad antes de que el gobierno de los Estados Unidos decida erradicarla junto con su población infectada por medio de un misil nuclear, pero lo que no sabe es que la corporación Umbrella ha creado un arma biológica programada especialmente para eliminar a todos los miembros restantes de S.T.A.R.S. Jill deberá sobrevivir de los peligros que le acechan en su próximo escape.
Remake del clasico de Playstation, donde se juega a una mayor resolución.</desc>
		<image>./images/Resident Evil 3 - Nemesis (Europe) (En,Fr,De,Es,It)-image.png</image>
		<marquee>./images/Resident Evil 3 - Nemesis (Europe) (En,Fr,De,Es,It)-marquee.png</marquee>
		<thumbnail>./images/Resident Evil 3 - Nemesis (Europe) (En,Fr,De,Es,It)-thumb.png</thumbnail>
		<rating>0.75</rating>
		<releasedate>20030115T000000</releasedate>
		<developer>Capcom</developer>
		<publisher>Capcom</publisher>
		<genre>Acción</genre>
		<lang>de,en,es,fr,it</lang>
		<region>eu</region>
	</game>
	<game>
		<path>./Resident Evil 4 (Europe) (En,Fr,De,Es,It) (Disc 1).iso</path>
		<name>Resident Evil 4</name>
		<desc>La historia trata sobre Leon S. Kennedy, uno de los supervivientes del desastre de Raccoon City; este es enviado a una misión especial para rescatar a Ashley Graham, la hija del presidente de los Estados Unidos, que ha sido secuestrada por una extraña organización situada en España. Pero su investigación se dificulta cuando una horda de aldeanos violentos lo atacan sin razón aparente. Es un videojuego de acción-aventura del estilo survival horror.? Por primera vez en la serie, el ambiente cerrado y lineal se deja a un lado para incluir escenarios más grandes y dinámicos, debido a que la historia se desarrolla en un poblado de España</desc>
		<image>./images/Resident Evil 4 (Europe) (En,Fr,De,Es,It) (Disc 1)-image.png</image>
		<marquee>./images/Resident Evil 4 (Europe) (En,Fr,De,Es,It) (Disc 1)-marquee.png</marquee>
		<thumbnail>./images/Resident Evil 4 (Europe) (En,Fr,De,Es,It) (Disc 1)-thumb.png</thumbnail>
		<rating>0.85</rating>
		<releasedate>20050111T000000</releasedate>
		<developer>Capcom</developer>
		<publisher>Capcom</publisher>
		<genre>Acción</genre>
		<lang>de,en,es,fr,it</lang>
		<region>eu</region>
	</game>
	<game>
		<path>./Resident Evil 4 (Europe) (En,Fr,De,Es,It) (Disc 2).iso</path>
		<name>Resident Evil 4</name>
		<desc>La historia trata sobre Leon S. Kennedy, uno de los supervivientes del desastre de Raccoon City; este es enviado a una misión especial para rescatar a Ashley Graham, la hija del presidente de los Estados Unidos, que ha sido secuestrada por una extraña organización situada en España. Pero su investigación se dificulta cuando una horda de aldeanos violentos lo atacan sin razón aparente. Es un videojuego de acción-aventura del estilo survival horror.? Por primera vez en la serie, el ambiente cerrado y lineal se deja a un lado para incluir escenarios más grandes y dinámicos, debido a que la historia se desarrolla en un poblado de España</desc>
		<image>./images/Resident Evil 4 (Europe) (En,Fr,De,Es,It) (Disc 2)-image.png</image>
		<marquee>./images/Resident Evil 4 (Europe) (En,Fr,De,Es,It) (Disc 2)-marquee.png</marquee>
		<thumbnail>./images/Resident Evil 4 (Europe) (En,Fr,De,Es,It) (Disc 2)-thumb.png</thumbnail>
		<rating>0.85</rating>
		<releasedate>20050111T000000</releasedate>
		<developer>Capcom</developer>
		<publisher>Capcom</publisher>
		<genre>Acción</genre>
		<lang>de,en,es,fr,it</lang>
		<region>eu</region>
	</game>
	<game>
		<path>./Resident Evil Zero (Europe) (En,Fr,De,Es,It) (Disc 1).iso</path>
		<name>Resident Evil Zero</name>
		<desc>Luego de una seguidilla de ataques caníbales en las montañas Arklay, el departamento de policía de Raccoon City envía al equipo Bravo de S.T.A.R.S a investigar y posiblemente detener a los criminales, pero el helicóptero UH-1 que los transportaba sufre una avería en el motor y se ven en la necesidad de realizar un aterrizaje forzoso. Ya en tierra, el equipo, menos el piloto policial Kevin Dooley, que se queda en el helicóptero para avisar de la emergencia, investiga los alrededores, encontrando una camioneta de la policía militar estadounidense volcada con sus ocupantes muertos. Hurgando en los restos del vehículo, Rebecca Chambers, oficial medico del equipo encuentra la documentación del prisionero Billy Coen, ex-teniente 2° del cuerpo de Infantería de Marina de los Estados Unidos, sentenciado a muerte por el asesinato de 23 personas. Suponiendo que fue el prisionero quien mató a los policías militares para luego huir, el capitán Enrico Marini ordena que Coen sea encontrado y arrestado</desc>
		<image>./images/Resident Evil Zero (Europe) (En,Fr,De,Es,It) (Disc 1)-image.png</image>
		<marquee>./images/Resident Evil Zero (Europe) (En,Fr,De,Es,It) (Disc 1)-marquee.png</marquee>
		<thumbnail>./images/Resident Evil Zero (Europe) (En,Fr,De,Es,It) (Disc 1)-thumb.png</thumbnail>
		<rating>0.85</rating>
		<releasedate>20021112T000000</releasedate>
		<developer>Capcom</developer>
		<publisher>Capcom</publisher>
		<genre>Acción</genre>
		<lang>de,en,es,fr,it</lang>
		<region>eu</region>
	</game>
	<game>
		<path>./Resident Evil Zero (Europe) (En,Fr,De,Es,It) (Disc 2).iso</path>
		<name>Resident Evil Zero</name>
		<desc>Luego de una seguidilla de ataques caníbales en las montañas Arklay, el departamento de policía de Raccoon City envía al equipo Bravo de S.T.A.R.S a investigar y posiblemente detener a los criminales, pero el helicóptero UH-1 que los transportaba sufre una avería en el motor y se ven en la necesidad de realizar un aterrizaje forzoso. Ya en tierra, el equipo, menos el piloto policial Kevin Dooley, que se queda en el helicóptero para avisar de la emergencia, investiga los alrededores, encontrando una camioneta de la policía militar estadounidense volcada con sus ocupantes muertos. Hurgando en los restos del vehículo, Rebecca Chambers, oficial medico del equipo encuentra la documentación del prisionero Billy Coen, ex-teniente 2° del cuerpo de Infantería de Marina de los Estados Unidos, sentenciado a muerte por el asesinato de 23 personas. Suponiendo que fue el prisionero quien mató a los policías militares para luego huir, el capitán Enrico Marini ordena que Coen sea encontrado y arrestado</desc>
		<image>./images/Resident Evil Zero (Europe) (En,Fr,De,Es,It) (Disc 2)-image.png</image>
		<marquee>./images/Resident Evil Zero (Europe) (En,Fr,De,Es,It) (Disc 2)-marquee.png</marquee>
		<thumbnail>./images/Resident Evil Zero (Europe) (En,Fr,De,Es,It) (Disc 2)-thumb.png</thumbnail>
		<rating>0.85</rating>
		<releasedate>20021112T000000</releasedate>
		<developer>Capcom</developer>
		<publisher>Capcom</publisher>
		<genre>Acción</genre>
		<lang>de,en,es,fr,it</lang>
		<region>eu</region>
	</game>
	<game>
		<path>./Super Mario Sunshine (Europe) (En,Fr,De,Es,It).iso</path>
		<name>Super Mario Sunshine</name>
		<desc>Tras una larga espera ha llegado una continuación adecuada para Super Mario 64, el juego que cambió para siempre el panorama de los videojuegos en el año 1996. Pero con sólo una mirada a Super Mario Sunshine queda claro que Shigeru Miyamoto, el principal cerebro de los juegos de Nintendo, se ha pasado estos seis años planeando el sorprendente debut en Nintendo GameCube que la serie de Mario exigía.

Super Mario Sunshine arranca con Mario metiendo en la maleta suficientes camisetas rojas y monos azules para dos semanas, y saliendo de viaje con Princess Peach para pasar unas merecidas vacaciones en una isla tropical bañada por el sol. Pero el descanso y la relajación no duran mucho. Un cobarde villano ha estado contaminando el hermoso paisaje, y para empeorar las cosas, ¡es idéntico a Mario! Con los pelos del bigote erizados por la ira, Mario se dispone a limpiar la isla...y su nombre.</desc>
		<image>./images/Super Mario Sunshine (Europe) (En,Fr,De,Es,It)-image.png</image>
		<marquee>./images/Super Mario Sunshine (Europe) (En,Fr,De,Es,It)-marquee.png</marquee>
		<thumbnail>./images/Super Mario Sunshine (Europe) (En,Fr,De,Es,It)-thumb.png</thumbnail>
		<rating>0.8</rating>
		<releasedate>20020826T000000</releasedate>
		<developer>Nintendo</developer>
		<publisher>Nintendo</publisher>
		<genre>Aventura</genre>
		<lang>de,en,es,fr,it</lang>
		<region>eu</region>
	</game>
	<game>
		<path>./Super Smash Bros. Melee (Europe) (En,Fr,De,Es,It).iso</path>
		<name>Super Smash Bros. Melee</name>
		<desc>¿Qué es la SD Remix? SD Remix es un Hack de Super Smash Bros. Melee diseñado para equilibrar mejor el juego a través de sólo los aficionados a los personajes. SD Remix tiene la intención de mejorar los caracteres más débiles a niveles viables por: - Dirigiéndose a sus debilidades paralizantes - Proporcionarles opciones ofensivas y defensivas fuertes en línea con los miembros del reparto más fuertes - El mantenimiento de arquetipo y el nicho de cada personaje.</desc>
		<image>./images/Super Smash Bros. Melee (Europe) (En,Fr,De,Es,It)-image.png</image>
		<marquee>./images/Super Smash Bros. Melee (Europe) (En,Fr,De,Es,It)-marquee.png</marquee>
		<thumbnail>./images/Super Smash Bros. Melee (Europe) (En,Fr,De,Es,It)-thumb.png</thumbnail>
		<rating>0.95</rating>
		<releasedate>20011202T000000</releasedate>
		<developer>HAL Laboratory</developer>
		<publisher>Nintendo</publisher>
		<genre>Lucha</genre>
		<players>4</players>
		<lang>de,en,es,fr,it</lang>
		<region>eu</region>
	</game>
	<game>
		<path>./Tales of Symphonia (Spain) (Disc 1).iso</path>
		<name>Tales Of Symphonia</name>
		<desc>Tales of Symphonia es un RPG creado por Namco, perteneciente a la saga Tales, muy famosa en Japón. Tales of Symphonia está disponible para GameCube en Japón, Norteamérica y Europa. El juego fue relanzado para la consola PlayStation 2 únicamente en Japón, luego una versión HD para PC (steam). La historia se basa en la mitología nórdica y el juego puede durar más 100 horas debido a su elaborado argumento y a sus múltiples historias secundarias.

El juego transcurre entre dos mundos paralelos, superpuestos uno sobre otro, en el mismo espacio al mismo tiempo. Cada uno de esos mundos, llamados Sylvarant y Tethe'alla, tiene un elegido que ha de salvarlo, poniendo en peligro al otro mundo.</desc>
		<image>./images/Tales of Symphonia (Spain) (Disc 1)-image.png</image>
		<marquee>./images/Tales of Symphonia (Spain) (Disc 1)-marquee.png</marquee>
		<thumbnail>./images/Tales of Symphonia (Spain) (Disc 1)-thumb.png</thumbnail>
		<rating>0.8</rating>
		<releasedate>20040713T000000</releasedate>
		<developer>Namco</developer>
		<publisher>Namco</publisher>
		<genre>Juegos de rol</genre>
		<players>4</players>
		<lang>es</lang>
		<region>eu</region>
	</game>
	<game>
		<path>./Tales of Symphonia (Spain) (Disc 2).iso</path>
		<name>Tales Of Symphonia</name>
		<desc>Tales of Symphonia es un RPG creado por Namco, perteneciente a la saga Tales, muy famosa en Japón. Tales of Symphonia está disponible para GameCube en Japón, Norteamérica y Europa. El juego fue relanzado para la consola PlayStation 2 únicamente en Japón, luego una versión HD para PC (steam). La historia se basa en la mitología nórdica y el juego puede durar más 100 horas debido a su elaborado argumento y a sus múltiples historias secundarias.

El juego transcurre entre dos mundos paralelos, superpuestos uno sobre otro, en el mismo espacio al mismo tiempo. Cada uno de esos mundos, llamados Sylvarant y Tethe'alla, tiene un elegido que ha de salvarlo, poniendo en peligro al otro mundo.</desc>
		<image>./images/Tales of Symphonia (Spain) (Disc 2)-image.png</image>
		<marquee>./images/Tales of Symphonia (Spain) (Disc 2)-marquee.png</marquee>
		<thumbnail>./images/Tales of Symphonia (Spain) (Disc 2)-thumb.png</thumbnail>
		<rating>0.8</rating>
		<releasedate>20040713T000000</releasedate>
		<developer>Namco</developer>
		<publisher>Namco</publisher>
		<genre>Juegos de rol</genre>
		<players>4</players>
		<lang>es</lang>
		<region>eu</region>
	</game>
	<game>
		<path>./Tom Clancy's Splinter Cell - Chaos Theory (Europe) (En,Fr,De,Es,It) (Disc 2).iso</path>
		<name>Splinter Cell Chaos Theory</name>
		<desc>El súper espía tecnológico Sam Fisher vuelve a la acción en la tercera entrega de la aclamada serie Splinter Cell. Chaos Theory introduce nuevos elementos que rejuvenecen la serie, como el innovador modo multijugador cooperativo, además de un montón de nuevas armas, nuevos movimientos, una trama terrorista espeluznante, misiones con múltiples rutas alternativas y un sólido énfasis en la rejugabilidad. Visualmente, la saga ha dado un salto cualitativo, mejorando los ya brillantes gráficos con efectos y animaciones absolutamente realistas.</desc>
		<image>./images/Tom Clancy's Splinter Cell - Chaos Theory (Europe) (En,Fr,De,Es,It) (Disc 2)-image.png</image>
		<marquee>./images/Tom Clancy's Splinter Cell - Chaos Theory (Europe) (En,Fr,De,Es,It) (Disc 2)-marquee.png</marquee>
		<thumbnail>./images/Tom Clancy's Splinter Cell - Chaos Theory (Europe) (En,Fr,De,Es,It) (Disc 2)-thumb.png</thumbnail>
		<rating>0.9</rating>
		<releasedate>20050331T000000</releasedate>
		<developer>Ubisoft</developer>
		<publisher>Ubisoft</publisher>
		<genre>Acción</genre>
		<players>2</players>
		<lang>de,en,es,fr,it</lang>
		<region>eu</region>
	</game>
	<game>
		<path>./Viewtiful Joe (Europe) (En,Fr,De,Es,It).iso</path>
		<name>Viewtiful Joe</name>
		<desc>Si vas con tu novia al cine, lo último que esperarías es que los malos salieran de la pantalla y la raptaran delante de tus narices. Bueno, pues eso es exactamente lo que le pasó a Joe. Transformado en cuestión de minutos del clásico adicto al cine a superhéroe en busca de su chica, Joe se ve arrastrado a un mundo de ciencia ficción donde no hay ley física que no se pueda romper. 

Viewtiful Joe es un arcade de lucha de desplazamiento lateral y corte clásico, al que se le ha dado un toque futurista con unos efectos especiales que pondrían celoso a cualquier productor de Hollywood. La misión de Joe es, realmente, bastante sencilla: abrirse paso a base de patadas y puñetazos por niveles y niveles de enemigos que parecen salidos de un cómic y de algún que otro jefe chiflado. Eso sí, en momentos críticos, Joe tiene de su parte la magia del cine para ayudarle, denominada en este caso poder VFX. Si te disparan, presiona rápidamente el Botón L para pasar la secuencia a cámara lenta, permitiendo así a Joe esquivar la bala o devolvérsela al malo de turno con un puñetazo. Cuando aprendas a utilizar el efecto de cámara rápida, Joe será capaz de realizar increíbles secuencias de puñetazos a toda velocidad. Y con el Stick C podrás acercar o alejar la imagen para conseguir golpes imparables. No creas que el poder VFX sólo vale para presumir. Cuanto más espectaculares sean tus ataques, más puntos conseguirás. Pero ten cuidado, esta habilidad no dura para siempre, así que si la utilizas demasiado, Joe volverá a ser tan debilucho como al principio.</desc>
		<image>./images/Viewtiful Joe (Europe) (En,Fr,De,Es,It)-image.png</image>
		<marquee>./images/Viewtiful Joe (Europe) (En,Fr,De,Es,It)-marquee.png</marquee>
		<thumbnail>./images/Viewtiful Joe (Europe) (En,Fr,De,Es,It)-thumb.png</thumbnail>
		<rating>0.8</rating>
		<releasedate>20031007T000000</releasedate>
		<developer>Capcom</developer>
		<publisher>Capcom</publisher>
		<genre>Acción</genre>
		<lang>de,en,es,fr,it</lang>
		<region>eu</region>
	</game>
	<game id="4818">
		<path>./Simpsons Hit &amp; Run (Europe) (En,Fr,De).iso</path>
		<name>Simpsons - Hit &amp; Run</name>
		<desc>The Simpsons Hit &amp; Run es un videojuego desarrollado en el universo de la serie de televisión Los Simpson, que trata de una posible invasión extraterrestre. En Springfield empiezan a verse cámaras voladoras con forma de avispas y furgonetas negras. Parece que no son gran cosa, hasta que Bart desaparece en un rayo de luz verde. Completando las misiones, podrás enterarte dónde se fue Bart, qué contiene esa Buzz Cola, de dónde viene, qué contienen esas furgonetas negras y demás subtramas, que son las misiones en sí del juego.</desc>
		<image>./images/Simpsons Hit &amp; Run (Europe) (En,Fr,De)-image.png</image>
		<marquee>./images/Simpsons Hit &amp; Run (Europe) (En,Fr,De)-marquee.png</marquee>
		<thumbnail>./images/Simpsons Hit &amp; Run (Europe) (En,Fr,De)-thumb.png</thumbnail>
		<rating>0.85</rating>
		<releasedate>20030910T000000</releasedate>
		<developer>Radical Entertainment</developer>
		<publisher>Universal</publisher>
		<genre>Carreras, Conducción</genre>
		<family>The Simpsons</family>
		<players>2-4</players>
		<lang>de,en,fr</lang>
		<region>eu</region>
	</game>
	<game>
		<path>./Soulcalibur II (Europe) (En,Ja,Fr,De,Es,It).iso</path>
		<name>SoulCalibur II</name>
		<desc>Astaroth balanceando el hacha, Maxi luchando con el nunchaku, Mitsurugi cortando con la espada, Ivy azotando con el látigo...La lista de guerreros de Soul Calibur incluye alguno de los personajes de videojuegos más fuertes que se hayan podido ver en la pantalla. Y ahora ha llegado el momento de que una cara familiar acepte el reto de encontrar la espada Soul Edge. Se trata del Héroe del Tiempo en persona, Link. Soul Calibur II es la continuación del éxito para recreativas, y llega a Nintendo GameCube en una conversión perfecta protagonizada en exclusiva por la estrella de The Legend of Zelda. La historia (sí, has leído bien, esto no es un simple juego de lucha) se resume más o menos así. Han pasado cuatro años desde que los trozos de la espada Soul Edge quedaran repartidos por todo el mundo, pero ahora su malvado influjo está volviendo a recuperar fuerza. En Soul Calibur II siguen las aventuras de los guerreros que intentaron buscar la espada... para bien o para mal. Aparte de Link, 13 guerreros del Soul Calibur original vuelven a empuñar las armas, a los que hay que sumar nuevos luchadores como Raphael, Talim y el misterioso Charade y otros más secretos que tendrás que desbloquear. Tal como corresponde a un juego de lucha, Soul Calibur II viene cargado de diferentes modos de juego. Puedes poner a prueba tu habilidad con la espada en el modo Arcade normal, intentar ser lo más rápido posible en el Time Attack, derrotar a todos los enemigos que puedas sin que te maten en el modo Survival o unir fuerzas con un amigo en la Team Battle. Y esto no es todo. Igual que en el primer Soul Calibur, hay un largo modo historia llamado Weapons Master en el que llevas a tu personaje por todo el planeta mientras va consiguiendo oro y comprando nuevas armas y objetos. Link, por ejemplo, se encontrará por el camino objetos que le serán conocidos de The Legend of Zelda, como la Espada Maestra, el Escudo Hylian, el Martillo Megaton o ¡hasta la Espada Biggoron! Pero el verdadero atractivo de Soul Calibur II está en recoger los objetos de cada personaje y en aprender sus distintos movimientos (que son muchos, la verdad). Además, si juegas con otro amigo en el modo multijugador, os vais a pasar meses enganchados a la pantalla gracias a la inmensa variedad de equilibrados personajes. En cuanto a los controles, los aficionados a los juegos para recreativas no tendrán ningún problema con el mando al jugar a Soul Calibur II, y es que Namco ha hecho un trabajo excepcional para adaptar los movimientos de un joystick al mando de GCN. Y si no te gusta la configuración predeterminada, la podrás cambiar también. En resumen. Si estás sediento de algo de acción con tu Nintendo GameCube y echas de menos luchar con una espada, o si lo único que quieres es ver a un Link adulto derrotar a Astaroth, no te puedes perder Soul Calibur II.</desc>
		<image>./images/Soulcalibur II (Europe) (En,Ja,Fr,De,Es,It)-image.png</image>
		<marquee>./images/Soulcalibur II (Europe) (En,Ja,Fr,De,Es,It)-marquee.png</marquee>
		<thumbnail>./images/Soulcalibur II (Europe) (En,Ja,Fr,De,Es,It)-thumb.png</thumbnail>
		<rating>0.8</rating>
		<releasedate>20030327T000000</releasedate>
		<developer>Namco</developer>
		<publisher>Namco</publisher>
		<genre>Acción</genre>
		<players>2</players>
		<playcount>1</playcount>
		<lastplayed>20210804T130639</lastplayed>
		<gametime>82</gametime>
		<lang>de,en,jp,es,fr,it</lang>
		<region>eu</region>
	</game>
	<game>
		<path>./Legend of Zelda, The - The Wind Waker (Europe) (En,Fr,De,Es,It).iso</path>
		<name>The Legend of Zelda: The Wind Waker</name>
		<desc>Han pasado cientos de años desde los acontecimientos de Ocarina of Time, tras el regreso de Link al pasado tras encerrar a Ganondorf. En esta ocasión la aventura transcurre en el mar, por el cual Link deberá de navegar para visitar el resto de islas.
Todo parecía transcurrir tranquilamente en la isla de Initia en el día del cumpleaños de Link, el cual vive con su abuela y su hermana pequeña Abril. Pero un enorme pájaro aparece llevando entre sus patas a una chica, la cual cae en un bosque tras ser golpeado el pájaro por una roca lanzada desde un barco. Link decide ir en su busca, pero tras rescatar a la chica llamada Tetra, la cual es una pirata, y volver al pueblo el pájaro aparece y se lleva a su hermana. Entonces Link, con la ayuda de Tetra y su tripulación, decide ir a la Isla del Diablo para rescatar a su hermana, y lo que será el inicio de su propia leyenda.</desc>
		<image>./images/Legend of Zelda, The - The Wind Waker (Europe) (En,Fr,De,Es,It)-image.png</image>
		<marquee>./images/Legend of Zelda, The - The Wind Waker (Europe) (En,Fr,De,Es,It)-marquee.png</marquee>
		<thumbnail>./images/Legend of Zelda, The - The Wind Waker (Europe) (En,Fr,De,Es,It)-thumb.png</thumbnail>
		<rating>0.95</rating>
		<releasedate>20030324T000000</releasedate>
		<developer>Nintendo</developer>
		<publisher>Nintendo</publisher>
		<genre>Aventura</genre>
		<playcount>2</playcount>
		<lastplayed>20210804T153953</lastplayed>
		<gametime>163</gametime>
		<lang>de,en,es,fr,it</lang>
		<region>eu</region>
	</game>
	<game>
		<path>./Legend of Zelda, The - Twilight Princess (Europe) (En,Fr,De,Es,It).iso</path>
		<name>The Legend of Zelda: Twilight Princess</name>
		<desc>Twilight Princess es un juego de acción-aventura donde sobresalen la exploración y acumulación de objetos, haciendo uso del mismo sistema de controles básicos introducidos en Ocarina of Time (donde los botones cambian de función con base al contexto presentado). El mando de orientación resulta notable con el botón «Z» (en GameCube, esta función recae en el botón «L»)? que le permite al jugador mantener el enfoque de visión de Link centrado en algún enemigo u objeto distante. Asimismo, el protagonista puede caminar, correr, atacar y saltar automáticamente (esto último cuando está huyendo). Además, en los combates, Link usa una espada y un escudo complementados con armas y otros utensilios tales como un arco, un búmeran, bombas y el «gancho con cadena» (Clawshot o en español «Zarpa»), similar al Hookshot recurrente de la serie.? El botón «Z» posibilita la fijación en un enemigo para atacarlo de manera directa; al presionar el botón, se pueden disparar proyectiles sobre el objetivo sin necesidad de posicionar manualmente a Link frente al rival.</desc>
		<image>./images/Legend of Zelda, The - Twilight Princess (Europe) (En,Fr,De,Es,It)-image.png</image>
		<marquee>./images/Legend of Zelda, The - Twilight Princess (Europe) (En,Fr,De,Es,It)-marquee.png</marquee>
		<thumbnail>./images/Legend of Zelda, The - Twilight Princess (Europe) (En,Fr,De,Es,It)-thumb.png</thumbnail>
		<rating>0.95</rating>
		<releasedate>20061202T000000</releasedate>
		<developer>Nintendo EAD</developer>
		<publisher>Nintendo</publisher>
		<genre>Aventura</genre>
		<playcount>7</playcount>
		<lastplayed>20210804T151324</lastplayed>
		<gametime>897</gametime>
		<lang>de,en,es,fr,it</lang>
		<region>eu</region>
	</game>
	<game>
		<path>./Sonic Heroes (Europe) (En,Ja,Fr,De,Es,It).iso</path>
		<name>Sonic Heroes</name>
		<desc>Sonic, el puerco espín más famoso de la historia de los videojuegos, vuelve a Nintendo GameCube en una nueva y fascinante aventura 3D. Y te aseguramos que está en plena forma. En este caso, la calenturienta mente del infame Eggman ha ideado una nueva arma con la que pretende conquistar el mundo en tres días.

Este es el plazo que nuestros héroes tendrán para recorrer a toda velocidad los miles de kilómetros de interminables rampas y loopings por todo tipo de escenarios que le separan de su archienemigo. Y no va a ser tarea fácil. Afortunadamente para el erizo sónico, esta vez contará con la ayuda de un montón de amigos.</desc>
		<image>./images/Sonic Heroes (Europe) (En,Ja,Fr,De,Es,It)-image.png</image>
		<marquee>./images/Sonic Heroes (Europe) (En,Ja,Fr,De,Es,It)-marquee.png</marquee>
		<thumbnail>./images/Sonic Heroes (Europe) (En,Ja,Fr,De,Es,It)-thumb.png</thumbnail>
		<rating>0.65</rating>
		<releasedate>20040105T000000</releasedate>
		<developer>Sonic Team</developer>
		<publisher>SEGA</publisher>
		<genre>Acción</genre>
		<players>2</players>
		<playcount>4</playcount>
		<lastplayed>20210804T154404</lastplayed>
		<gametime>173</gametime>
		<lang>de,en,jp,es,fr,it</lang>
		<region>eu</region>
	</game>
	<game>
		<path>./Burnout 2 - Point of Impact (Europe) (En,Fr,De,Es,It).iso</path>
		<name>Burnout 2 : Point of Impact</name>
		<desc>Burnout 2: Point of Impact es la secuela de Burnout. Fue creado por Criterion Games y publicado por Acclaim. Lanzado en el 2002 para la PlayStation 2 y más tarde lanzado para la Nintendo GameCube y la Xbox en principios y finales de abril, respectivamente, además la versión de Xbox incluye nuevas características.
Es un juego de carreras en con un enfoque en choques y accidentes de tráfico. Viaja por las vías al volante de tu bólido y cruza las intersecciones a toda velocidad. Compita con los coches, ruede hacia atrás, derrape para ganar un máximo de puntos y aumente su medidor de impulso.</desc>
		<image>./images/Burnout 2 - Point of Impact (Europe) (En,Fr,De,Es,It)-image.png</image>
		<marquee>./images/Burnout 2 - Point of Impact (Europe) (En,Fr,De,Es,It)-marquee.png</marquee>
		<thumbnail>./images/Burnout 2 - Point of Impact (Europe) (En,Fr,De,Es,It)-thumb.png</thumbnail>
		<rating>0.9</rating>
		<releasedate>20030409T000000</releasedate>
		<developer>Criterion Studios</developer>
		<publisher>Acclaim</publisher>
		<genre>Carreras, Conducción</genre>
		<players>2</players>
		<playcount>2</playcount>
		<lastplayed>20210804T164056</lastplayed>
		<gametime>765</gametime>
		<lang>de,en,es,fr,it</lang>
		<region>eu</region>
	</game>
	<game>
		<path>./Fire Emblem - Path of Radiance (Europe) (En,Fr,De,Es,It).iso</path>
		<name>Fire Emblem : Path of Radiance</name>
		<desc>La aclamada serie Fire Emblem da una nueva vuelta de tuerca a los juegos de estrategia en su debut para GameCube.El continente Tellius está dividido en humanos y seres mitad humanos, mitad bestias. Tras años de duras guerras, estas dos razas han firmado ahora una delicada paz. Por desgracia, una tercera fuerza aparece en escena con la amenaza de destruir los siete reinos y reavivar las llamas de la guerra.A los ya conocidos rangos de Fire Emblem se incorporan nuevas unidades, como los laguz, capaces de transformarse en poderosas bestias antes de atacar a sus rivales. Además de esto, los personajes pueden aprender ahora habilidades únicas a medida que ganan en experiencia, dando a los jugadores diferentes modos de personalizar su estrategia. Con preciosas escenas intermedias y una jugabilidad suprema, este Fire Emblem: Path of Radiance es un combate que no te quieres perder.</desc>
		<image>./images/Fire Emblem - Path of Radiance (Europe) (En,Fr,De,Es,It)-image.png</image>
		<marquee>./images/Fire Emblem - Path of Radiance (Europe) (En,Fr,De,Es,It)-marquee.png</marquee>
		<thumbnail>./images/Fire Emblem - Path of Radiance (Europe) (En,Fr,De,Es,It)-thumb.png</thumbnail>
		<rating>0.85</rating>
		<releasedate>20051017T000000</releasedate>
		<developer>Intelligent Systems</developer>
		<publisher>Nintendo</publisher>
		<genre>Estrategia</genre>
		<playcount>5</playcount>
		<lastplayed>20210804T161753</lastplayed>
		<gametime>498</gametime>
		<lang>de,en,es,fr,it</lang>
		<region>eu</region>
	</game>
	<game>
		<path>./Mario Party 7 (Europe) (En,Fr,De,Es,It).iso</path>
		<name>Mario Party 7</name>
		<desc>Para su última fiesta, Mario y compañía han decidido embarcarse en un crucero por todo el mundo, pero el malvado Bowser se ha propuesto aguarles la diversión. La acción se desarrolla en exóticas localidades, representadas como ciudades reales en los diferentes tableros. Salta, nada o vuela por los más de 80 nuevos minijuegos, donde por ejemplo tendrás que saltar vallas electrificadas o esquivar los martillazos de un topo chiflado. Mario Party 7 viene acompañado del micrófono para Nintendo GameCube, con el que podrás controlar la acción mediante la voz en muchos minijuegos. Además, por primera vez en la serie, hasta 8 jugadores pueden competir a la vez en el modo multijugador. A los acostumbrados Mario y amigos se unen Huesitos y Birdo, deseosos de pasárselo bomba con el último fiestorro de Mario. Y tú, ¿a qué esperas para invitar a tus amigos e irte de fiesta?</desc>
		<image>./images/Mario Party 7 (Europe) (En,Fr,De,Es,It)-image.png</image>
		<marquee>./images/Mario Party 7 (Europe) (En,Fr,De,Es,It)-marquee.png</marquee>
		<thumbnail>./images/Mario Party 7 (Europe) (En,Fr,De,Es,It)-thumb.png</thumbnail>
		<rating>0.75</rating>
		<releasedate>20051107T000000</releasedate>
		<developer>Nintendo</developer>
		<publisher>Nintendo</publisher>
		<genre>Juegos de mesa</genre>
		<players>8</players>
		<playcount>1</playcount>
		<lastplayed>20210804T162056</lastplayed>
		<gametime>178</gametime>
		<lang>de,en,es,fr,it</lang>
		<region>eu</region>
	</game>
	<game>
		<path>./Paper Mario - The Thousand-Year Door (Europe) (En,Fr,De,Es,It).iso</path>
		<name>Paper Mario: The Thousand-Year Door</name>
		<desc>Conocido como Paper Mario: La Puerta Milenaria en España es un juego del género RPG desarrollado por la compañía Intelligent Systems y publicado por Nintendo para Nintendo GameCube. The Thousand Year Door es el cuarto juego dentro de la serie de Mario RPG y el segundo de la serie Paper Mario.

The Thousand Year Door toma muchos elementos de su predecesor, el juego para Nintendo 64, Paper Mario 64. Estos elementos incluyen un sistema de combate basado en turnos con un énfasis en la acción, así como un universo hecho a base de papel.? De igual forma, el argumento contiene varios elementos relacionados con el juego para la Super Nintendo Entertainment System, Super Mario RPG: Legend of the Seven Stars.? Durante la mayoría del juego, el jugador controla principalmente a Mario, a pesar de que Bowser y la Princesa Peach pueden ser jugables en ciertos momentos.? La trama sigue las peripecias de Mario mientras trata de recuperar las siete Crystal Stars y rescatar a Peach de los X-Nauts, una exótica especie alienígena introducida en esta entrega.</desc>
		<image>./images/Paper Mario - The Thousand-Year Door (Europe) (En,Fr,De,Es,It)-image.png</image>
		<marquee>./images/Paper Mario - The Thousand-Year Door (Europe) (En,Fr,De,Es,It)-marquee.png</marquee>
		<thumbnail>./images/Paper Mario - The Thousand-Year Door (Europe) (En,Fr,De,Es,It)-thumb.png</thumbnail>
		<rating>0.95</rating>
		<releasedate>20041011T000000</releasedate>
		<developer>Nintendo</developer>
		<publisher>Intelligent Systems</publisher>
		<genre>Juegos de rol</genre>
		<playcount>2</playcount>
		<lastplayed>20210804T162738</lastplayed>
		<gametime>110</gametime>
		<lang>de,en,es,fr,it</lang>
		<region>eu</region>
	</game>
	<game id="4941">
		<path>./Sonic Gems Collection (Europe) (En,Fr,De,Es,It).iso</path>
		<name>Sonic Gems Collection</name>
		<desc>¡9 juegos clásicos de las series de Sonic the Hedgehog disponibles hasta ahora sólo en versión arcade, Sega CD(r), Sega Saturn(r) y Game Gear(r) reunidos en una magnífica colección.

Sonic CD, ¡enfréntate al malvado Metal Sonic en este genial juego de acción!

Sonic the Fighters, ¡el clásico arcade de lucha en 3D llega por primera vez a tu cubo!

Sonic R, ¡una carrera loca por circuitos frenéticos a toda velocidad!

6 clásicos de Game Gear(r) extra: Sonic the Hedgehog 2, Sonic Spinball, Sonic Triple Trouble, Sonic Drift 2, Tails Skypatrol y Tails Adventures.

¡Y un montón de secretos desbloqueables que irás descubriendo por el camino!</desc>
		<image>./images/Sonic Gems Collection (Europe) (En,Fr,De,Es,It)-image.png</image>
		<marquee>./images/Sonic Gems Collection (Europe) (En,Fr,De,Es,It)-marquee.png</marquee>
		<thumbnail>./images/Sonic Gems Collection (Europe) (En,Fr,De,Es,It)-thumb.png</thumbnail>
		<rating>0.9</rating>
		<releasedate>20050916T000000</releasedate>
		<developer>SEGA</developer>
		<publisher>SEGA</publisher>
		<genre>Plataforma</genre>
		<family>Sonic the Hedgehog</family>
		<players>2-4</players>
		<playcount>9</playcount>
		<lastplayed>20210829T115656</lastplayed>
		<gametime>2763</gametime>
		<lang>de,en,es,fr,it</lang>
		<region>eu</region>
	</game>
	<game>
		<path>./WarioWare Inc. - Mega Party Game (Europe) (En,Fr,De,Es,It).iso</path>
		<name>Wario Ware Inc. : Mega Party Game$</name>
		<desc>La locura sin límites de Wario Ware llega a Nintendo GameCube. Como bien sabes, esta genial excentricidad de diversión sin límites ya ha conquistado al público de Game Boy Advance, y ahora más de 200 minijuegos absolutamente surrealistas se preparan para hacer su aparición en el inaudito Wario Ware, Inc: Mega Party Game$. Sus brillantes gráficos se funden con una sencilla pero terriblemente cautivadora jugabilidad para proporcionar una experiencia multijugador absolutamente frenética. Hasta cuatro jugadores pueden jugar simultáneamente, pero si deciden jugar por turnos hasta 16 jugadores pueden participar en algunos juegos, Simplemente sensacional.</desc>
		<image>./images/WarioWare Inc. - Mega Party Game (Europe) (En,Fr,De,Es,It)-image.png</image>
		<marquee>./images/WarioWare Inc. - Mega Party Game (Europe) (En,Fr,De,Es,It)-marquee.png</marquee>
		<thumbnail>./images/WarioWare Inc. - Mega Party Game (Europe) (En,Fr,De,Es,It)-thumb.png</thumbnail>
		<rating>0.8</rating>
		<releasedate>20040406T000000</releasedate>
		<developer>Nintendo</developer>
		<publisher>Nintendo</publisher>
		<genre>Juego Casual</genre>
		<players>4</players>
		<playcount>2</playcount>
		<lastplayed>20210918T231006</lastplayed>
		<gametime>664</gametime>
		<lang>de,en,es,fr,it</lang>
		<region>eu</region>
	</game>
	<game>
		<path>./Metroid Prime (Europe) (En,Fr,De,Es,It).iso</path>
		<name>Metroid Prime</name>
		<desc>Puede que los Space Pirates hayan vuelto a las andadas, pero la cazadora de Metroid, Samus Aran, tiene una nueva visión de la vida. Por primera vez, verás a través de los ojos de Samus, que se embarca en una nueva aventura -continuando la genial historia que se ha extendido a lo largo de tres generaciones de sistemas Nintendo.

Esta esperada cuarta entrega comienza al puro estilo Metroid: la nave de Samus va a parar a una astronave abandonada de aspecto peligroso. Pero en poco tiempo se adentrará en el vasto mundo el planeta Tallon IV en busca de los Space Pirates ladrones de Metroid.

Metroid Prime combina acción con tiroteo, lo que cabe esperar de las series Metroid con gráficos increíbles que fusionan a la perfección perspectivas en primera y tercera persona. Y eso no es todo. Samus puede seleccionar dos modos de visión: combate o escáner, para batallar y explorar el peligroso mundo Tallon IV. Además, Metroid Prime contiene muchas armas conocidas de la historia de Metroid, como el Wave Beam y Freeze Beam, y armamento nuevo. Pero te hará falta más que un gatillo fácil para ganar esta batalla. Deberás emplear todas las habilidades de Samus, incluyendo los trajes especiales que activan capacidades, y la omnipresente Morph Ball, para buscar los secretos. Una sensacional mezcla de acción, resolución de puzzles y gráficos de vanguardia.

¡Metroid Prime te hará disfrutar a lo grande!</desc>
		<image>./images/Metroid Prime (Europe) (En,Fr,De,Es,It)-image.png</image>
		<marquee>./images/Metroid Prime (Europe) (En,Fr,De,Es,It)-marquee.png</marquee>
		<thumbnail>./images/Metroid Prime (Europe) (En,Fr,De,Es,It)-thumb.png</thumbnail>
		<rating>0.8</rating>
		<releasedate>20021119T000000</releasedate>
		<developer>Retro Studios, Inc.</developer>
		<publisher>Nintendo</publisher>
		<genre>Acción</genre>
		<playcount>2</playcount>
		<lastplayed>20210918T232557</lastplayed>
		<gametime>528</gametime>
		<lang>de,en,es,fr,it</lang>
		<region>eu</region>
	</game>
	<game>
		<path>./Mario Party 4 (Europe) (En,Fr,De,Es,It) (v1.02).iso</path>
		<name>Mario Party 4</name>
		<desc>Locura multijugador para Nintendo GameCube con Mario Party 4, lo último de la disparatada serie. Contiene 50 minijuegos nuevos y montones de tableros de juego 3D renderizados, Mario Party 4 es un juego de fiesta sensacional y cargado de diversión.

De Mario a Bowser, de Yoshi a Donkey Kong, y de Wario a Luigi, la pandilla favorita de personajes Nintendo está de vuelta. Koopa, Toad y los demás han preparado montones de mapas en Party Cube. Lanzando los dados virtuales y avanzando por los distintos minijuegos, lucharás por las estrellas ocultas para decidir el ganador.

Escoge tu personaje favorito de Nintendo y sumérgete en una variedad de minijuegos sin igual para de uno a cuatro jugadores, en desafíos uno contra tres, dos contra dos, individuales, y muchos más. Las nuevas características incluyen el sistema Mini-Giant (mini-gigante), en el que tu personaje puede menguar o crecer para acceder a las distintas zonas del tablero y activar pruebas especiales. También es novedad la alucinante Tag Battle, que permite a los jugadores emparejarse y batirse el cobre compitiendo por conseguir estrellas También puedes configurar el juego para que jugadores de todas las edades y niveles compitan entre ellos.

¡Cuando Mario organiza una fiesta, hay para todos!</desc>
		<image>./images/Mario Party 4 (Europe) (En,Fr,De,Es,It) (v1.02)-image.png</image>
		<marquee>./images/Mario Party 4 (Europe) (En,Fr,De,Es,It) (v1.02)-marquee.png</marquee>
		<thumbnail>./images/Mario Party 4 (Europe) (En,Fr,De,Es,It) (v1.02)-thumb.png</thumbnail>
		<rating>0.7</rating>
		<releasedate>20021021T000000</releasedate>
		<developer>Nintendo</developer>
		<publisher>Nintendo</publisher>
		<genre>Juegos de mesa</genre>
		<players>2-4</players>
		<playcount>5</playcount>
		<lastplayed>20220318T214905</lastplayed>
		<gametime>1693</gametime>
		<lang>de,en,es,fr,it</lang>
		<region>eu</region>
	</game>
	<game id="4905">
		<path>./Spartan Total Warrior en Español By MarthAnimex.iso</path>
		<name>Spartan Total Warrior</name>
		<desc>Regresa a los tiempos de la fundación de las primeras civilizaciones, e intenta romperlas en pedazos. Eres Spartan, un guerrero de gran valor, y debes abrirte camino a través de una fantástica versión de la antigua Roma mientras diriges unidades militares, legiones de no-muertos y otras terroríficas criaturas míticas semejantes. Con una combinación de frío acero y devastadores ataques mágicos, lucha por la libertad y el honor, o simplemente trata de mantenerte vivo.</desc>
		<image>./images/Spartan Total Warrior en Español By MarthAnimex-image.png</image>
		<marquee>./images/Spartan Total Warrior en Español By MarthAnimex-marquee.png</marquee>
		<rating>0.8</rating>
		<releasedate>20051007T000000</releasedate>
		<developer>Creative Assembly</developer>
		<publisher>SEGA</publisher>
		<genre>Acción</genre>
		<players>1</players>
		<playcount>1</playcount>
		<lastplayed>20220604T112143</lastplayed>
		<gametime>784</gametime>
		<lang>en</lang>
	</game>
	<game>
		<path>./Mario Kart - Double Dash!! (Europe) (En,Fr,De,Es,It).iso</path>
		<name>Mario Kart: Double Dash!!</name>
		<desc>Al igual que en títulos anteriores, Double Dash!! incorpora personajes de la franquicia de Mario y los enfrenta unos contra otros mientras que compiten en diferentes pistas con temática de Mario. El juego introduce una serie de nuevas características de juego, sobre todo la inclusión de dos pilotos por kart. Hay 20 personajes para elegir en total, once de ellos siendo nuevos en la serie. Un objeto especial para cada personaje también ha sido implementado.

Es el cuarto juego de la serie Mario Kart y el tercero para una videoconsola de sobremesa después de Mario Kart 64. Todos los circuitos del juego son nuevos con respecto a sus predecesores.</desc>
		<emulator>dolphin</emulator>
		<image>./images/Mario Kart - Double Dash!! (Europe) (En,Fr,De,Es,It)-image.png</image>
		<marquee>./images/Mario Kart - Double Dash!! (Europe) (En,Fr,De,Es,It)-marquee.png</marquee>
		<thumbnail>./images/Mario Kart - Double Dash!! (Europe) (En,Fr,De,Es,It)-thumb.png</thumbnail>
		<rating>0.9</rating>
		<releasedate>20031117T000000</releasedate>
		<developer>Nintendo EAD</developer>
		<publisher>Nintendo</publisher>
		<genre>Carreras, Conducción</genre>
		<players>4</players>
		<playcount>46</playcount>
		<lastplayed>20220606T154131</lastplayed>
		<gametime>7033</gametime>
		<lang>de,en,es,fr,it</lang>
		<region>eu</region>
	</game>
	<game>
		<path>./Tom Clancy's Splinter Cell - Chaos Theory (Europe) (En,Fr,De,Es,It) (Disc 1).iso</path>
		<name>Splinter Cell Chaos Theory</name>
		<desc>El súper espía tecnológico Sam Fisher vuelve a la acción en la tercera entrega de la aclamada serie Splinter Cell. Chaos Theory introduce nuevos elementos que rejuvenecen la serie, como el innovador modo multijugador cooperativo, además de un montón de nuevas armas, nuevos movimientos, una trama terrorista espeluznante, misiones con múltiples rutas alternativas y un sólido énfasis en la rejugabilidad. Visualmente, la saga ha dado un salto cualitativo, mejorando los ya brillantes gráficos con efectos y animaciones absolutamente realistas.</desc>
		<image>./images/Tom Clancy's Splinter Cell - Chaos Theory (Europe) (En,Fr,De,Es,It) (Disc 1)-image.png</image>
		<marquee>./images/Tom Clancy's Splinter Cell - Chaos Theory (Europe) (En,Fr,De,Es,It) (Disc 1)-marquee.png</marquee>
		<thumbnail>./images/Tom Clancy's Splinter Cell - Chaos Theory (Europe) (En,Fr,De,Es,It) (Disc 1)-thumb.png</thumbnail>
		<rating>0.9</rating>
		<releasedate>20050331T000000</releasedate>
		<developer>Ubisoft</developer>
		<publisher>Ubisoft</publisher>
		<genre>Acción</genre>
		<players>2</players>
		<playcount>1</playcount>
		<lastplayed>20220606T153124</lastplayed>
		<gametime>164</gametime>
		<lang>de,en,es,fr,it</lang>
		<region>eu</region>
	</game>
	<game>
		<path>./Prince of Persia Las Arenas del Tiempo.iso</path>
		<name>Prince of Persia: The Sands of Time</name>
		<desc>Una gloriosa actualización en 3D del clásico título que conquistó nuestros PC en 1989. Un joven príncipe, atraído por los poderes oscuros de una daga mágica, desata un mal mortal sobre un hermoso reino. Guía al Príncipe en su búsqueda para revertir la maldición usando las Arenas del Tiempo, un poder que te permite borrar el pasado, ver el futuro y ralentizar el presente. Ábrete camino a base de saltos y piruetas por una mansión persa destruida en la guerra. Animaciones fluidas, combates espectaculares y desafiantes rompecabezas conforman una genial aventura.</desc>
		<image>./images/Prince of Persia Las Arenas del Tiempo-image.png</image>
		<marquee>./images/Prince of Persia Las Arenas del Tiempo-marquee.png</marquee>
		<thumbnail>./images/Prince of Persia Las Arenas del Tiempo-thumb.png</thumbnail>
		<rating>0.9</rating>
		<releasedate>20031118T000000</releasedate>
		<developer>Ubisoft</developer>
		<publisher>Ubisoft</publisher>
		<genre>Plataforma</genre>
		<lang>es</lang>
	</game>
	<game>
		<path>./Tony Hawk's Pro Skater 3 (Europe).iso</path>
		<name>Tony Hawk's Pro Skater 3</name>
		<desc>You may not be able to live like the legend, but now you can skate like him. Skate as the legendary Tony Hawk or choose from a dream team of 12 top pro skaters, including old favorites like Lasek, Thomas, Muska, and Steamer, as well as new talent like Gilfberg, Caballero, Koston, and Mullen. Or enjoy full customization abilities with the enhanced Create-a-Skater (now including female skaters) and the Skatepark Editor. Travel from L.A. to Tokyo, Suburbia to Skater's Island performing challenges and meeting goals. New moves include the Revert, which allows you to link vert tricks, and flatland tricks such as Caspers, the Primo, and Handstand Manual. If you're good, you can even unlock hidden pro footage.</desc>
		<image>./images/Tony Hawk's Pro Skater 3 (Europe)-image.png</image>
		<marquee>./images/Tony Hawk's Pro Skater 3 (Europe)-marquee.png</marquee>
		<thumbnail>./images/Tony Hawk's Pro Skater 3 (Europe)-thumb.png</thumbnail>
		<rating>0.7</rating>
		<releasedate>20011118T000000</releasedate>
		<developer>Neversoft</developer>
		<publisher>Activision</publisher>
		<genre>Deportes</genre>
		<players>2</players>
		<lang>eu</lang>
		<region>eu</region>
	</game>
	<game id="4832">
		<path>./Tom Clancy's Splinter Cell (Europe) (En,Fr,De,Es,It).iso</path>
		<name>Tom Clancy's Splinter Cell</name>
		<desc>Hay ciertas cosas de este mundo que se supone no deberíamos conocer, como por ejemplo organizaciones secretas que operan en las esferas más altas del gobierno. Sus miembros pueden colarse en territorio enemigo, completar su misión y regresar sin que nadie se dé cuenta de que han pasado por allí. A esas personas se las conoce con el nombre de Splinter Cells. Sam Fisher es uno de ellos. Este veterano soldado, que ya se había jubilado, ha sido contratado por Third Echelon, un grupo secreto del gobierno de los Estados Unidos que debe detener a un peligroso dictador nuevo que está utilizando el terrorismo tecnológico para provocar el caos en el mundo. La acción se desarrolla en un futuro no muy lejano. En Splinter Cell asumirás el papel de Sam, un agente que domina las técnicas de combate mortal y un verdadero especialista con una gran variedad de armas de alta tecnología.</desc>
		<image>./images/Tom Clancy's Splinter Cell (Europe) (En,Fr,De,Es,It)-image.png</image>
		<marquee>./images/Tom Clancy's Splinter Cell (Europe) (En,Fr,De,Es,It)-marquee.png</marquee>
		<rating>0.9</rating>
		<releasedate>20030410T000000</releasedate>
		<developer>Ubisoft</developer>
		<publisher>Ubisoft</publisher>
		<genre>Acción / Aventura</genre>
		<family>Splinter Cell</family>
		<players>1</players>
		<lang>de,en,es,fr,it</lang>
		<region>eu</region>
	</game>
	<game>
		<path>./Asterix &amp; Obelix XXL.iso</path>
		<name>Asterix &amp; Obelix XXL</name>
		<desc>Astérix y Obélix salen a cazar jabalíes como todos los días, pero cuando regresan a la Aldea descubren que los romanos la han atacado e incendiado. Aquí comienza la aventura: al rescatar a Panorámix de los romanos, éste y un espía romano que ha traicionado al emperador te dirán que Julio César mandó a sus soldados que repartieran a la gente del pueblo entre las provincias del Imperio romano, y que para ello utilizó un gran mapa de piedra. Cada vez que rescates a algún miembro del pueblo, éste te entregará un pedazo del plano que logró coger.

Podrás guardar la partida cada vez que encuentres a un druida en tu camino.

A lo largo del juego, el jugador controlará a los dos héroes, cada uno con sus habilidades, que se deberán combinar para poder rescatar a los aldeanos presos. Astérix es el más ligero y hábil, puede coger antorchas y prenderlas fuego para explotar bombas, o puede utilizar poleas. Obélix es el más fuerte y pesado y sus golpes son más potentes, se requiere de él en los desafíos de fuerza bruta como al arrastrar bloques enormes o romper cajas de hierro.</desc>
		<image>./images/Asterix &amp; Obelix XXL-image.png</image>
		<marquee>./images/Asterix &amp; Obelix XXL-marquee.png</marquee>
		<thumbnail>./images/Asterix &amp; Obelix XXL-thumb.png</thumbnail>
		<rating>0.75</rating>
		<releasedate>20040618T000000</releasedate>
		<publisher>Atari</publisher>
		<genre>Acción</genre>
		<playcount>4</playcount>
		<lastplayed>20220729T010732</lastplayed>
		<gametime>622</gametime>
		<lang>es</lang>
	</game>
	<game>
		<path>./F-Zero GX (Europe) (En,Fr,De,Es,It).iso</path>
		<name>F-Zero GX</name>
		<desc>Pisa a fondo en la recta. Inclínate en la curva cerrada y gira el volante en el momento justo para pasar por entre los dos rivales. Acelera para evitar el amasijo en llamas de un corredor sin suerte. Sigue acelerando y da un buen grito mientras pasas por el bucle de 360º. Échale un vistazo al velocímetro. 2000 km/h. Sólo puede tratarse de F-Zero. F-Zero GX significa el resurgir de una de las series más admiradas de Nintendo, la serie F-Zero, que nació en Super Nintendo, creció en Nintendo 64 y en Game Boy Advance y ahora madura con fuerza hacia una nueva generación. Los aficionados a las entregas anteriores disfrutarán con la estrategia y la jugabilidad que ya conocían, y los novatos ávidos de velocidad se encontrarán conduciendo como verdaderos expertos en tan sólo unas cuantas partidas..., y todos se echarán las manos a la cabeza, incrédulos ante esta maravilla llena de velocidad y esplendor para Nintendo GameCube. Este nuevo F-Zero GX viene cargado de diferentes modos de juego. Grandes premios, contrarrelojes, un multijugador para cuatro corredores y, como novedad de lujo, un modo "historia" para un jugador, donde te metes en las botas de oro del héroe de F-Zero, el Capitán Falcon, en una serie de "misiones". Escojas el modo que escojas en F-Zero GX, en todos el protagonista será la velocidad a bordo de unas naves futuristas tan rápidas que no dejarás de quitarte los insectos que se te pegarán a la cara tras las carreras. Con el Botón A aceleras. Aceleras y aceleras, y 300 metros de pista desaparecen en sólo un segundo. Por supuesto, tendrás que manejar un poco la dirección y para eso tus mejores amigos serán el Botón L y el Botón R, con los que podrás inclinarte más todavía hacia izquierda y derecha, respectivamente. A 1000 km/h, el más mínimo desliz con el control será suficiente para que te salgas de las curvas de pesadilla de F-Zero GX, para que te choques contra otro conductor o para que los alerones se te queden tiritando mientras intentas volver a la pista. Y por si fuera poco, están las rectas de "energía", que son tramos malvas que sirven para recargar la barra de energía que aparece en una esquina. Es una barra de apariencia inocente pero, en realidad, con mucha fuerza. Pulsa el Botón Y. Con unos gráficos que te echarán para atrás y un "flaaaaaash" rugiendo de fondo, saldrás disparado hacia el horizonte a 2000 km/h y, sin darte cuenta, adelantarás a unos cuantos conductores y doblarás tres curvas en un abrir y cerrar de ojos. Los 30 vehículos que forman la impresionante lista de F-Zero GX tienen un diseño, como si fueran de tebeo, realmente espectacular. No tardarás mucho en elegir tu favorito: el rápido, frágil y elegante White Cat, quizás, pilotado por el esbelto Jody Sumner, o el aguerrido y pesado Stingray con el inconformista Samurai Goroh al mando. También podrás hacerle pequeños ajustes a la velocidad o aceleración de la nave, con lo que deberás ser también un sutil estratega. Con los demás 29 espectaculares vehículos compartiendo contigo el circuito, nunca habrá sido tan fuerte la sensación de estar corriendo, luchando y abriéndote camino entre los demás conductores por cuyas venas hormiguea esa necesidad de victoria. Por suerte, contarás con bastantes armas para echar a los demás de la pista o empujarlos mientras salen chispas de esas chapas tan coloridas. Y la satisfacción será aún mayor si es un amigo tuyo el que se ve perjudicado y tira la toalla a más de un kilómetro detrás de ti. Pero la verdadera belleza de F-Zero GX reside en sus 20 circuitos. Regresa el incondicional Mute City de F-Zero, con los colores pastel de los neones que anuncian restaurantes de sushi y tiendas de electrodomésticos brillando a lo largo de los giros y curvas cerradas. En el circuito Lightning, a la sensación de peligro creada por las autopistas colgantes se añade el cielo, repleto de rayos púrpura. Un fuego blanco ilumina el acero industrial de Port Town, mientras que, en Green Plant, las impresionantes curvas de un circuito transparente estarán inmersas en mitad de un denso bosque, donde el sol sólo puede deslumbrar atravesando el reluciente follaje. Según avances, los caminos se harán más estrechos, los giros y curvas te harán más nudos en el estómago y los saltos serán más altos y difíciles de controlar. Aunque es obvio que a 2000 km/h todo será difícil..., y será mejor que no levantes las manos del volante y grites "¡victoria!" cuando acabes una vuelta, porque puede que te estrellas contra un muro. Y para rematar, qué decir de la innovadora posibilidad de conexión con la versión para recreativas de F-Zero, llamada F-Zero AC. Así, en F-Zero GX podrás personalizar tu propio vehículo colocando las piezas que hayas ganado siendo el primero en las carreras, pero para poder crear las 8000 posibles combinaciones necesitarás también descargar piezas de F-Zero AC. Y lo mejor, podrás cargar tu coche personalizado y jugar con él en la versión arcade F-Zero AC, o guardar nuevos pilotos y piezas y usarlas con F-Zero GX. Estamos, sin duda, ante una nueva dimensión en el mundo de los videojuegos. Puede que algún día estas carreras futuristas llenas de adrenalina se conviertan en realidad. De momento, agraciados seamos todos, la velocidad irreal de F-Zero GX nos parece totalmente real.</desc>
		<image>./images/F-Zero GX (Europe) (En,Fr,De,Es,It)-image.png</image>
		<marquee>./images/F-Zero GX (Europe) (En,Fr,De,Es,It)-marquee.png</marquee>
		<thumbnail>./images/F-Zero GX (Europe) (En,Fr,De,Es,It)-thumb.png</thumbnail>
		<rating>0.8</rating>
		<releasedate>20031031T000000</releasedate>
		<developer>Amusement Vision</developer>
		<publisher>Nintendo</publisher>
		<genre>Carreras, Conducción</genre>
		<players>2-4</players>
		<playcount>35</playcount>
		<lastplayed>20220812T222552</lastplayed>
		<gametime>4329</gametime>
		<lang>de,en,es,fr,it</lang>
		<region>eu</region>
	</game>
</gameList>
