<?xml version="1.0"?>
<gameList>
	<game>
		<path>./Choplifter (1987) (Atari).a78</path>
		<name>Choplifter!</name>
		<desc>En Choplifter, el jugador asume el rol de piloto de helicóptero. El jugador intenta salvar a rehenes retenidos en prisión por el malvado Bungeling Empire. El jugador debe recoger a los rehenes y transportarlos de manera segura a la base, mientras lucha contra los tanques hostiles y otros combatientes enemigos.</desc>
		<image>./images/Choplifter (1987) (Atari)-image.png</image>
		<marquee>./images/Choplifter (1987) (Atari)-marquee.png</marquee>
		<thumbnail>./images/Choplifter (1987) (Atari)-thumb.png</thumbnail>
		<rating>0.5</rating>
		<releasedate>19870701T000000</releasedate>
		<developer>Broderbund Software</developer>
		<publisher>Atari</publisher>
		<genre>Acción</genre>
	</game>
	<game>
		<path>./Commando (1989) (Atari).a78</path>
		<name>Commando</name>
		<desc>Varios niveles esperan a tu Comando en esta conversión de arcade. Armado con solo un rifle estándar y algunas granadas, debes enfrentarte a hordas de nazis. Algunos están deambulando a la intemperie, mientras que otros han elegido los escondites, a los que debes acercarte desde ciertos ángulos. Los árboles, los ríos y los puentes crean un variado terreno similar a un combate y deben incorporarse a su forma de pensar. Se pueden recoger granadas extra, y definitivamente serán necesarias, ya que te permiten matar la distancia de forma y así evitar algunos tiros enemigos.</desc>
		<image>./images/Commando (1989) (Atari)-image.png</image>
		<marquee>./images/Commando (1989) (Atari)-marquee.png</marquee>
		<thumbnail>./images/Commando (1989) (Atari)-thumb.png</thumbnail>
		<rating>0.8</rating>
		<releasedate>19850919T000000</releasedate>
		<developer>Capcom</developer>
		<publisher>Atari</publisher>
		<genre>Acción</genre>
		<players>2</players>
	</game>
	<game>
		<path>./Crack'ed (1988) (Atari).a78</path>
		<name>Crack'ed</name>
		<desc>Como ornitólogo profesional, te alegra descubrir que se han encontrado algunos cálaos sudamericanos en tu "árbol de yema vieja". Pero mientras los cálaos se alimentan, un grupo de traviesos azulejos, búhos y serpientes comienzan a saquear sus nidos y robar huevos.

Horrorizado, coges tu honda y comienzas a golpear a las criaturas merodeadoras. Pero debes tener cuidado. Si golpeas a un ave que lleva huevos, se le cae el huevo y debes actuar rápido para atraparlo antes de que toque el suelo y devolverlo a un nido. Al mismo tiempo, debes observar a las serpientes que no puedes perderte. Si puede proteger los huevos el tiempo suficiente, puede llevarlos a otro sitio de anidación. ¡Pero cuidado, las criaturas que roban huevos están en todas partes!</desc>
		<image>./images/Crack'ed (1988) (Atari)-image.png</image>
		<marquee>./images/Crack'ed (1988) (Atari)-marquee.png</marquee>
		<thumbnail>./images/Crack'ed (1988) (Atari)-thumb.png</thumbnail>
		<rating>0.6</rating>
		<releasedate>19880101T000000</releasedate>
		<developer>Atari</developer>
		<publisher>Atari</publisher>
		<genre>Shooter</genre>
	</game>
	<game>
		<path>./Crossbow (1988) (Atari).a78</path>
		<name>Crossbow</name>
		<desc>Sobre desiertos abrasadores, a través de oscuras cavernas heladas, alrededor de un volcán ardiente, y bajo la frondosa cubierta de una jungla humeante, saliste con tres valientes amigos para recuperar los tesoros robados por el Evil Master. Tu objetivo es su castillo muy, muy lejos.

Tus amigos están ligeramente armados, pero llevas tu ballesta de confianza. Al disparar sus flechas rápidas, puedes salvarte a ti mismo y a tus compañeros de los peligrosos ataques de las criaturas de la Maestra Malvada: escorpiones, hormigas, pterodáctilos, plantas voraces, murciélagos, serpientes y otros seres horribles.

Cuando llegues al castillo, los arqueros expertos del malvado maestro te esperan listos para probar su puntería con flechas mortales. Dentro del castillo, un dragón feroz también espera, guardando el tesoro con su aliento ardiente.

Pocos aventureros se han atrevido a hacer la caminata. Nadie ha vuelto vivo.</desc>
		<image>./images/Crossbow (1988) (Atari)-image.png</image>
		<marquee>./images/Crossbow (1988) (Atari)-marquee.png</marquee>
		<thumbnail>./images/Crossbow (1988) (Atari)-thumb.png</thumbnail>
		<rating>0.85</rating>
		<releasedate>19880101T000000</releasedate>
		<developer>Exidy, Inc.</developer>
		<publisher>Atari</publisher>
		<genre>Shooter</genre>
	</game>
	<game>
		<path>./Dark Chambers (1988) (Atari).a78</path>
		<name>Dark Chambers</name>
		<desc>Estás en una peligrosa búsqueda del tesoro, en el profundo mundo subterráneo de Dark Chambers. Espectros, magos y esqueletos enmohecidos te rodean. A medida que te mueves a través de este laberinto serpenteante, eres perseguido por la parca.

Las salidas que ves solo te llevan más profundo en el laberinto. Si encuentra las armas estratégicamente colocadas, puede defenderse de sus enemigos mientras busca el tesoro escondido. Las pociones secretas que encuentres en el camino renovarán tu fortaleza. Pero ten cuidado con las trampas ocultas y los venenos mortales.

Tu fuerza te ayudará a sobrevivir a los ghouls más débiles, pero ¿eres el mejor para el más fuerte? Entra en el mundo subterráneo de Dark Chambers y descúbrelo.</desc>
		<image>./images/Dark Chambers (1988) (Atari)-image.png</image>
		<marquee>./images/Dark Chambers (1988) (Atari)-marquee.png</marquee>
		<thumbnail>./images/Dark Chambers (1988) (Atari)-thumb.png</thumbnail>
		<releasedate>19880101T000000</releasedate>
		<developer>Atari</developer>
		<publisher>Atari</publisher>
		<genre>Acción</genre>
		<players>2</players>
	</game>
	<game>
		<path>./Desert Falcon (1987) (Atari).a78</path>
		<name>Desert Falcon</name>
		<desc>Eres el Desert Falcon real que busca gemas preciosas y egipcios heiroglyphs escondidos en el desierto sin fin. Invencibilidad, velocidad warp y disparos rápidos son solo algunos de los muchos poderes mágicos que obtendrá en su búsqueda. Úselos para capturar un tesoro de tesoros. ¡Pero ten cuidado con los malvados! Las míticas bestias voladoras, las llamas ardientes y las aulladoras esfinges protegen las joyas que buscas.</desc>
		<image>./images/Desert Falcon (1987) (Atari)-image.png</image>
		<marquee>./images/Desert Falcon (1987) (Atari)-marquee.png</marquee>
		<thumbnail>./images/Desert Falcon (1987) (Atari)-thumb.png</thumbnail>
		<rating>0.65</rating>
		<releasedate>19870101T000000</releasedate>
		<developer>Atari</developer>
		<publisher>Atari</publisher>
		<genre>Shoot'em Up</genre>
	</game>
	<game>
		<path>./Dig Dug (1987) (Atari).a78</path>
		<name>Dig Dug</name>
		<desc>El objetivo de Dig Dug es eliminar a los monstruos que viven en el subsuelo inflándolos con una bomba de aire hasta que exploten, o arrojando piedras sobre ellos. Hay dos tipos de enemigos en el juego: "Pookas" (una raza de monstruos rojos redondos, que se dice que son modelos de tomates, que usan gafas amarillas) y "Fygars" (una raza de dragones verdes que pueden respirar fuego mientras sus alas destello).</desc>
		<image>./images/Dig Dug (1987) (Atari)-image.png</image>
		<marquee>./images/Dig Dug (1987) (Atari)-marquee.png</marquee>
		<thumbnail>./images/Dig Dug (1987) (Atari)-thumb.png</thumbnail>
		<rating>0.75</rating>
		<releasedate>19870101T000000</releasedate>
		<developer>Namco</developer>
		<publisher>Atari</publisher>
		<genre>Acción</genre>
		<players>2</players>
	</game>
	<game>
		<path>./Donkey Kong (1988) (Atari).a78</path>
		<name>Donkey Kong</name>
		<desc>Eres Mario, el valiente carpintero, y ese gran gorila, Donkey Kong se ha escapado con tu novia. Depende de usted subir por esas escaleras y mantener el equilibrio en esos rayos para rescatar a su dama. Ella está cautiva en la parte superior. Pero Donkey Kong no está listo para renunciar a ella tan fácilmente. Está lanzando barriles y bolas de fuego en cada vuelta. Depende de usted superar a ese simio astuto. Buena suerte, ¡tu señora te espera!</desc>
		<image>./images/Donkey Kong (1988) (Atari)-image.png</image>
		<marquee>./images/Donkey Kong (1988) (Atari)-marquee.png</marquee>
		<thumbnail>./images/Donkey Kong (1988) (Atari)-thumb.png</thumbnail>
		<rating>0.7</rating>
		<releasedate>19880101T000000</releasedate>
		<developer>Nintendo</developer>
		<publisher>Atari</publisher>
		<genre>Plataforma</genre>
		<players>2</players>
	</game>
	<game>
		<path>./Donkey Kong Jr (1988) (Atari).a78</path>
		<name>Donkey Kong Junior</name>
		<desc>Donkey Kong el simio está de vuelta. Solo que esta vez el vengativo Mario mantiene prisionero al mono. Por suerte, el simio tiene un hijo, Donkey Kong Junior, que intentará rescatar a papá.

Para liberar a su padre, Junior debe abrirse camino a través de una jungla oscura y traicionera. Corriendo contra el tiempo, el pequeño se sube y se balancea sobre las vides, mientras evita los terribles Snapjaws.

Si llega a las llaves de la jaula de papá, Junior debe empujarlos a la parte superior de las cadenas mientras se mantiene alejado de Snapjaws y una nueva bandada de desagradables recogedores de Nitpickers. Pero incluso entonces su misión no ha terminado. Una vez que alcanza la guarida de Mario, debe pasar una prueba más contra el tiempo.

El niño necesita ayuda. No te quedes ahí parado! ¡Ayuda al pobre Junior a salvar a su padre!</desc>
		<image>./images/Donkey Kong Jr (1988) (Atari)-image.png</image>
		<marquee>./images/Donkey Kong Jr (1988) (Atari)-marquee.png</marquee>
		<thumbnail>./images/Donkey Kong Jr (1988) (Atari)-thumb.png</thumbnail>
		<rating>0.6</rating>
		<releasedate>19880101T000000</releasedate>
		<developer>Nintendo</developer>
		<publisher>Atari</publisher>
		<genre>Plataforma</genre>
		<players>2</players>
	</game>
	<game>
		<path>./Double Dragon (1989) (Activision).a78</path>
		<name>Double Dragon</name>
		<desc>Los hermanos gemelos Billy y Jimmy Lee aprendieron a luchar por el camino difícil: por la supervivencia en las implacables calles de la ciudad. Su estilo de combate (maniobras clásicas de artes marciales mezcladas con cualquier cosa) se convierte en armas letales para caminar.

Ahora, los Lees deben reunir todas sus habilidades de lucha y astucia para enfrentar el mayor desafío de sus vidas: rescatar a la novia de Billy, Marion. Ha sido secuestrada por los Black Warriors, la pandilla callejera salvaje liderada por el misterioso Shadow Boss.

Los gemelos persiguen a los Black Warriors por las calles de la ciudad y sus alrededores. Finalmente se abren camino hacia la Base del enemigo secreto. Allí, Billy y Jimmy se encuentran con el Jefe de la Sombra. ¡Es una batalla hasta el final, con Marion como premio!</desc>
		<image>./images/Double Dragon (1989) (Activision)-image.png</image>
		<marquee>./images/Double Dragon (1989) (Activision)-marquee.png</marquee>
		<thumbnail>./images/Double Dragon (1989) (Activision)-thumb.png</thumbnail>
		<rating>0.6</rating>
		<releasedate>19890101T000000</releasedate>
		<developer>Technos Japan Corp.</developer>
		<publisher>Activision</publisher>
		<genre>Acción</genre>
		<players>2</players>
	</game>
	<game>
		<path>./F-18 Hornet (1988) (Absolute).a78</path>
		<name>F-18 Hornet</name>
		<desc>¡Atención todos los aviadores navales! Informe a los líderes de su escuadrón y prepárese para el despliegue. Su período de servicio lo llevará por todo el mundo en algunas de las misiones más desafiantes y peligrosas de su carrera. F-18 Hornet es una aventura basada en transportistas. Los gráficos 3-D rápidos y sólidos y la instrumentación receptiva crean una increíble sensación de vuelo. Vuela misiones a través de una variedad de terreno ejecutando combates aéreos, caídas de suministros de emergencia, ametrallamientos y bombardeos mientras luchas contra aviones, helicópteros y tanques hostiles. El Hornet F-18 presenta toda la acción de los aviones a base de portaaviones, incluidos los emocionantes despegues y aterrizajes de los portaaviones en suave animación tridimensional.</desc>
		<image>./images/F-18 Hornet (1988) (Absolute)-image.png</image>
		<marquee>./images/F-18 Hornet (1988) (Absolute)-marquee.png</marquee>
		<thumbnail>./images/F-18 Hornet (1988) (Absolute)-thumb.png</thumbnail>
		<releasedate>19880101T000000</releasedate>
		<developer>Absolute Entertainment</developer>
		<publisher>Absolute Entertainment</publisher>
		<genre>Plataforma</genre>
	</game>
	<game>
		<path>./Fatal Run (1990) (Atari).a78</path>
		<name>Fatal Run</name>
		<desc>El año es 2089. Una colisión con un cometa ha dejado a la Tierra tambaleante por el envenenamiento por radiación. Hay pocas esperanzas para la supervivencia de la humanidad. Depende de usted ayudar a las pocas personas que quedan.

Debe abandonar la fortaleza protectora Albagon y entregar la vacuna contra la radiación recientemente desarrollada a los pocos sobrevivientes. Tu viaje no será fácil. Secuaces infames están esperando golpearte y robar la vacuna para garantizar que sobrevivirán para gobernar el planeta. Cada conductor en el camino está fuera de ti. Tu única esperanza es conseguirlos primero.

Debes encontrar el cohete listo para lanzar un satélite que pueda anular los efectos de este accidente cósmico que puso al mundo patas arriba. Si eres lo suficientemente agudo como para aprender y recordar las palabras clave secretas y lo suficientemente fuerte como para vivir para usarlas, ¡puedes lanzar el cohete y salvar el mundo!

¡Buena suerte! La humanidad está en tus manos.</desc>
		<image>./images/Fatal Run (1990) (Atari)-image.png</image>
		<marquee>./images/Fatal Run (1990) (Atari)-marquee.png</marquee>
		<thumbnail>./images/Fatal Run (1990) (Atari)-thumb.png</thumbnail>
		<rating>0.45</rating>
		<releasedate>19900101T000000</releasedate>
		<developer>Sculptured Software</developer>
		<publisher>Atari</publisher>
		<genre>Carreras, Conducción</genre>
	</game>
	<game>
		<path>./Fight Night (1988) (Atari).a78</path>
		<name>Fight Night</name>
		<desc>Ponte tus guantes de boxeo y entra al ring. Esta noche vas a probar tu destreza contra los luchadores más duros del mundo. Para prepararte para este evento, entrenarás en habilidades de puñetazo, juego de pies, sincronización y combate. Luego, ingresarás a tus luchadores en los partidos de campeonato y torneos.

A medida que la tensión aumenta en la arena llena de humo, miras a tu contendor con cautela. Ten cuidado y buena suerte. ¡Esta podría ser tu gran noche!</desc>
		<image>./images/Fight Night (1988) (Atari)-image.png</image>
		<marquee>./images/Fight Night (1988) (Atari)-marquee.png</marquee>
		<thumbnail>./images/Fight Night (1988) (Atari)-thumb.png</thumbnail>
		<releasedate>19880101T000000</releasedate>
		<developer>Sydney Development Corp.</developer>
		<publisher>Accolade</publisher>
		<genre>Deportes</genre>
		<players>2</players>
	</game>
	<game>
		<path>./Food Fight (1987) (Atari).a78</path>
		<name>Food Fight</name>
		<desc>¡Prisa! ¡Prisa! ¡Un paso al frente! ¡Gana tus postres!

Una vez hubo un tipo llamado Charley Chuck. Más que nada, a Charley le encantaba comer. Entonces, cuando fue al carnaval un caluroso día de verano, se dirigió directamente al concurso Food Fight.</desc>
		<image>./images/Food Fight (1987) (Atari)-image.png</image>
		<marquee>./images/Food Fight (1987) (Atari)-marquee.png</marquee>
		<thumbnail>./images/Food Fight (1987) (Atari)-thumb.png</thumbnail>
		<rating>0.75</rating>
		<releasedate>19870101T000000</releasedate>
		<developer>Atari</developer>
		<publisher>Atari</publisher>
		<genre>Acción</genre>
		<players>2</players>
	</game>
	<game>
		<path>./Galaga (1987) (Atari).a78</path>
		<name>Galaga</name>
		<desc>Galaga es un shoot 'em up desarrollado por Namco. El jugador controla una nave espacial que solo puede moverse de izquierda a derecha en la parte inferior de la pantalla y tiene solo una toma. Los barcos enemigos intentan bombardear al jugador.</desc>
		<image>./images/Galaga (1987) (Atari)-image.png</image>
		<marquee>./images/Galaga (1987) (Atari)-marquee.png</marquee>
		<thumbnail>./images/Galaga (1987) (Atari)-thumb.png</thumbnail>
		<rating>0.65</rating>
		<releasedate>19860801T000000</releasedate>
		<developer>Namco</developer>
		<publisher>Atari</publisher>
		<genre>Shoot'em Up</genre>
		<players>2</players>
	</game>
	<game>
		<path>./Hat Trick (1987) (Atari).a78</path>
		<name>Hat Trick</name>
		<desc>¡Qué noche para un juego de hockey! Después de semanas de entrenamiento intensivo en el hielo, finalmente estás en el cara a cara, esperando el silbato inicial. A medida que el disco se desliza sobre la superficie lisa y helada, lo tomas en el centro del hielo, logrando romper la línea azul a la derecha de tu oponente. Whoooossh. ¡Qué reflejos! ¡Qué velocidad!

El rocío del hielo en tu rostro te ciega momentáneamente, pero continúas patinando furiosamente, avanzando hacia la meta contraria. Puedes sentir el aliento caliente de tu retador en la parte posterior de tu cuello, a medida que la distancia entre tú y tu hermano se hace cada vez más pequeña. Pero antes de que pueda arreglárselas para robar el disco, mueves tu bastón y lo golpeas, ¡es un golpe mortal! ¡El punto es tuyo!

Consigue tres goles en un juego, ¡y es un truco!</desc>
		<image>./images/Hat Trick (1987) (Atari)-image.png</image>
		<marquee>./images/Hat Trick (1987) (Atari)-marquee.png</marquee>
		<thumbnail>./images/Hat Trick (1987) (Atari)-thumb.png</thumbnail>
		<releasedate>19870101T000000</releasedate>
		<developer>Bally Sente</developer>
		<publisher>Atari</publisher>
		<genre>Deportes</genre>
		<players>2</players>
	</game>
	<game>
		<path>./Ikari Warriors (1989) (Atari).a78</path>
		<name>Ikari Warriors</name>
		<desc>Eres miembro de esos especialistas de combate de élite, los Ikari Warriors. Tu amigo y tú están en una misión especial detrás de las líneas enemigas, y has estado durmiendo, comiendo y respirando combates en la jungla durante las últimas dos semanas. Estás cansado, pero eso nunca afecta tu agudo juicio y tu voluntad de sobrevivir.

Tus armas principales son ametralladoras, granadas y tu propia astucia frente al peligro. A veces tendrás un tanque a tu disposición, que es útil cuando el fuego enemigo es particularmente brutal.

Te mueves velozmente por la jungla, vadeando ríos y descansando de vez en cuando entre las ruinas de edificios bombardeados. Te estás quedando sin municiones y granadas, pero sabes que la batalla no puede durar para siempre. Tarde o temprano, un lado saldrá victorioso. ¡Solo esperamos que sea tuyo!</desc>
		<image>./images/Ikari Warriors (1989) (Atari)-image.png</image>
		<marquee>./images/Ikari Warriors (1989) (Atari)-marquee.png</marquee>
		<thumbnail>./images/Ikari Warriors (1989) (Atari)-thumb.png</thumbnail>
		<rating>0.6</rating>
		<releasedate>19890101T000000</releasedate>
		<developer>SNK</developer>
		<publisher>Atari</publisher>
		<genre>Plataforma</genre>
		<players>2</players>
	</game>
	<game>
		<path>./Impossible Mission (1987) (Atari).a78</path>
		<name>Impossible Mission</name>
		<desc>Mensaje de la computadora de la Agencia ..... ".... Su misión. El Agente 4125 es frustrar una horrible trama. Desde un laboratorio subterráneo, Elvin, el científico, está reteniendo al mundo como rehén bajo amenaza de aniquilación nuclear. penetra en su fortaleza, evita sus robots que buscan humanos y encuentra piezas del código de seguridad.
Haga una voltereta sobre los robots o use un precioso código de repetición para desactivarlos el tiempo suficiente para buscar en cada habitación. Use la computadora de la Agencia para descifrar las contraseñas de las piezas del código o intente resolverlas usted mismo. Será mejor que tengas cuidado ... ¡Esta misión tiene un sello IMPOSIBLE! "</desc>
		<image>./images/Impossible Mission (1987) (Atari)-image.png</image>
		<marquee>./images/Impossible Mission (1987) (Atari)-marquee.png</marquee>
		<thumbnail>./images/Impossible Mission (1987) (Atari)-thumb.png</thumbnail>
		<releasedate>19870101T000000</releasedate>
		<developer>Epyx</developer>
		<publisher>Atari</publisher>
		<genre>Plataforma</genre>
	</game>
	<game>
		<path>./Jinks (1989) (Atari).a78</path>
		<name>Jinks</name>
		<desc>Estás a punto de embarcarte en una de las misiones más peligrosas de tu carrera. Como famoso piloto de la Flota Estelar, has sido seleccionado para dirigir una fiesta de exploración en un viaje por la galaxia para investigar el misterioso planeta JINKS. Un enigma durante siglos, JINKS es un mundo exuberante y rico en recursos, y podría ser la clave de la desesperada necesidad de la expansión humana en el espacio. Al parecer es capaz de soportar la vida, sin embargo, curiosamente está deshabitada, ¿o no?nnUna misión de investigación de rutina se vuelve loca cuando explorar tu sonda a través de la superficie del planeta te lleva a ti y a tu tripulación a un juego mortal de gato y ratón. ¿Puedes escapar de estas trampas diabólicamente inteligentes antes de que tu sonda y sus ocupantes sean miniaturizados o aniquilados?</desc>
		<image>./images/Jinks (1989) (Atari)-image.png</image>
		<marquee>./images/Jinks (1989) (Atari)-marquee.png</marquee>
		<thumbnail>./images/Jinks (1989) (Atari)-thumb.png</thumbnail>
		<rating>0.3</rating>
		<releasedate>19890101T000000</releasedate>
		<developer>Diamond Software</developer>
		<publisher>Atari</publisher>
		<genre>Acción</genre>
	</game>
	<game>
		<path>./Joust (1987) (Atari).a78</path>
		<name>Joust</name>
		<desc>Joust es un juego de plataformas donde el jugador controla a un caballero amarillo montado en un avestruz volador desde una perspectiva en tercera persona. El jugador navega al protagonista por el mundo del juego, que consiste en plataformas de roca que flotan sobre una isla plana rodeada de lava.</desc>
		<image>./images/Joust (1987) (Atari)-image.png</image>
		<marquee>./images/Joust (1987) (Atari)-marquee.png</marquee>
		<thumbnail>./images/Joust (1987) (Atari)-thumb.png</thumbnail>
		<rating>0.9</rating>
		<releasedate>19870101T000000</releasedate>
		<developer>Williams</developer>
		<publisher>Atari</publisher>
		<genre>Acción</genre>
		<players>2</players>
	</game>
	<game>
		<path>./Karateka (1987) (Atari).a78</path>
		<name>Karateka</name>
		<desc>Cuando regresas a casa después de años de estudio con un Maestro de Karate, encuentras que tu aldea se quema por completo. Tus amigos y familiares están dispersos, tu prometida fue robada por Akuma, el caudillo cuya sombra opresiva ha oscurecido tu aldea desde antes de que nacieras.

Tu dolor y tu ira se convierten en fría determinación. Juras nunca más someterse al malvado Señor de la Guerra. Sabes que debes vengar a tu pueblo y rescatar a tu amada princesa Mariko de la fortaleza de montaña de Akuma.

Solo, armado solo con tu conocimiento de Karate, debes derrotar a los guerreros viciosos de Akuma, cada uno más poderoso que el anterior. Sigue luchando, en lo más profundo del corazón del palacio, donde para rescatar a Mariko debes enfrentarte al cruel Akuma en un combate mano a mano.</desc>
		<image>./images/Karateka (1987) (Atari)-image.png</image>
		<marquee>./images/Karateka (1987) (Atari)-marquee.png</marquee>
		<thumbnail>./images/Karateka (1987) (Atari)-thumb.png</thumbnail>
		<rating>0.6</rating>
		<releasedate>19880101T000000</releasedate>
		<developer>Broderbund Software</developer>
		<publisher>Atari</publisher>
		<genre>Acción</genre>
	</game>
	<game>
		<path>./Klax (1992) (Atari).a78</path>
		<name>Klax</name>
		<desc>Klax fue uno de esos títulos terminados por Atari para el 7800, pero nunca comercialmente lanzado. Lee Krueger de ResQsoft Productions está vendiendo copias de Klax, con una caja, un manual y un suplemento que incluye una entrevista exclusiva al programador, consejos y trucos sobre Klax y sus otras creaciones de Atari.</desc>
		<image>./images/Klax (1992) (Atari)-image.png</image>
		<marquee>./images/Klax (1992) (Atari)-marquee.png</marquee>
		<thumbnail>./images/Klax (1992) (Atari)-thumb.png</thumbnail>
		<releasedate>19920101T000000</releasedate>
		<developer>Atari</developer>
		<publisher>AtariAge</publisher>
		<genre>Puzzle</genre>
	</game>
	<game>
		<path>./Kung Fu Master (1989) (Absolute).a78</path>
		<name>Kung-Fu Master</name>
		<desc>La hermosa princesa Victoria está aprisionada en el Templo del Mago del Mal. Como Maestro de Kung-Fu, debes liberarla. Desafortunadamente, los cinco tortuosos niveles del Templo están hirviendo de enemigos amenazantes.

Ábrete camino a través de un nivel y comienza el siguiente con un medidor de energía renovado y un temporizador. Una vez que liberas a tu princesa, vuelve al principio donde tus enemigos vuelven más rápido y desagradablemente.</desc>
		<image>./images/Kung Fu Master (1989) (Absolute)-image.png</image>
		<marquee>./images/Kung Fu Master (1989) (Absolute)-marquee.png</marquee>
		<thumbnail>./images/Kung Fu Master (1989) (Absolute)-thumb.png</thumbnail>
		<releasedate>19890101T000000</releasedate>
		<developer>Irem</developer>
		<publisher>Absolute Entertainment</publisher>
		<genre>Acción</genre>
		<players>2</players>
	</game>
	<game>
		<path>./Mario Brothers (1988) (Atari).a78</path>
		<name>Mario Bros.</name>
		<desc>Mario, el carpintero y su hermano Luigi, vuelven a hacerlo. ¡Esta vez deben deshacerse de su casa de plagas rastreras!

Estas extrañas criaturas tienen nombres como Shellcreeper, Sidestepper y Fighterfly. Pon a prueba tus habilidades al golpear estos bichos molestos de pisos de ladrillo en el agua a continuación. Pero ten cuidado con Slipice the Iceman. ¡Debes detenerlo antes de que cubra los pisos con una traicionera capa de hielo resbaladizo!

Recoge todas las monedas que puedas.</desc>
		<image>./images/Mario Brothers (1988) (Atari)-image.png</image>
		<marquee>./images/Mario Brothers (1988) (Atari)-marquee.png</marquee>
		<thumbnail>./images/Mario Brothers (1988) (Atari)-thumb.png</thumbnail>
		<rating>0.7</rating>
		<releasedate>19880101T000000</releasedate>
		<developer>Nintendo</developer>
		<publisher>Atari</publisher>
		<genre>Plataforma</genre>
		<players>2</players>
		<playcount>1</playcount>
		<lastplayed>20190418T225753</lastplayed>
	</game>
	<game>
		<path>./Mat Mania Challenge (1989) (Atari).a78</path>
		<name>Mat Mania Challenge</name>
		<desc>No lo sabrías, dibujaste a Bruno the Sledge, cinco veces campeón y todo tipo malo, como tu primer oponente en tu búsqueda del elusivo cinturón de campeonato de la Atari Wrestling Federation. Desde que perdió el título de Eric the Flaxen Saxon, Bruno ha estado aterrorizando el circuito de AWF.

Bruno el Trineo te mira con su ojo restante. Cuando suena la campana, carga como un loco. Justo antes del impacto de su cuerpo de 386 libras, te haces a un lado y levantas tu codo.

Perfecto codo smash! Bruno cae al tapete. Lo atrapaste con la cabeza, pero su cabeza rapada se desliza libremente. Entonces lo ves. El famoso Bruno the Sledge "Ojo del terror", la mirada de la muerte. ¡Estás en problemas ahora!

Mat Mania Challenge ofrece todas las emociones y derrames de la lucha libre profesional. ¿Tienes lo que se necesita para sobrevivir a los rompecabezas y a los conductores de pila? ¡Si tienes las habilidades, el cinturón del campeonato será tuyo!</desc>
		<image>./images/Mat Mania Challenge (1989) (Atari)-image.png</image>
		<marquee>./images/Mat Mania Challenge (1989) (Atari)-marquee.png</marquee>
		<thumbnail>./images/Mat Mania Challenge (1989) (Atari)-thumb.png</thumbnail>
		<rating>0.35</rating>
		<releasedate>19900101T000000</releasedate>
		<developer>American Technos</developer>
		<publisher>Atari</publisher>
		<genre>Deportes</genre>
		<players>2</players>
	</game>
	<game>
		<path>./Mean 18 Golf (1988) (Atari).a78</path>
		<name>Mean 18 Ultimate Golf</name>
		<desc>¡Eso es todo! Un silencio cae sobre el campo de California mientras te paras en el hoyo dieciocho de Pebble Beach. Estás a cinco pies del hoyo y tienes una ventaja de un golpe en el torneo más grande de tu vida. Tu caddie te da tu putter de la suerte. Alineas tu tiro y balanceas. La pelota rueda lentamente hacia el hoyo. Hay un momento tenso ya que casi toca la taza. finalmente, la pelota cae. ¡Conservas tu título!</desc>
		<image>./images/Mean 18 Golf (1988) (Atari)-image.png</image>
		<marquee>./images/Mean 18 Golf (1988) (Atari)-marquee.png</marquee>
		<thumbnail>./images/Mean 18 Golf (1988) (Atari)-thumb.png</thumbnail>
		<rating>0.4</rating>
		<releasedate>19890101T000000</releasedate>
		<developer>Accolade</developer>
		<publisher>Accolade</publisher>
		<genre>Deportes</genre>
		<players>2</players>
	</game>
	<game>
		<path>./Meltdown (1990) (Atari).a78</path>
		<name>Meltdown</name>
		<desc>¡No entres en pánico! Una pandilla de terroristas internacionales se ha dedicado sistemáticamente a destruir el mundo. Han saboteado varios reactores nucleares al desatar una cadena mortal de "chispa" que romperá las barras de control de protección y se abrirá paso en el núcleo mismo de cada reactor. Si la chispa llega al núcleo, el resultado final será una temida fusión. Si los terroristas tienen éxito en su horrenda trama, ¡podemos despedirnos de este mundo!

Solo te paras entre la vida tal como la conocemos y la aniquilación total. Está armado con una pistola especialmente diseñada para destruir chispas, un diseño de cada reactor, su ingenio y su deseo de salvar el mundo. Muévanse. No hay tiempo que perder!</desc>
		<image>./images/Meltdown (1990) (Atari)-image.png</image>
		<marquee>./images/Meltdown (1990) (Atari)-marquee.png</marquee>
		<thumbnail>./images/Meltdown (1990) (Atari)-thumb.png</thumbnail>
		<releasedate>19900101T000000</releasedate>
		<developer>Atari</developer>
		<publisher>Atari</publisher>
		<genre>Acción</genre>
	</game>
	<game>
		<path>./Midnight Mutants (1990) (Atari).a78</path>
		<name>Midnight Mutants</name>
		<desc>¿Puedes salvar al abuelo de la prisión de Plasmic?

7800 Aventura Arcade como nunca antes has visto. Este juego tiene todos los lugares como ríos, bosques profundos y oscuros, cavernas espeluznantes, laboratorios, criaturas como vampiros, zombis mutantes y murciélagos amenazantes. Tu aventura incluye explorar grandes áreas y encontrar armas geniales. Presionar un botón brinda sugerencias y sugerencias instantáneas en pantalla.

Todo se suma a una acción increíble con Mega Graphics. La espalda de Grampa, depende de ti eliminar a los Monstruos y limpiarlos.</desc>
		<image>./images/Midnight Mutants (1990) (Atari)-image.png</image>
		<marquee>./images/Midnight Mutants (1990) (Atari)-marquee.png</marquee>
		<thumbnail>./images/Midnight Mutants (1990) (Atari)-thumb.png</thumbnail>
		<rating>0.85</rating>
		<releasedate>19901010T000000</releasedate>
		<developer>Radioactive Software</developer>
		<publisher>Atari</publisher>
		<genre>Acción</genre>
	</game>
	<game>
		<path>./Motor Psycho (1990) (Atari).a78</path>
		<name>Motor Psycho</name>
		<desc>¡Lo terminaste al fin! Y ahora te estás volviendo loco esperando probar tu elegante, rápida y personalizada bicicleta. Absorbe todos tus momentos de vigilia, sueñas con eso todas las noches. Se ha convertido en una obsesión. Y sabes exactamente el lugar para probarlo.

¡La competencia anual de MotorPsycho (para trastornados, psicópatas y otros tipos inusuales de moteros) es este fin de semana! Su curso cargado de obstáculos es legendario entre los maníacos de la motocicleta. Por supuesto, nadie en su sano juicio intentaría este curso. Los espectadores acérrimos te recuerdan que el fan es corto para los fanáticos. Han apostado sus lugares favoritos para ver las carreras, y están esperando el rugido de los motores acelerados, el chirrido de los neumáticos, el crujido del metal ...

Eres tú contra reloj y tu bicicleta está diseñada para la velocidad. ¡Todo lo que necesita hacer es apuntarlo en la dirección correcta e ir por ello!</desc>
		<image>./images/Motor Psycho (1990) (Atari)-image.png</image>
		<marquee>./images/Motor Psycho (1990) (Atari)-marquee.png</marquee>
		<thumbnail>./images/Motor Psycho (1990) (Atari)-thumb.png</thumbnail>
		<releasedate>19900101T000000</releasedate>
		<developer>BlueSky Software, Inc.</developer>
		<publisher>Atari</publisher>
		<genre>Carreras, Conducción</genre>
	</game>
	<game>
		<path>./Ms. Pac-Man (1987) (Atari).a78</path>
		<name>Ms. Pac-Man</name>
		<desc>Puntos. Pastillas de energía Fruta. Pretzels. Todos son parte de la dieta rápida de la Sra. Pac-Man.
Ella incluso devorará fantasmas. Pero solo cuando son azules. De lo contrario, los fantasmas la atraparán. ¡Y tu!</desc>
		<image>./images/Ms. Pac-Man (1987) (Atari)-image.png</image>
		<marquee>./images/Ms. Pac-Man (1987) (Atari)-marquee.png</marquee>
		<thumbnail>./images/Ms. Pac-Man (1987) (Atari)-thumb.png</thumbnail>
		<rating>0.7</rating>
		<releasedate>19860501T000000</releasedate>
		<developer>General Computer Corporation</developer>
		<publisher>Atari</publisher>
		<genre>Acción / Laberinto</genre>
		<players>2</players>
	</game>
	<game>
		<path>./Ninja Golf (1990) (Atari).a78</path>
		<name>Ninja Golf</name>
		<desc>Durante diez años has entrenado para ser un Ninja. Y ahora tu Maestro te dice que es hora de tomar la última y más difícil prueba y convertirte en un Master Ninja. Debes completar el juego de la muerte. Debes jugar nueve hoyos de ... Ninja Golf?

¡Sabías que tu Maestro era un poco raro, pero nada te preparó para esto! Debes intentar colar un pajarito entre patadas de karate mientras luchas contra oponentes ninja. Par para este curso significa dejar el verde lleno de enemigos caídos.

Obtienes puntos tanto por tu juego de golf como por derrotar a Ninja atacante. También puede ganar puntos por encontrar tesoros y otros elementos de bonificación a lo largo del curso.

Una vez que hayas completado los nueve hoyos con éxito, prepárate para desafiar al Master Ninja disfrazado. Esta batalla final determinará si te conviertes o no en un Maestro Ninja. Y si ganas, mejorará tu puntaje de golf.</desc>
		<image>./images/Ninja Golf (1990) (Atari)-image.png</image>
		<marquee>./images/Ninja Golf (1990) (Atari)-marquee.png</marquee>
		<thumbnail>./images/Ninja Golf (1990) (Atari)-thumb.png</thumbnail>
		<rating>0.7</rating>
		<releasedate>19890101T000000</releasedate>
		<developer>BlueSky Software, Inc.</developer>
		<publisher>Atari</publisher>
		<genre>Deportes</genre>
	</game>
	<game>
		<path>./One-on-One Basketball (1987) (Atari).a78</path>
		<name>One-on-One Basketball</name>
		<desc>Estás en una cancha de ensueño para un juego caliente de One-on-One. Eres el pájaro. O eres el Dr. J. Y esa es la última decisión que tendrás mucho tiempo para tomar. Puedes jugar contra la computadora de desafiar a un amigo. Tus capacidades, y las de tu oponente, serán como las de los All-Stars Larry Bird y Julius (Dr. J) Erving. La computadora conoce sus porcentajes de disparos (vigilados y desprotegidos) y sus disparos de mascotas. Tu capacidad de puntuación dependerá de tu tiempo, de cuán efectivamente estás siendo protegido y de dónde estás disparando. Al igual que el juego de baloncesto en sí, One-on-One lo recompensa por jugar con la cabeza y las manos. Domina los movimientos del joystick, agudiza el tiempo, perfecciona tus reflejos hasta que puedas manejar el nivel Pro ... y no dejes que el otro tipo salga ... piensa en ti.</desc>
		<image>./images/One-on-One Basketball (1987) (Atari)-image.png</image>
		<marquee>./images/One-on-One Basketball (1987) (Atari)-marquee.png</marquee>
		<thumbnail>./images/One-on-One Basketball (1987) (Atari)-thumb.png</thumbnail>
		<rating>0.2</rating>
		<releasedate>19870101T000000</releasedate>
		<developer>Computer Magic</developer>
		<publisher>Atari</publisher>
		<genre>Deportes</genre>
		<players>2</players>
	</game>
	<game>
		<path>./Pete Rose Baseball (1989) (Absolute).a78</path>
		<name>Pete Rose Baseball</name>
		<desc>Es el último juego de la Serie Mundial. Estás en la novena entrada. Bases cargadas Uno fuera. Y tu hasta el bate.

¿Qué haces? Swing lejos? Espera un paseo? Ir por las vallas? Todo depende de ti, al igual que en la bola profesional real.

Claro, te daremos las opciones. Y algunos consejos. Al igual que en el lanzamiento. Guata. Y Fielding. Pero, es tu llamado.

Hay 6 pantallas de acción en vivo a todo color, ¡como las que ves en la televisión! La pantalla de pitcheo / bateo, el cuadro interior izquierdo, el cuadro interior derecho, el jardín izquierdo, el jardín central y el jardín derecho.

Entonces, comienza a calentar. Paso al plato. Y aprovecha tu mejor momento para ganarnn¡las series!

Originalmente diseñado por Alex DeMeo, la versión 7800 fue programada por Robert Curtiss.</desc>
		<image>./images/Pete Rose Baseball (1989) (Absolute)-image.png</image>
		<marquee>./images/Pete Rose Baseball (1989) (Absolute)-marquee.png</marquee>
		<thumbnail>./images/Pete Rose Baseball (1989) (Absolute)-thumb.png</thumbnail>
		<releasedate>19890101T000000</releasedate>
		<developer>Robert Curtiss</developer>
		<publisher>Absolute Entertainment</publisher>
		<genre>Deportes</genre>
		<players>2</players>
	</game>
	<game>
		<path>./Planet Smashers (1990) (Atari).a78</path>
		<name>Planet Smashers</name>
		<desc>Planet Smashers finalmente entregó un Shooter 2D original al sistema Pro al final de su vida. Tu nave espacial, que extrañamente parece un avión, tiene la grave tarea de defender la Tierra de una armada alienígena. Planet Smashers tiene algunas características agradables como códigos de warp de nivel, actualizaciones de láser, dispositivos de camuflaje y jefes interesantes. Incluso tienes la carga de defender el escudo de la Tierra de los asteroides y las naves alienígenas. La parte posterior de la caja cuenta con "impresionantes efectos de sonido", pero el ruido principal del láser es increíblemente irritante. Después de que vence el juego, recibirá un final de texto que le ordena jugar Alien Brigade, lo cual tiene poco sentido ya que acaba de derrotar a la nave nodriza alienígena.</desc>
		<image>./images/Planet Smashers (1990) (Atari)-image.png</image>
		<marquee>./images/Planet Smashers (1990) (Atari)-marquee.png</marquee>
		<thumbnail>./images/Planet Smashers (1990) (Atari)-thumb.png</thumbnail>
		<rating>0.5</rating>
		<releasedate>19890527T000000</releasedate>
		<developer>Atari</developer>
		<publisher>Atari</publisher>
		<genre>Shooter</genre>
		<players>2</players>
	</game>
	<game>
		<path>./Pole Position II (1987) (Atari).a78</path>
		<name>Pole Position II</name>
		<desc>¿Eres lo suficientemente bueno para competir con los mejores? ¿Tienes el valor y la habilidad para ser un piloto de carreras profesional? ¡Estás a punto de descubrirlo! Al volante de su elegante auto de Fórmula I se enfrentará al reloj y a los mejores corredores del mundo para ganar el Pole Position II, el puesto número uno de salida.

Para ingresar al Grand Prix en sí, tendrás que competir a velocidades vertiginosas para completar la vuelta clasificatoria en 73 segundos o menos. A continuación, elija entre cuatro cursos, que van desde el curso de prueba relativamente inocua a la peligrosa pista de Suzuka.

Pon a prueba tus habilidades de carrera a medida que te desvías por curvas traicioneras, maniobras para salir de peligrosos derrapes y esquivas obstáculos peligrosos. ¡Vete a toda velocidad para superar el récord y serás el ganador del Gran Premio!</desc>
		<image>./images/Pole Position II (1987) (Atari)-image.png</image>
		<marquee>./images/Pole Position II (1987) (Atari)-marquee.png</marquee>
		<thumbnail>./images/Pole Position II (1987) (Atari)-thumb.png</thumbnail>
		<rating>0.7</rating>
		<releasedate>19870101T000000</releasedate>
		<developer>Namco</developer>
		<publisher>Atari</publisher>
		<genre>Carreras, Conducción</genre>
	</game>
	<game>
		<path>./Rampage (1989) (Activision).a78</path>
		<name>Rampage</name>
		<desc>George, Lizzy y Ralph eran simplemente estadounidenses comunes, hasta que un experimento salió mal, convirtiéndolos en un Gorila, lagarto y hombre lobo, respectivamente. Después de esto, los tres planean ir destruyendo edificios, y hasta 3 jugadores humanos pueden unirse.
Romper los bordes de los edificios durante el tiempo suficiente los hará colapsar. La policía y el ejército te persiguen y dispararán contra ti, así que trata de destruirlos (si no, puedes evitar las balas). Necesitará comer regularmente, con cosas como plantas, para evitar volver a ser humano</desc>
		<image>./images/Rampage (1989) (Activision)-image.png</image>
		<marquee>./images/Rampage (1989) (Activision)-marquee.png</marquee>
		<thumbnail>./images/Rampage (1989) (Activision)-thumb.png</thumbnail>
		<rating>0.6</rating>
		<releasedate>19890101T000000</releasedate>
		<developer>Bally Midway</developer>
		<publisher>Activision</publisher>
		<genre>Acción</genre>
		<players>2</players>
	</game>
	<game>
		<path>./RealSports Baseball (1988) (Atari).a78</path>
		<name>RealSports Baseball</name>
		<desc>Hueles la hierba recién cortada al salir del túnel oscuro y frío hacia el cálido sol de la tarde. Oyes el chasquido del cuero en la madera mientras el bateador poderoso del equipo toma la práctica de bateo. Hoy es el día; estás comenzando en las grandes ligas. Después de calentar en el bullpen, estás listo para tomar el montículo. Recibes algunas instrucciones de último momento del entrenador de pitcheo, y entonces es el momento. Lentamente caminas hacia el centro del diamante. ¡Entra el bateador y estás listo para jugar a la pelota!</desc>
		<image>./images/RealSports Baseball (1988) (Atari)-image.png</image>
		<marquee>./images/RealSports Baseball (1988) (Atari)-marquee.png</marquee>
		<thumbnail>./images/RealSports Baseball (1988) (Atari)-thumb.png</thumbnail>
		<rating>0.4</rating>
		<releasedate>19890101T000000</releasedate>
		<developer>Atari</developer>
		<publisher>Atari</publisher>
		<genre>Deportes</genre>
		<players>2</players>
	</game>
	<game>
		<path>./Robotron 2084 (1987) (Atari).a78</path>
		<name>Robotron : 2084</name>
		<desc>¡Eres un humano mutante, que por algún monstruo de la naturaleza tiene la capacidad de disparar pulsos de energía de su cuerpo en ocho direcciones diferentes! Tu trabajo es simple: salvar a la humanidad de su propia creación: los ROBOTRONS. La jugabilidad es bastante única por el momento. Puedes moverte y disparar en cualquiera de las ocho direcciones. Te arrojan a una habitación con varios malvados malvados desperdigados, tienes que matar a todos los robots y al mismo tiempo encontrar la forma de agarrar humanos y evitar la muerte.</desc>
		<image>./images/Robotron 2084 (1987) (Atari)-image.png</image>
		<marquee>./images/Robotron 2084 (1987) (Atari)-marquee.png</marquee>
		<thumbnail>./images/Robotron 2084 (1987) (Atari)-thumb.png</thumbnail>
		<rating>0.9</rating>
		<releasedate>19870101T000000</releasedate>
		<developer>Williams</developer>
		<publisher>Atari</publisher>
		<genre>Acción</genre>
		<players>2</players>
	</game>
	<game>
		<path>./Scrapyard Dog (1990) (Atari).a78</path>
		<name>Scrapyard Dog</name>
		<desc>¿Puede Louie salvar a su perro de convertirse en Dogmeat?

Nuestro amigo Louie amaba a su perro. Pero ¿por qué algunos matones Poochnap este pobre cachorro? Los matones quieren la escritura del depósito de chatarra. ¿Lo hará Louie?

Depende de usted y Louie para sobrevivir a más de 15 niveles de peligro y encontrar al mejor tipo malo, el Sr. Big.

Scrapyard Dog presenta gráficos y sonido que superan todos los límites. Es parte del poder que te trae Atari.</desc>
		<image>./images/Scrapyard Dog (1990) (Atari)-image.png</image>
		<marquee>./images/Scrapyard Dog (1990) (Atari)-marquee.png</marquee>
		<thumbnail>./images/Scrapyard Dog (1990) (Atari)-thumb.png</thumbnail>
		<rating>0.35</rating>
		<releasedate>19900101T000000</releasedate>
		<developer>BlueSky Software, Inc.</developer>
		<publisher>Atari</publisher>
		<genre>Plataforma</genre>
	</game>
	<game>
		<path>./Sentinel (1988-91) (Atari).a78</path>
		<name>Sentinel</name>
		<desc>Eres un científico, y tu invento, un orbe pulsante y brillante llamado Sentinel, absorbe y almacena energía de una variedad de fuentes. Ahora la Tierra está amenazada por extraterrestres mortales y debes usar tu creación para salvar el planeta. El Sentinel absorbe la energía de cada cápsula de energía o cápsula de energía que disparas con tu pistola de luz Atari. Cuando se golpea una fuente de energía, un rayo se dispara desde el Centinela, golpea al objetivo con una fuerza silbante y atrae energía hacia tu Centinela. Depende de usted proteger al Centinela mientras se desliza sobre los planetas.</desc>
		<image>./images/Sentinel (1988-91) (Atari)-image.png</image>
		<marquee>./images/Sentinel (1988-91) (Atari)-marquee.png</marquee>
		<thumbnail>./images/Sentinel (1988-91) (Atari)-thumb.png</thumbnail>
		<rating>0.5</rating>
		<releasedate>19900101T000000</releasedate>
		<developer>Atari</developer>
		<publisher>Atari</publisher>
		<genre>Acción</genre>
		<players>2</players>
	</game>
	<game>
		<path>./Summer Games (1987) (Atari).a78</path>
		<name>Summer Games</name>
		<desc>Experimenta el poder, la gloria, la emoción y el desafío de la competencia atlética más grande del mundo: ¡LOS JUEGOS DE VERANO!

La impresionante CEREMONIA DE APERTURA se enfoca en 3.000 años de noble tradición mientras mira con orgullo, dispuesto a dar lo mejor de sí para honrar a su país.

Este es el momento en el que ha trabajado y entrenado tanto tiempo para lograr, probar su habilidad bajo presión contra los mejores atletas del mundo. Intentarás destacar en todo un espectro de eventos deportivos: atletismo, natación y buceo, gimnasia y tiro al plato.

Audacia. Habilidad. Estrategia. Determinación. Las marcas del verdadero campeón. Si sale victorioso, recibirá el premio del campeón, la codiciada MEDALLA DE ORO, ante la multitud entusiasta. ¡Tu triunfo podría incluso pasar a la historia como el mejor rendimiento personal de todos los tiempos!

¡Aprovechar el momento! ¡Prepárate para el desafío final! Pruebe los frutos del trabajo duro. ¡Da lo mejor de ti y VAYA POR EL ORO!</desc>
		<image>./images/Summer Games (1987) (Atari)-image.png</image>
		<marquee>./images/Summer Games (1987) (Atari)-marquee.png</marquee>
		<thumbnail>./images/Summer Games (1987) (Atari)-thumb.png</thumbnail>
		<rating>0.4</rating>
		<releasedate>19870101T000000</releasedate>
		<developer>Epyx</developer>
		<publisher>Atari</publisher>
		<genre>Deportes</genre>
		<players>8</players>
	</game>
	<game>
		<path>./Super Huey UH-IX (1989) (Atari).a78</path>
		<name>Super Huey UH-IX</name>
		<desc>Un puerto del juego de computadora hogareño Cosmi 1985, Atari lanzó esto para el 7800 en 1988. Este es un juego de combate de helicóptero decente, en el que piloteas un Super Huey UH-IX.</desc>
		<image>./images/Super Huey UH-IX (1989) (Atari)-image.png</image>
		<marquee>./images/Super Huey UH-IX (1989) (Atari)-marquee.png</marquee>
		<thumbnail>./images/Super Huey UH-IX (1989) (Atari)-thumb.png</thumbnail>
		<rating>0.3</rating>
		<releasedate>19880101T000000</releasedate>
		<developer>Cosmi Corporation</developer>
		<publisher>Atari</publisher>
		<genre>Acción</genre>
		<playcount>1</playcount>
		<lastplayed>20200723T211038</lastplayed>
	</game>
	<game>
		<path>./Super Skateboardin' (1989) (Absolute).a78</path>
		<name>Super Skateboardin'</name>
		<desc>Tu papá te consiguió un trabajo después de la escuela en la fábrica donde trabaja. Usted necesita el dinero porque primordialmente radical significa que tiene grandes gastos.

El trabajo es el sueño de un skater hecho realidad. Miles de pasillos y tubos para perfeccionar tus movimientos. Simplemente navegue y apague todas las máquinas y luces de la fábrica. ¡Date prisa porque el poder se está escapando rápido!

Naturalmente, hay una trampa. Le pagan según la cantidad de energía que ahorra. Y debe salir de la fábrica a más tardar a las 5:15 pm de hoy. Un segundo más y nunca llegarás a la fecha límite para ingresar al Campeonato de Skateboarding.</desc>
		<image>./images/Super Skateboardin' (1989) (Absolute)-image.png</image>
		<marquee>./images/Super Skateboardin' (1989) (Absolute)-marquee.png</marquee>
		<thumbnail>./images/Super Skateboardin' (1989) (Absolute)-thumb.png</thumbnail>
		<rating>0.4</rating>
		<releasedate>19880101T000000</releasedate>
		<developer>Absolute Entertainment</developer>
		<publisher>Absolute Entertainment</publisher>
		<genre>Deportes</genre>
	</game>
	<game>
		<path>./Tank Command (1988) (Froggo).a78</path>
		<name>Tank Command</name>
		<desc>Tank Command es un juego de acción de desplazamiento vertical. Usted controla un tanque en una misión para capturar la bandera enemiga y ganar la mayor cantidad de puntos posible. Para hacer esto, necesitarás abrirte camino a través de sus defensas en tres niveles de dificultad creciente. El bloqueo de tu progreso son tanques enemigos, pastilleros, misiles, jeeps, infantería, cabañas y más, todos los cuales te otorgan puntos cuando los destruyes. Su tanque está equipado con una cantidad limitada de combustible y munición, sin embargo, puede reabastecerse ocasionalmente mediante la recopilación de iconos de bonificación cuando aparecen en la pantalla. Si puedes superar todos los obstáculos y capturar la bandera, ¡entonces ganas el juego!</desc>
		<image>./images/Tank Command (1988) (Froggo)-image.png</image>
		<marquee>./images/Tank Command (1988) (Froggo)-marquee.png</marquee>
		<thumbnail>./images/Tank Command (1988) (Froggo)-thumb.png</thumbnail>
		<rating>0.4</rating>
		<releasedate>19880101T000000</releasedate>
		<developer>Froggo Games Corporation</developer>
		<publisher>Froggo Games Corporation</publisher>
		<genre>Acción</genre>
	</game>
	<game>
		<path>./Title Match Pro Wrestling (1989) (Absolute).a78</path>
		<name>Title Match Pro Wrestling</name>
		<desc>DESTACANDO TAG-TEAMnn¡Llamando a todos los maniacos luchadores! ¡Esta noche es la partida por el título! Sube al ring y apuntate tus cosas. Mézclate con algunos de los luchadores más salvajes del mundo mientras compites por el "Absolute Title Belt".

Pero prepárate para las inmersiones de cuerda pulverizadoras de Skin Head, los viciosos aeroplanos de Mad Dog, los abrazos de oso aplastantes de Big Chief y los golpes paralizantes del cuerpo de Mr. Mean.

La acción chisporroteante nunca se detiene, ya sea que luches uno a uno, o vayas a la guerra por el Tag Team Belt. Y después de todo, si crees que eres realmente bueno, ponte en contacto con la computadora para ver quién es el mejor guerrero del anillo.</desc>
		<image>./images/Title Match Pro Wrestling (1989) (Absolute)-image.png</image>
		<marquee>./images/Title Match Pro Wrestling (1989) (Absolute)-marquee.png</marquee>
		<thumbnail>./images/Title Match Pro Wrestling (1989) (Absolute)-thumb.png</thumbnail>
		<rating>0.35</rating>
		<releasedate>19890101T000000</releasedate>
		<developer>Absolute Entertainment</developer>
		<publisher>Absolute Entertainment</publisher>
		<genre>Deportes</genre>
		<players>2</players>
	</game>
	<game>
		<path>./Tomcat - The F-14 (1989) (Absolute).a78</path>
		<name>Tomcat : The F-14 Fighter Simulator</name>
		<desc>Conviértete en un Aviador naval F-14 en misiones de búsqueda y destrucción mientras esquivas y disparas a los cabos enemigos en combates sangrientos con tus cañones de 20 mm y misiles aire-aire.

Su cabina cuenta con tecnología de punta, cortesía de la Fuerza Aérea de EE. UU .: Pantalla y computadora principal, Indicador de alerta Bogey, Indicador de fuerza G, Medidas de contador electrónicas y un Indicador de sobrecalentamiento de cañón (sí, puede sobrecalentarse). .y si te sientes a la altura, dale un impulso a Mach 1.0!</desc>
		<image>./images/Tomcat - The F-14 (1989) (Absolute)-image.png</image>
		<marquee>./images/Tomcat - The F-14 (1989) (Absolute)-marquee.png</marquee>
		<thumbnail>./images/Tomcat - The F-14 (1989) (Absolute)-thumb.png</thumbnail>
		<rating>1</rating>
		<releasedate>19890101T000000</releasedate>
		<developer>Imagineer</developer>
		<publisher>Absolute Entertainment</publisher>
		<genre>Acción</genre>
		<lang>en</lang>
	</game>
	<game>
		<path>./Touchdown Football (1988) (Atari).a78</path>
		<name>Touchdown Football</name>
		<desc>Es cuarto y largo con menos de un minuto restante en el juego. El ganador obtiene un boleto de comodín en los playoffs. Estás abajo por un gol de campo. Tu mariscal de campo hace un pase perfecto, tu receptor está abierto de par en par, y luego ves que los brazos del árbitro vuelan señalando el touchdown. Vas a los playoffs.</desc>
		<image>./images/Touchdown Football (1988) (Atari)-image.png</image>
		<marquee>./images/Touchdown Football (1988) (Atari)-marquee.png</marquee>
		<thumbnail>./images/Touchdown Football (1988) (Atari)-thumb.png</thumbnail>
		<releasedate>19880101T000000</releasedate>
		<developer>Imagic</developer>
		<publisher>Atari</publisher>
		<genre>Deportes</genre>
		<players>2</players>
		<lang>en</lang>
	</game>
	<game>
		<path>./Tower Toppler (1988) (Atari).a78</path>
		<name>Tower Toppler</name>
		<desc>Un problema grave es el bloqueo de los intentos de colonizar el planeta Nebulus, que de otra forma sería compatible con la vida: ¡el agua es venenosa! La única forma de devolver el agua a su forma inofensiva y natural es destruir las ocho enormes torres que mantienen un control misterioso y letal sobre todas las formas de este valioso recurso.

Espoleado a la acción por las necesidades de su planeta hogar peligrosamente superpoblado, debe intentar conquistar estas reliquias abandonadas por los alienígenas de una vez por todas. ¡Pero no será fácil! Tendrás que subir cada torre hasta llegar a la cima para detonar su punto vulnerable. ¡Y las torres sucesivas son más difíciles de derribar!

¡Necesitarás todo tu ingenio para evitar grandes y aplastantes rocas, ojos gigantes y moléculas mutantes indestructibles! Y ten cuidado con esas escaleras resbaladizas y las repisas desintegradas. ¡Un paso en falso y caerás a las profundidades de abajo!</desc>
		<image>./images/Tower Toppler (1988) (Atari)-image.png</image>
		<marquee>./images/Tower Toppler (1988) (Atari)-marquee.png</marquee>
		<thumbnail>./images/Tower Toppler (1988) (Atari)-thumb.png</thumbnail>
		<releasedate>19880101T000000</releasedate>
		<developer>Hewson</developer>
		<publisher>Atari</publisher>
		<genre>Plataforma</genre>
		<players>2</players>
		<lang>en</lang>
	</game>
	<game>
		<path>./Water Ski (1988) (Froggo).a78</path>
		<name>Water Ski</name>
		<desc>En el esquí acuático se practica el esquí acuático en el río Pharonna. Usted controla el barco y el esquiador en este juego de acción de desplazamiento vertical. Tu objetivo es llegar a la meta antes de que se acabe el tiempo y también ganar la mayor cantidad de puntos posible. El río es bastante peligroso y presenta muchos giros y vueltas junto con rocas, troncos y otros obstáculos. Para los puntos de bonificación, hay numerosas rampas ubicadas a lo largo del río sobre las que el esquiador puede saltar (y si logra esquiar en cada rampa en el nivel, ¡ganará aún más puntos!). Comienzas el juego con cuatro esquiadores, y el juego termina cuando todos los esquiadores se han estrellado.</desc>
		<image>./images/Water Ski (1988) (Froggo)-image.png</image>
		<marquee>./images/Water Ski (1988) (Froggo)-marquee.png</marquee>
		<thumbnail>./images/Water Ski (1988) (Froggo)-thumb.png</thumbnail>
		<rating>0.4</rating>
		<releasedate>19880101T000000</releasedate>
		<developer>Froggo Games Corporation</developer>
		<publisher>Froggo Games Corporation</publisher>
		<genre>Deportes</genre>
		<lang>en</lang>
	</game>
	<game>
		<path>./Winter Games (1987) (Atari).a78</path>
		<name>Winter Games</name>
		<desc>Eres un atleta en los Juegos de Invierno de 1988 en Calgary, Alberta, Canadá. Estás a punto de moverte a través de la nieve y el hielo con tanta velocidad, fuerza, resistencia y gracia como puedas reunir en el frío ventoso.

Esta es la parte de invierno de la competencia deportiva amateur más importante del mundo. Combinará sus habilidades con los mejores atletas.

Estate orgulloso. Hoy te encuentras entre los pocos de élite cuyo valor y resistencia serán probados por estos Juegos de Invierno. Escucha. Una fanfarria de trompetas suena como miles de palomas blancas son lanzamientos, simbólicamente para volar a los países del mundo con el mensaje de paz, y la noticia de que los Juegos de Invierno han comenzado. ¡Esto es, tu oportunidad de ir por el oro!</desc>
		<image>./images/Winter Games (1987) (Atari)-image.png</image>
		<marquee>./images/Winter Games (1987) (Atari)-marquee.png</marquee>
		<thumbnail>./images/Winter Games (1987) (Atari)-thumb.png</thumbnail>
		<rating>0.55</rating>
		<releasedate>19870101T000000</releasedate>
		<developer>Action Graphics</developer>
		<publisher>Atari</publisher>
		<genre>Deportes</genre>
		<players>8</players>
		<lang>en</lang>
	</game>
	<game>
		<path>./Xenophobe (1989) (Atari).a78</path>
		<name>Xenophobe</name>
		<desc>Los alienígenas hostiles - Xenófobos - están infestando estaciones espaciales vitales para la seguridad de su planeta. Estos alienígenas amenazan con invadir las estaciones, haciendo que las estaciones espaciales sean inútiles.

Eres parte de un equipo de élite que está listo para acelerar a estas estaciones espaciales en peligro de extinción. Tu misión es clara: destruye a los alienígenas, recupera el control de las estaciones espaciales y recupera todo el valioso hardware que puedas descubrir mientras barreas las estaciones en busca de alienígenas.

Los alienígenas son una banda de feos enjaezados, directamente de tu peor pesadilla. Tendrás que usar tu talento solo para mantenerte vivo mientras liberas a cada estación espacial de estas plagas. No quieres dejar que te atrapen. Son ellos o usted.

El mensaje ha llegado. Depende de ti y de tus compañeros de equipo limpiar cada estación espacial de alienígenas. Your Mother Ship te acerca a cada estación espacial desbordada. Luego ingresa a la estación espacial a través de un disco de transferencia.</desc>
		<image>./images/Xenophobe (1989) (Atari)-image.png</image>
		<marquee>./images/Xenophobe (1989) (Atari)-marquee.png</marquee>
		<thumbnail>./images/Xenophobe (1989) (Atari)-thumb.png</thumbnail>
		<rating>0.3</rating>
		<releasedate>19890101T000000</releasedate>
		<developer>Bally Midway</developer>
		<publisher>Atari</publisher>
		<genre>Acción</genre>
		<players>2</players>
		<lang>en</lang>
	</game>
	<game>
		<path>./Xevious (1987) (Atari).a78</path>
		<name>Xevious</name>
		<desc>Es una pesadilla, ¡pero es verdad! La investigación muestra que somos los verdaderos extraterrestres en la Tierra, y los despiadados Xevions son los habitantes originales.

Ahora los Xeviones quieren que la Tierra regrese, ¡menos los humanos! Sus fuerzas de invasión son feroces: la tierra está plagada de Domogram Rovers; el cielo está negro con las flotas de patrulla toroide y los escuadrones de la muerte de Zoshi.

Nuestras insignificantes armas no ofrecen defensa. La única esperanza de la Tierra es nuestro poderoso nuevo avión de combate Solvalou. Su piloto tendrá una misión única: penetrar en las filas enemigas y destruir el Xevious Mother Ship.

La misión es peligrosa. No podemos garantizar el éxito. Pero en este punto, ¡es hacer o morir!

Un pequeño problema. Aún necesitamos un piloto. ¿Algun voluntario?</desc>
		<image>./images/Xevious (1987) (Atari)-image.png</image>
		<marquee>./images/Xevious (1987) (Atari)-marquee.png</marquee>
		<thumbnail>./images/Xevious (1987) (Atari)-thumb.png</thumbnail>
		<releasedate>19880101T000000</releasedate>
		<developer>Namco</developer>
		<publisher>Atari</publisher>
		<genre>Acción</genre>
		<players>2</players>
		<lang>en</lang>
	</game>
	<game>
		<path>./Alien Brigade (1990) (Atari).a78</path>
		<name>Alien Brigade</name>
		<desc>La fuerza Plutoid Alien Zombie se ha infiltrado en el ejército. Parecen soldados, pero en realidad son extraterrestres del espacio exterior. Controla a una fuerza de operaciones especiales para destruir a los alienígenas. A medida que disparas a los enemigos desagradables, puedes ganar poderosas armas, rescatar rehenes y, sobre todo, mantenerte con vida. El desafío está ahí: vencer a los alienígenas o unirse a ellos.</desc>
		<image>./images/Alien Brigade (1990) (Atari)-image.png</image>
		<marquee>./images/Alien Brigade (1990) (Atari)-marquee.png</marquee>
		<thumbnail>./images/Alien Brigade (1990) (Atari)-thumb.png</thumbnail>
		<rating>0.8</rating>
		<releasedate>19900702T000000</releasedate>
		<developer>Atari</developer>
		<publisher>Atari</publisher>
		<genre>Shooter</genre>
		<lang>en</lang>
	</game>
	<game>
		<path>./Asteroids (1987) (Atari).a78</path>
		<name>Asteroids</name>
		<desc>¡Comienza a volar! Es tu única forma de salir de esta nube de cuerpos astrales. Visión periférica. Reflejos de rayos. Y un buen control. Eso es lo que se necesita para salvar tu nave ¡Y tu vida!, 8 ondas de asteroides devastadores, para 1 o 2 jugadores. Las naves del jugador competidor pueden aparecer en la pantalla simultáneamente.</desc>
		<image>./images/Asteroids (1987) (Atari)-image.png</image>
		<marquee>./images/Asteroids (1987) (Atari)-marquee.png</marquee>
		<thumbnail>./images/Asteroids (1987) (Atari)-thumb.png</thumbnail>
		<rating>0.75</rating>
		<releasedate>19871101T000000</releasedate>
		<developer>Atari</developer>
		<publisher>Atari</publisher>
		<genre>Shooter</genre>
		<players>2</players>
		<lang>en</lang>
	</game>
	<game>
		<path>./Ballblazer (1987) (Atari-Lucasfilm).a78</path>
		<name>Ballblazer</name>
		<desc>Ballblazer es un simple juego de estilo deportivo con similitudes con el baloncesto y el fútbol. Cada lado está representado por una embarcación llamada "rotofoil", que puede ser controlada por un jugador humano o un "droide" controlado por computadora con diez niveles de dificultad. (El juego permite enfrentamientos humanos vs. humanos, humanos contra droides y droides contra droides.) El objetivo básico del juego es ganar puntos al disparar o llevar una pelota flotante al objetivo del oponente. El juego tiene lugar en un campo de juego plano, de tablero de ajedrez, y la mitad de la pantalla de cada jugador se presenta en una perspectiva en primera persona.</desc>
		<image>./images/Ballblazer (1987) (Atari-Lucasfilm)-image.png</image>
		<marquee>./images/Ballblazer (1987) (Atari-Lucasfilm)-marquee.png</marquee>
		<thumbnail>./images/Ballblazer (1987) (Atari-Lucasfilm)-thumb.png</thumbnail>
		<rating>0.75</rating>
		<releasedate>19880907T000000</releasedate>
		<developer>Lucasfilm Games</developer>
		<publisher>Atari</publisher>
		<genre>Deportes</genre>
		<players>2</players>
		<lang>en</lang>
	</game>
	<game>
		<path>./Barnyard Blaster (1988) (Atari).a78</path>
		<name>Barnyard Blaster</name>
		<desc>Tú y el abuelo están abajo en la granja. Hay criaturas, botellas y varmints en todas partes, en el establo, en el patio y en el maizal. El abuelo te ha dado una pistola ligera Atari para ayudar a proteger la granja. Los objetivos móviles son un desafío. ¿Puedes golpearlos? Si no, ¡prueba las verduras! Son divertidos para disparar a.

En el corral, las botellas y latas en la cerca proporcionan una gran práctica para calentar el viejo hierro de tiro. Pero el objetivo perfecto solo no es suficiente. También necesitarás velocidad.
En el campo de maíz, las aves descienden del cielo y los conejos corren entre los tallos, los búhos y otras plagas aparecen dentro de un granero. Cada escena solo puede alcanzarse al golpear lo suficiente en la escena anterior. Una vez que te centras en algunos puntajes de disparos sofisticados, Gramps te ofrece una ronda de bonificación tirando botellas objetivo en el aire.</desc>
		<image>./images/Barnyard Blaster (1988) (Atari)-image.png</image>
		<marquee>./images/Barnyard Blaster (1988) (Atari)-marquee.png</marquee>
		<thumbnail>./images/Barnyard Blaster (1988) (Atari)-thumb.png</thumbnail>
		<rating>0.55</rating>
		<releasedate>19880605T000000</releasedate>
		<developer>Atari</developer>
		<publisher>Atari</publisher>
		<genre>Acción</genre>
		<players>2</players>
		<lang>en</lang>
	</game>
	<game>
		<path>./Basketbrawl (1990) (Atari).a78</path>
		<name>Basketbrawl</name>
		<desc>Vinne y Slash están sangrando por heridas de cuchillo y el árbitro está fuera de combate. No es de extrañar que los miembros de la pandilla apodaran a este juego "Basketbrawl". Para ellos, no es un juego, es una pelea callejera. Esta premisa inicia el juego de deportes de acción de Atari para hasta dos jugadores. El objetivo en Basketbrawl es convertirse en la pandilla más mala del pueblo al ganar el torneo Basketbrawl. Para ganar, debes jugar tres juegos contra cada una de las cinco pandillas en tu ciudad. Cada vez que pasas a la siguiente pandilla, jugarás en un equipo con más jugadores y armas más peligrosas. Cada juego dura seis minutos: puntúa a tu oponente disparando más canastas. Cada canasta vale dos puntos. Si el juego está empatado después de seis minutos, el primer equipo en anotar gana.</desc>
		<image>./images/Basketbrawl (1990) (Atari)-image.png</image>
		<marquee>./images/Basketbrawl (1990) (Atari)-marquee.png</marquee>
		<thumbnail>./images/Basketbrawl (1990) (Atari)-thumb.png</thumbnail>
		<rating>0.45</rating>
		<releasedate>19900603T000000</releasedate>
		<developer>Atari</developer>
		<publisher>Atari</publisher>
		<genre>Deportes</genre>
		<players>2</players>
		<playcount>1</playcount>
		<lastplayed>20210922T173233</lastplayed>
		<gametime>123</gametime>
		<lang>en</lang>
	</game>
	<game>
		<path>./Centipede (1987) (Atari).a78</path>
		<name>Centipede</name>
		<desc>Juega un exterminador para destruir a los invasores. Usando tu arma, debes destruir las ondas de ciempiés (ciempiés) que bajan desde la parte superior de la pantalla. Los hongos se encuentran dispersos en la pantalla, y el Ciempiés desciende una línea cada vez que se encuentra con un hongo. También debes evitar y destruir las arañas, las pulgas y los escorpiones, y prestar atención a los hongos venenosos que podrían caer en espiral por el Ciempiés a tu nivel. Destruye el ciempiés para avanzar a la próxima ola ...</desc>
		<image>./images/Centipede (1987) (Atari)-image.png</image>
		<marquee>./images/Centipede (1987) (Atari)-marquee.png</marquee>
		<thumbnail>./images/Centipede (1987) (Atari)-thumb.png</thumbnail>
		<rating>0.85</rating>
		<releasedate>19870601T000000</releasedate>
		<developer>Atari</developer>
		<publisher>Atari</publisher>
		<genre>Shoot'em Up</genre>
		<players>2</players>
		<lang>en</lang>
	</game>
	<game>
		<path>./Ace of Aces (1988) (Atari).a78</path>
		<name>Ace of Aces</name>
		<desc>Es la Segunda Guerra Mundial y la Royal Air Force británica está hasta el cuello con los ataques del Eje. Como uno de los pilotos más agresivos de la RAF, estás volando en las misiones más cruciales para detener al enemigo. Atacan por tierra, aire y mar. Tus únicos aliados son los DeHavilland Mosquitos, tus armas y tu ingenio. Perseguir a los bombarderos nazis, hundir los submarinos antes de que se puedan sumergir, escapar de las bombas V-1 y evitar que los trenes entren en las líneas enemigas. Elige tu munición y aprovéchalas sabiamente: una vez que estás en una misión, no hay marcha atrás. Para ser un As, necesitas cuatro derrotas enemigas. Para ser As de ases, ¡tienes que ser el mejor!</desc>
		<image>./images/Ace of Aces (1988) (Atari)-image.png</image>
		<marquee>./images/Ace of Aces (1988) (Atari)-marquee.png</marquee>
		<thumbnail>./images/Ace of Aces (1988) (Atari)-thumb.png</thumbnail>
		<rating>0.4</rating>
		<releasedate>19880601T000000</releasedate>
		<developer>Artech Studios</developer>
		<publisher>Accolade</publisher>
		<genre>Acción</genre>
		<playcount>8</playcount>
		<lastplayed>20220811T184834</lastplayed>
		<gametime>254</gametime>
		<lang>en</lang>
	</game>
</gameList>
