<?xml version="1.0"?>
<gameList>
	<game>
		<path>./Faselei! (Europe).ngc</path>
		<name>Faselei!</name>
		<desc>¡Faselei! es uno de los últimos títulos que se lanzaron para Neo Geo Pocket Color e incluso presenta letras digitalizadas para el tema principal del juego. Con mucha historia, este juego de rol de estrategia tiene lugar en una época en la que los mechs conocidos como TS son el arma preferida para el combate. El juego gira en torno a las batallas y la personalización de tu TS entre esas batallas.
Las batallas se basan en parte por turnos y en parte en tiempo real. El jugador introduce sus acciones al comienzo del turno. La cantidad de acciones que pueden ingresar depende de su tipo de TS. Una vez que han terminado su selección, todo se juega en tiempo real durante el turno. Esto hace que pensar en lo que harán tus oponentes y aliados de antemano sea esencial antes de tomar tu turno.</desc>
		<image>./images/Faselei! (Europe)-image.png</image>
		<marquee>./images/Faselei! (Europe)-marquee.png</marquee>
		<thumbnail>./images/Faselei! (Europe)-thumb.png</thumbnail>
		<rating>0.85</rating>
		<releasedate>19990101T000000</releasedate>
		<developer>Sacnoth</developer>
		<publisher>SNK</publisher>
		<genre>Estrategia</genre>
	</game>
	<game>
		<path>./Fatal Fury F-Contact (World) (En,Ja).ngc</path>
		<name>Fatal Fury: First Contact</name>
		<desc>Utilizando el famoso estilo de arte japonés "SD" (Super-Deformed) este es el único título de la serie Fatal Fury que se lanzó para la portátil de SNK El juego se basa en su homólogo de arcade/consola Real Bout Fatal Fury 2: The Newcomers. Debido a las limitaciones de hardware de NGPC, algunos personajes han sido eliminados del elenco principal. Con esto, los luchadores inicialmente disponibles para este juego son: Andy Bogard, Terry Bogard, Joe Higashi, Mai Shiranui, Kim Kaphwan, Ryuji Yamazaki, Rick Strowd, Li Xiangfei, Billy Kane, Wolfgang Krauser y Geese Howard.</desc>
		<image>./images/Fatal Fury F-Contact (World) (En,Ja)-image.png</image>
		<marquee>./images/Fatal Fury F-Contact (World) (En,Ja)-marquee.png</marquee>
		<thumbnail>./images/Fatal Fury F-Contact (World) (En,Ja)-thumb.png</thumbnail>
		<rating>0.7</rating>
		<releasedate>19990430T000000</releasedate>
		<developer>SNK</developer>
		<publisher>SNK</publisher>
		<genre>Lucha</genre>
		<players>2</players>
	</game>
	<game>
		<path>./King of Fighters R-2 (World) (En,Ja).ngc</path>
		<name>King of Fighters - R-2</name>
		<desc>Usando nuevamente el estilo de arte japonés "SD" (Super-Deformed) (ahora reelaborado), la serie KOF hace su debut en la nueva portátil de SNK. El título trae las mismas características de juego presentes en su contraparte de arcade/consola The King of Fighters '98, como la posibilidad de elegir entre dos modos de juego (Advanced o Extra). A diferencia del juego anterior (The King of Fighters R-1), esta entrega no tiene una historia definida, pero está implícito que Rugal todavía está vivo y regresa una vez más para tratar de conquistar el mundo y satisfacer sus ambiciones malvadas. Los equipos incluidos en el juego se reformularon ligeramente y ahora son los siguientes (esta vez, Leona Heidern e Iori Yagami son selecciones individuales): 1. Team Kusanagi (Kyo Kusanagi, Saisyu Kusanagi y Shingo Yabuki)Super Babe Team (Athena Asamiya, Yuri Sakazaki y Kasumi Todo) 2. New Southtown Team (Ryo Sakazaki, Mai Shiranui y Terry Bogard) 3. Orochi Team (Yashiro Nanakase, Shermie y Chris)</desc>
		<image>./images/King of Fighters R-2 (World) (En,Ja)-image.png</image>
		<marquee>./images/King of Fighters R-2 (World) (En,Ja)-marquee.png</marquee>
		<thumbnail>./images/King of Fighters R-2 (World) (En,Ja)-thumb.png</thumbnail>
		<rating>0.8</rating>
		<releasedate>19990101T000000</releasedate>
		<developer>SNK</developer>
		<publisher>SNK</publisher>
		<genre>Lucha</genre>
		<players>2</players>
	</game>
	<game>
		<path>./Magical Drop Pocket (USA, Europe).ngc</path>
		<name>Magical Drop Pocket</name>
		<desc>La mecánica central de Magical Drop Pocket es similar a la de Magical Drop III. La única excepción es que el campo de batalla consta de seis columnas en lugar de siete, similar a los puertos de Super Famicom de los dos primeros juegos de Magical Drop.
El juego incluye Story, Self Challenge y Friend Challenge; estos corresponden a los modos estándar 1P VS Com, Solo y 2P VS que aparecen en otros juegos de Magical Drop. Story presenta cinco modos de dificultad, mientras que Self Challenge presenta tres.
Como muchos otros juegos de rompecabezas portátiles de la época, Story no presenta un oponente de IA "verdadero"; en cambio, el jugador intenta llenar un indicador creando cadenas. Mientras el jugador intenta llenar este indicador, la IA ataca a intervalos aleatorios.</desc>
		<image>./images/Magical Drop Pocket (USA, Europe)-image.png</image>
		<marquee>./images/Magical Drop Pocket (USA, Europe)-marquee.png</marquee>
		<thumbnail>./images/Magical Drop Pocket (USA, Europe)-thumb.png</thumbnail>
		<rating>0.8</rating>
		<releasedate>19991205T000000</releasedate>
		<developer>SAS Sakata</developer>
		<publisher>SNK</publisher>
		<genre>Puzzle</genre>
		<players>2</players>
	</game>
	<game>
		<path>./Neo Geo Cup '98 Plus (World) (En,Ja).ngc</path>
		<name>NeoGeo Cup '98 Plus</name>
		<desc>Neo Geo Cup '98 Plus Color es un videojuego de fútbol basado en la Copa Mundial de la FIFA de 1998 desarrollado por la compañía japonesa SNK. Cuenta con 64 países. Cada equipo participa en una "ronda final de clasificación regional" donde juega contra un equipo que jugó en las eliminatorias para el Mundial de Fútbol de 1998. Si el jugador vence a la selección oponente, va a un grupo muy parecido a la Copa Mundial de la vida real. De hecho, el equipo se enfrenta a oponentes que realmente estaban en su grupo.</desc>
		<image>./images/Neo Geo Cup '98 Plus (World) (En,Ja)-image.png</image>
		<marquee>./images/Neo Geo Cup '98 Plus (World) (En,Ja)-marquee.png</marquee>
		<thumbnail>./images/Neo Geo Cup '98 Plus (World) (En,Ja)-thumb.png</thumbnail>
		<rating>0.6</rating>
		<releasedate>19990101T000000</releasedate>
		<developer>SNK</developer>
		<publisher>SNK</publisher>
		<genre>Deportes</genre>
	</game>
	<game>
		<path>./Neo Turf Masters (World) (En,Ja).ngc</path>
		<name>Neo Turf Masters</name>
		<desc>Neo Turf Masters es un juego de golf que ofrece jugar en tres países diferentes. Puedes jugar en Estados Unidos, Alemania y Japón. Hay 18 hoyos por campo, al igual que en la vida real, que suman 54 hoyos. El juego presenta un modo versus para dos jugadores y tres modos para un solo jugador. Puedes elegir entre uno de los seis personajes diferentes, cada uno de los cuales tiene sus propias fortalezas y debilidades. Como muchos otros juegos de golf, usted usa un tipo de juego de clic preciso, donde hace clic en un mapa superior donde desea golpear la pelota, luego ajusta el gancho, el corte y la potencia. En el modo Versus, puedes ganar "superclubes" que solo se pueden usar una vez. Estos también se pueden intercambiar entre amigos.</desc>
		<image>./images/Neo Turf Masters (World) (En,Ja)-image.png</image>
		<marquee>./images/Neo Turf Masters (World) (En,Ja)-marquee.png</marquee>
		<thumbnail>./images/Neo Turf Masters (World) (En,Ja)-thumb.png</thumbnail>
		<rating>0.85</rating>
		<releasedate>19990101T000000</releasedate>
		<developer>SNK</developer>
		<publisher>SNK</publisher>
		<genre>Deportes</genre>
		<players>2</players>
	</game>
	<game>
		<path>./Shanghai Mini (World) (En,Ja).ngc</path>
		<name>Shanghai Mini</name>
		<desc>Shanghai Mini es un lanzamiento para una plataforma más en la serie eterna del juego de emparejar fichas de Activision.
Se incluyen los modos clásico, torneo y dinastía. Clásico es un juego normal con seis diseños de tablero diferentes. En el juego de torneo, el jugador desafía a la Torre de Shanghai e intenta vencer al Maestro de Shanghai resolviendo diferentes diseños de tablero dentro del límite de tiempo. Dynasty es una competencia de dos jugadores: contra una computadora o un oponente humano (requiere cable de enlace).</desc>
		<image>./images/Shanghai Mini (World) (En,Ja)-image.png</image>
		<marquee>./images/Shanghai Mini (World) (En,Ja)-marquee.png</marquee>
		<thumbnail>./images/Shanghai Mini (World) (En,Ja)-thumb.png</thumbnail>
		<rating>0.7</rating>
		<releasedate>19990101T000000</releasedate>
		<developer>SNK</developer>
		<publisher>SNK</publisher>
		<genre>Estrategia</genre>
		<players>2</players>
	</game>
	<game>
		<path>./SNK Gals' Fighters (USA, Europe).ngc</path>
		<name>SNK Gals Fighters</name>
		<desc>Organizado y patrocinado por una luchadora misteriosa apodada como "Miss X", el primer Torneo Queen of Fighters está oficialmente abierto, pero esta competencia se diferencia de las demás por permitir SOLO mujeres como participantes. Mientras tanto, después de haber pasado por varias y duras luchas (incluido un enfrentamiento final con Miss X), el ganador será recompensado con un artefacto místico conocido como el "K Talisman", que tiene la capacidad de conceder cualquier deseo. Con esta rara y única posibilidad de lograr sus sueños y ambiciones personales, se invitó a 8 poderosas luchadoras femme fatale a enfrentar el combate más grande de sus vidas ...
El juego es idéntico al modo avanzado de KOF (por ejemplo, comandos de Evasión de emergencia y Ejecutar), pero sin SDM. Para aumentar el factor de repetición, se incluyó un modo de potenciación: dependiendo de tu rendimiento en combate, serás favorecido con varios elementos aleatorios (por ejemplo, comenzar con el indicador MAX completo, acelerar, etc.) que se pueden usar para mejorar tu personaje. por un momento.</desc>
		<image>./images/SNK Gals' Fighters (USA, Europe)-image.png</image>
		<marquee>./images/SNK Gals' Fighters (USA, Europe)-marquee.png</marquee>
		<thumbnail>./images/SNK Gals' Fighters (USA, Europe)-thumb.png</thumbnail>
		<rating>0.8</rating>
		<releasedate>20000101T000000</releasedate>
		<developer>Yumekobo</developer>
		<publisher>SNK</publisher>
		<genre>Lucha</genre>
		<players>2</players>
	</game>
	<game>
		<path>./Baseball Stars Color (World) (En,Ja).ngc</path>
		<name>Baseball Stars Color</name>
		<desc>Baseball Stars Color es un juego de deportes sobre béisbol. El juego es similar a Baseball Stars de NES pero tiene personajes y estilo de juego menos realistas. Manejas tu propio equipo de béisbol y juegas en series de partidos. El juego tiene las reglas típicas del béisbol: un jugador lanza la pelota, el segundo golpea la pelota, alguien más la agarra, etc. Cada personaje tiene sus propias estadísticas.</desc>
		<image>./images/Baseball Stars Color (World) (En,Ja)-image.png</image>
		<marquee>./images/Baseball Stars Color (World) (En,Ja)-marquee.png</marquee>
		<thumbnail>./images/Baseball Stars Color (World) (En,Ja)-thumb.png</thumbnail>
		<rating>0.7</rating>
		<releasedate>19990531T000000</releasedate>
		<developer>Saurus</developer>
		<publisher>SNK</publisher>
		<genre>Deportes / Béisbol</genre>
		<players>2</players>
		<playcount>2</playcount>
		<lastplayed>20210129T111408</lastplayed>
		<lang>en,jp</lang>
		<region>jp</region>
	</game>
	<game>
		<path>./Biomotor Unitron (USA, Europe).ngc</path>
		<name>Biomotor Unitron</name>
		<desc>Biomotor Unitron es un juego de rol para Neo Geo Pocket Color.
Después de que un meteoro trae una nueva fuente de energía al mundo, comienza la construcción de robots gigantes. Estos robots se utilizan para el entretenimiento y luchan en peleas en la arena entre sí por el título de Maestro de Maestros. Juegas con un dúo de personajes que participa en estas batallas de gladiadores. Puedes controlar a ambos personajes y tienes que explorar y realizar misiones para ganar dinero y artículos con los que actualizar tu robot Unitron. Puedes hablar con los habitantes de la ciudad y comprar nuevos artículos en las tiendas.
El Unitron cambia visiblemente cuando aplica actualizaciones y hay una gran cantidad de actualizaciones a mano. Son posibles más de doscientas configuraciones de armas diferentes. Cada arma y pieza tiene un determinado material y elemento. Las armas de fuego funcionarán mejor contra robots de madera que contra robots a base de agua.
Debajo de la ciudad hay grandes mazmorras donde se deberán resolver la mayoría de las misiones y se encontrarán la mayoría de los elementos.</desc>
		<image>./images/Biomotor Unitron (USA, Europe)-image.png</image>
		<marquee>./images/Biomotor Unitron (USA, Europe)-marquee.png</marquee>
		<thumbnail>./images/Biomotor Unitron (USA, Europe)-thumb.png</thumbnail>
		<rating>0.7</rating>
		<releasedate>19990731T000000</releasedate>
		<developer>Yumekobo</developer>
		<publisher>SNK</publisher>
		<genre>Juegos de rol</genre>
		<players>2</players>
		<lang>en</lang>
		<region>eu</region>
	</game>
	<game>
		<path>./Bust-A-Move Pocket (USA).ngc</path>
		<name>Bust-A-Move Pocket</name>
		<desc>El juego clásico Bubble Bobble es el ancestro de Puzzle Bobble. Tu objetivo en caa pantalla es hacer estallar todas las burbujas juntando 3 o más del mismo color. El juego incluye un modo para dos jugadores en el que cada jugador intenta hacer estallar todas sus burbujas el primero.</desc>
		<image>./images/Bust-A-Move Pocket (USA)-image.png</image>
		<marquee>./images/Bust-A-Move Pocket (USA)-marquee.png</marquee>
		<thumbnail>./images/Bust-A-Move Pocket (USA)-thumb.png</thumbnail>
		<rating>0.8</rating>
		<releasedate>19990101T000000</releasedate>
		<developer>Taito</developer>
		<publisher>SNK</publisher>
		<genre>Estrategia</genre>
		<players>2</players>
		<playcount>1</playcount>
		<lastplayed>20190713T174833</lastplayed>
		<lang>en</lang>
		<region>us</region>
	</game>
	<game>
		<path>./Fantastic Night Dreams Cotton (Europe).ngc</path>
		<name>Fantastic Night Dreams: Cotton</name>
		<desc>Fantastic Night Dreams: Cotton es un juego de disparos de desplazamiento lateral en 2D en el que el jugador asume el papel de la joven bruja Cotton, que se embarca en su escoba mágica en busca de su dulce favorito. Afortunadamente para nosotros, su obsesión la mete en el camino de varios terrores que amenazan el mundo y que debe destruir en la tarifa estándar de un tirador.
El juego presenta un sistema de obtención de experiencia en el que cuantos más enemigos mata el jugador, más puede mejorar su arma recolectando cristales de poder. Los jugadores también pueden cargar su arma para ataques especiales y obtener la ayuda de Silk, el hada mágico amigo de Cotton que puede formar en diferentes configuraciones de "opciones".</desc>
		<image>./images/Fantastic Night Dreams Cotton (Europe)-image.png</image>
		<marquee>./images/Fantastic Night Dreams Cotton (Europe)-marquee.png</marquee>
		<thumbnail>./images/Fantastic Night Dreams Cotton (Europe)-thumb.png</thumbnail>
		<rating>0.75</rating>
		<releasedate>20000101T000000</releasedate>
		<developer>Success</developer>
		<publisher>SNK</publisher>
		<genre>Shoot'em Up</genre>
		<lang>en</lang>
		<region>eu</region>
	</game>
	<game>
		<path>./Last Blade, The - Beyond the Destiny (Europe).ngc</path>
		<name>The Last Blade - Beyond the Destiny</name>
		<desc>1863. Se revela un nuevo secreto de la historia. Durante la era conocida como "Bakumatsu", hace 135 años, ¡el caos gobierna! Es todo tuyo: un nuevo tipo de juego de lucha con armas en el que distintas armas y movimientos se pueden usar para experimentar una nueva sensación en los videojuegos.</desc>
		<image>./images/Last Blade, The - Beyond the Destiny (Europe)-image.png</image>
		<marquee>./images/Last Blade, The - Beyond the Destiny (Europe)-marquee.png</marquee>
		<thumbnail>./images/Last Blade, The - Beyond the Destiny (Europe)-thumb.png</thumbnail>
		<rating>0.75</rating>
		<releasedate>20000331T000000</releasedate>
		<developer>Saurus</developer>
		<publisher>SNK</publisher>
		<genre>Acción</genre>
		<players>2</players>
		<lang>en</lang>
		<region>eu</region>
	</game>
	<game>
		<path>./Metal Slug - 1st Mission (World) (En,Ja).ngc</path>
		<name>Metal Slug - 1st Mission</name>
		<desc>Como miembro del escuadrón de élite "Halcones peregrinos", tu misión es detener al malvado Coronel Bildegaarn. Usando el tanque multifunción Metal Slug y el Slug Flyer, así como tu ingenio y tu arma en hasta 17 misiones en tu búsqueda para hacer que el mundo esté a salvo de la tiranía. Las progresiones de múltiples etapas y un sistema de clasificación de juego dan razones para jugar más de una vez.</desc>
		<image>./images/Metal Slug - 1st Mission (World) (En,Ja)-image.png</image>
		<marquee>./images/Metal Slug - 1st Mission (World) (En,Ja)-marquee.png</marquee>
		<thumbnail>./images/Metal Slug - 1st Mission (World) (En,Ja)-thumb.png</thumbnail>
		<rating>0.75</rating>
		<releasedate>19990101T000000</releasedate>
		<developer>Ukiyotei</developer>
		<publisher>SNK</publisher>
		<genre>Shooter</genre>
		<lang>en,jp</lang>
		<region>jp</region>
	</game>
	<game>
		<path>./Metal Slug - 2nd Mission (World) (En,Ja).ngc</path>
		<name>Metal Slug - 2nd Mission</name>
		<desc>Toma el control del tanque Metal Slug en el NGPC una vez más, esta vez para derrotar a la fuerza de ataque rebelde "Phantom". Recorre 38 etapas en un campo de batalla no lineal derrotando a las tropas enemigas y rescatando rehenes. Pilota el tanque Metal Slug, el avión de combate Slug Flyer y el submarino Slug Sub y dispara la ametralladora pesada y el lanzacohetes. Dos personajes jugables únicos, una lista de rehenes rescatados y un modo contrarreloj agregan profundidad a esta entrega.</desc>
		<image>./images/Metal Slug - 2nd Mission (World) (En,Ja)-image.png</image>
		<marquee>./images/Metal Slug - 2nd Mission (World) (En,Ja)-marquee.png</marquee>
		<thumbnail>./images/Metal Slug - 2nd Mission (World) (En,Ja)-thumb.png</thumbnail>
		<rating>0.8</rating>
		<releasedate>20000522T000000</releasedate>
		<developer>Ukiyotei</developer>
		<publisher>SNK</publisher>
		<genre>Shooter</genre>
		<lang>en,jp</lang>
		<region>jp</region>
	</game>
	<game>
		<path>./Neo 21 - Real Casino Series (World).ngc</path>
		<name>Neo 21 - Real Casino Series</name>
		<desc>Neo 21 es un juego de casino centrado exclusivamente en Blackjack.
Hay 3 modos de juego disponibles: Modo Casino, Modo Original y Modo VS.
El juego maneja correctamente todas las acciones permitidas en Blackjack.
El objetivo del juego es estar lo más cerca posible de 21 sin superar esta puntuación (el as vale 1 u 11, cifras 10 y el resto el valor indicado)nnLa jugabilidad es un juego de Blackjack con todas las opciones disponibles (Robar una carta "hit", pasar "Stand", doblar la apuesta "doblar" y compartir "dividir")nnLos juegos son 1 contra 1 o contra la IA que juega al crupier, o contra un jugador con el usando el enlace de cable NGP, con uno de los jugadores del crupier.</desc>
		<image>./images/Neo 21 - Real Casino Series (World)-image.png</image>
		<marquee>./images/Neo 21 - Real Casino Series (World)-marquee.png</marquee>
		<thumbnail>./images/Neo 21 - Real Casino Series (World)-thumb.png</thumbnail>
		<rating>0.75</rating>
		<releasedate>20000131T000000</releasedate>
		<developer>Dyna Corp.</developer>
		<publisher>Dyna Corp</publisher>
		<genre>Casino</genre>
		<players>2</players>
		<playcount>1</playcount>
		<lastplayed>20201213T170620</lastplayed>
		<lang>en</lang>
		<region>wr</region>
	</game>
	<game>
		<path>./Neo Baccarat - Real Casino Series (World).ngc</path>
		<name>Neo Baccarat - Real Casino Series</name>
		<desc>¡Experimente la emoción de NEO BACCARAT, el nuevo juego de la serie Pocket Casino!
¿Ganará la Casa? ¿O quizás el jugador? ¡Adivina el ganador y haz tus apuestas! "Baccarat" es el juego más popular del casino. ¡Y ahora puedes encontrar toda su emoción acelerada en NEOGEO POCKET COLOR! La serie Pocket Casino: NEO BACCARAT. ¡¿Estás preparado para el reto?!
¡Disfruta de la diversión del "Modo Original" y el "Modo Casino" en los juegos para un jugador!
¡Usa el CABLE NEOGEO POCKET LINK para enfrentamientos de 2 jugadores!
Ya sea Baccarat al estilo americano o europeo, ¡NEOGEO POCKET lo tiene!
Para ver explicaciones de las reglas del juego, seleccione el elemento "Explicación del juego" en el menú de opciones.</desc>
		<image>./images/Neo Baccarat - Real Casino Series (World)-image.png</image>
		<marquee>./images/Neo Baccarat - Real Casino Series (World)-marquee.png</marquee>
		<thumbnail>./images/Neo Baccarat - Real Casino Series (World)-thumb.png</thumbnail>
		<rating>0.7</rating>
		<releasedate>20000101T000000</releasedate>
		<developer>Dyna Corp.</developer>
		<publisher>Dyna Corp.</publisher>
		<genre>Casino</genre>
		<players>2</players>
		<lang>en</lang>
		<region>wr</region>
	</game>
	<game>
		<path>./Neo Cherry Master Color - Real Casino Series (World) (En,Ja).ngc</path>
		<name>Neo Cherry Master Color - Real Casino Series</name>
		<desc>¡Experimente el juego de los juegos de casino reales! ¡Siente la diversión de la simulación de un juego de tragamonedas ultra real!
"Cherry Master", la máquina tragamonedas popular en los casinos de todo el mundo, pasa a formar parte del NEOGEO POCKET COLOR. ¡Con la pantalla vívida y el sistema no es diferente del real, lo que lo convierte en un entretenimiento de juegos para adultos real!
Incluye 2 modos para ese tentador sabor de los juegos de máquinas tragamonedas! (Modo original para profesionales / Modo simple para principiantes)</desc>
		<image>./images/Neo Cherry Master Color - Real Casino Series (World) (En,Ja)-image.png</image>
		<marquee>./images/Neo Cherry Master Color - Real Casino Series (World) (En,Ja)-marquee.png</marquee>
		<thumbnail>./images/Neo Cherry Master Color - Real Casino Series (World) (En,Ja)-thumb.png</thumbnail>
		<rating>1</rating>
		<releasedate>19990430T000000</releasedate>
		<developer>Dyna Corp.</developer>
		<publisher>SNK</publisher>
		<genre>Casino</genre>
		<players>2</players>
		<lang>en,jp</lang>
		<region>jp</region>
	</game>
	<game>
		<path>./Neo Dragon's Wild - Real Casino Series (World) (En,Ja) (v1.13).ngc</path>
		<name>Neo Dragon's Wild - Real Casino Series</name>
		<desc>¡¡El juego de simulación de Póker súper auténtico!! ¡El popular juego de póker de casino para NEOGEO POCKET! Este sistema está pensado para todos: desde entusiastas que disfrutan del realismo en los juegos de casino hasta los novicios de los mismos. Ahora podrá sentir la auténtica emoción del juego con Neo Dragon's Wild - ¡el nuevo juego de casino de bolsillo! Los principiantes pueden seleccionar Modo Sencillo para utilizar ajustes de juego más fáciles. Los jugadores más expertos pueden elegir Modo Original para vivir la auténtica sensación del póker de verdad.</desc>
		<image>./images/Neo Dragon's Wild - Real Casino Series (World) (En,Ja) (v1.13)-image.png</image>
		<marquee>./images/Neo Dragon's Wild - Real Casino Series (World) (En,Ja) (v1.13)-marquee.png</marquee>
		<thumbnail>./images/Neo Dragon's Wild - Real Casino Series (World) (En,Ja) (v1.13)-thumb.png</thumbnail>
		<rating>0.8</rating>
		<releasedate>19990430T000000</releasedate>
		<developer>Dyna Corp.</developer>
		<publisher>SNK</publisher>
		<genre>Casino</genre>
		<lang>en,jp</lang>
		<region>jp</region>
	</game>
	<game>
		<path>./Neo Mystery Bonus - Real Casino Series (World) (En,Ja).ngc</path>
		<name>Neo Mystery Bonus - Real Casino Series</name>
		<desc>Neo Mystery Bonus, si bien no es el juego de tragamonedas con más funciones, es rápido y sencillo de acceder. Como la mayoría de los otros juegos de tragamonedas, comienzas haciendo tu apuesta, luego gira las tragamonedas y prueba tu suerte. Los gráficos son sencillos y muestran los diferentes iconos de la máquina con mucha claridad. No hay modos adicionales en el juego, solo tragamonedas básicas.</desc>
		<image>./images/Neo Mystery Bonus - Real Casino Series (World) (En,Ja)-image.png</image>
		<marquee>./images/Neo Mystery Bonus - Real Casino Series (World) (En,Ja)-marquee.png</marquee>
		<thumbnail>./images/Neo Mystery Bonus - Real Casino Series (World) (En,Ja)-thumb.png</thumbnail>
		<rating>0.95</rating>
		<releasedate>19990430T000000</releasedate>
		<developer>Dyna Corp.</developer>
		<publisher>SNK</publisher>
		<genre>Casino</genre>
		<lang>en,jp</lang>
		<region>jp</region>
	</game>
	<game>
		<path>./Pac-Man (World) (En,Ja).ngc</path>
		<name>Pac-Man</name>
		<desc>Pac-Man, uno de los juegos más populares e influyentes de la década de 1980, está protagonizado por un pequeño devorador de puntos amarillos que se abre camino para despejar un laberinto de los diversos puntos y frutas que habitan el tablero.
El objetivo de Pac-Man es continuamente desafiado por cuatro fantasmas: el tímido fantasma azul Tímido (Inky), el fantasma rojo que se arrastra Shadow (Blinky), el veloz fantasma rosa Speedy (Pinky) y el olvidadizo fantasma naranja Pokey (Clyde). Un toque de cualquiera de estos fantasmas significa la muerte de Pac-Man.
Pac-Man puede darle la vuelta a sus perseguidores comiendo de los cuatro Energizadores ubicados dentro del laberinto. Durante este tiempo, los fantasmas se vuelven azules y Pac-Man puede comerlos para obtener puntos de bonificación. Esto solo dura una cantidad limitada de tiempo, ya que los ojos del fantasma flotan de regreso a su caja central y se regeneran para perseguir a Pac-Man nuevamente.
Sobrevive a algunas rondas de juego y disfruta de divertidos intermedios entre Pac-Man y los fantasmas.</desc>
		<image>./images/Pac-Man (World) (En,Ja)-image.png</image>
		<marquee>./images/Pac-Man (World) (En,Ja)-marquee.png</marquee>
		<thumbnail>./images/Pac-Man (World) (En,Ja)-thumb.png</thumbnail>
		<rating>0.8</rating>
		<releasedate>19990101T000000</releasedate>
		<developer>Namco</developer>
		<publisher>SNK</publisher>
		<genre>Acción / Laberinto</genre>
		<playcount>1</playcount>
		<lastplayed>20210130T203543</lastplayed>
		<lang>en,jp</lang>
		<region>jp</region>
	</game>
	<game>
		<path>./Picture Puzzle (USA, Europe).ngc</path>
		<name>Picture Puzzle</name>
		<desc>Picture Puzzle (Oekaki Puzzle en Japón) es un juego de rompecabezas de pintar por números desarrollado por Success para Neo Geo Pocket Color. El juego es idéntico a la serie Picross de Nintendo. Picture Puzzle ofrece un total de 200 rompecabezas: 20 de 5x5, 105 de 10x10 y 75 de 15x15. Esto está sesgado hacia rompecabezas más pequeños porque las cuadrículas en cualquier cosa más grande serían increíblemente pequeñas en la pantalla del NGPC. Además, los rompecabezas más grandes tardan mucho más en resolverse; Los rompecabezas más pequeños le permiten levantar el bolsillo durante 10-20 minutos a la vez y, en un buen día, resolver un rompecabezas completo.
Al completar un rompecabezas, el juego lo reemplaza con una versión en color de la misma cuadrícula y le da un título. Especialmente con los rompecabezas más pequeños, esto es útil porque a veces no está claro qué se supone que es exactamente la imagen completa. Debido a que los colorea, el juego requiere el Neo Geo Pocket Color, es decir, no se ejecutará en un Neo Geo Pocket monocromático.</desc>
		<image>./images/Picture Puzzle (USA, Europe)-image.png</image>
		<marquee>./images/Picture Puzzle (USA, Europe)-marquee.png</marquee>
		<thumbnail>./images/Picture Puzzle (USA, Europe)-thumb.png</thumbnail>
		<rating>0.8</rating>
		<releasedate>20000616T000000</releasedate>
		<developer>Success</developer>
		<publisher>SNK</publisher>
		<genre>Puzzle</genre>
		<lang>en</lang>
		<region>eu</region>
	</game>
	<game>
		<path>./Pocket Reversi (Europe).ngc</path>
		<name>Pocket Reversi</name>
		<desc>Este deporte favorito cuenta con ocho personajes jugables y suficiente acción de tenis para mantener feliz a cualquier fan. Disfruta de un juego realista que te ofrece una gama completa de tiros, incluidos globos, golpes de alta velocidad y más. El modo de exhibición configura una sola partida contra la computadora o, con NeoGeo Cable Link (se vende por separado), un amigo. El modo de torneo te enfrenta a una dura competencia para ver si tienes lo que se necesita para ganar el título. Guarde los resultados de su partido para que pueda presumir más tarde. El modo de grabación te permite relajarte y disfrutar de tus logros en la cancha al ver tus registros y trofeos.</desc>
		<image>./images/Pocket Reversi (Europe)-image.png</image>
		<marquee>./images/Pocket Reversi (Europe)-marquee.png</marquee>
		<thumbnail>./images/Pocket Reversi (Europe)-thumb.png</thumbnail>
		<rating>0.5</rating>
		<releasedate>20000127T000000</releasedate>
		<developer>Success</developer>
		<publisher>SNK</publisher>
		<genre>Puzzle</genre>
		<lang>en</lang>
		<region>eu</region>
	</game>
	<game>
		<path>./Pocket Tennis Color - Pocket Sports Series (World) (En,Ja).ngc</path>
		<name>Pocket Tennis Color - Pocket Sports Series</name>
		<desc>Este deporte favorito cuenta con ocho personajes jugables y suficiente acción de tenis para mantener feliz a cualquier fan. Disfruta de un juego realista que te ofrece una gama completa de tiros, incluidos globos, golpes de alta velocidad y más. El modo de exhibición configura una sola partida contra la computadora o, con NeoGeo Cable Link (se vende por separado), un amigo. El modo de torneo te enfrenta a una dura competencia para ver si tienes lo que se necesita para ganar el título. Guarde los resultados de su partido para que pueda presumir más tarde. El modo de grabación te permite relajarte y disfrutar de tus logros en la cancha al ver tus registros y trofeos.</desc>
		<image>./images/Pocket Tennis Color - Pocket Sports Series (World) (En,Ja)-image.png</image>
		<marquee>./images/Pocket Tennis Color - Pocket Sports Series (World) (En,Ja)-marquee.png</marquee>
		<thumbnail>./images/Pocket Tennis Color - Pocket Sports Series (World) (En,Ja)-thumb.png</thumbnail>
		<rating>0.75</rating>
		<releasedate>19990430T000000</releasedate>
		<developer>Yumekobo</developer>
		<publisher>SNK</publisher>
		<genre>Deportes</genre>
		<lang>en,jp</lang>
		<region>jp</region>
	</game>
	<game>
		<path>./Puyo Pop (World) (En,Ja) (v1.05).ngc</path>
		<name>Puyo Puyo 2</name>
		<desc>El objetivo de este juego de rompecabezas cara a cara es limpiar tu cuadrícula de patrones que caen llamados puyos formando cadenas de cuatro o más puyos del mismo color en línea recta o uno de varios patrones geométricos. Lo que hace que este sea un concurso desafiante para dos jugadores es el hecho de que cuando eliminas una cadena de puyos de tu cuadrícula, suelta una pieza aleatoria de relleno en la cuadrícula de tu oponente. Cuantos más puyos elimines, más llenarás la cuadrícula de tu oponente, y si puedes desordenar su cuadrícula lo suficiente como para llenarla hasta arriba, habrás ganado el juego.</desc>
		<image>./images/Puyo Pop (World) (En,Ja) (v1.05)-image.png</image>
		<marquee>./images/Puyo Pop (World) (En,Ja) (v1.05)-marquee.png</marquee>
		<thumbnail>./images/Puyo Pop (World) (En,Ja) (v1.05)-thumb.png</thumbnail>
		<rating>0.75</rating>
		<releasedate>19990930T000000</releasedate>
		<developer>Compile</developer>
		<publisher>SNK</publisher>
		<genre>Puzzle</genre>
		<playcount>4</playcount>
		<lastplayed>20200407T235553</lastplayed>
		<lang>en,jp</lang>
		<region>jp</region>
	</game>
	<game>
		<path>./Puzzle Bobble Mini (Japan, Europe) (v1.10).ngc</path>
		<name>Bust-A-Move Pocket</name>
		<desc>El juego clásico Bubble Bobble es el ancestro de Puzzle Bobble. Tu objetivo en caa pantalla es hacer estallar todas las burbujas juntando 3 o más del mismo color. El juego incluye un modo para dos jugadores en el que cada jugador intenta hacer estallar todas sus burbujas el primero.</desc>
		<image>./images/Puzzle Bobble Mini (Japan, Europe) (v1.10)-image.png</image>
		<marquee>./images/Puzzle Bobble Mini (Japan, Europe) (v1.10)-marquee.png</marquee>
		<thumbnail>./images/Puzzle Bobble Mini (Japan, Europe) (v1.10)-thumb.png</thumbnail>
		<rating>0.8</rating>
		<releasedate>19990101T000000</releasedate>
		<developer>Taito</developer>
		<publisher>SNK</publisher>
		<genre>Estrategia</genre>
		<players>2</players>
		<lang>jp</lang>
		<region>eu</region>
	</game>
	<game>
		<path>./Puzzle Link (Europe).ngc</path>
		<name>Puzzle Link</name>
		<desc>Puzzle Link es un juego en el que hay que disolver bloques del mismo color. Los nuevos bloques se desplazan constantemente hacia la pantalla desde la parte superior. El juego termina cuando los primeros bloques llegan al final de la pantalla. Puedes disolver bloques disparándoles. Los disparos forman una línea donde impactan. Si esa línea conecta bloques del mismo color que de otro modo no estarían conectados, se disolverán.
Hay tres modos diferentes: En "Normal" tienes que vincular dos bloques especiales que aparecen después de un tiempo. Si logras terminar el nivel dentro del límite de tiempo, desbloquearás una de las 50 cartas coleccionables. En "Clear Mode" tienes que borrar una determinada constelación de bloques. El "Modo de batalla" es un modo de cable de enlace para dos jugadores.</desc>
		<image>./images/Puzzle Link (Europe)-image.png</image>
		<marquee>./images/Puzzle Link (Europe)-marquee.png</marquee>
		<thumbnail>./images/Puzzle Link (Europe)-thumb.png</thumbnail>
		<rating>0.75</rating>
		<releasedate>19990930T000000</releasedate>
		<developer>Yumekobo</developer>
		<publisher>SNK</publisher>
		<genre>Puzzle</genre>
		<lang>en</lang>
		<region>eu</region>
	</game>
	<game>
		<path>./Puzzle Link 2 (USA, Europe).ngc</path>
		<name>Puzzle Link 2</name>
		<desc>La jugabilidad de Puzzle Link 2 es generalmente idéntica a la del primer juego: Puzzle Link es un juego en el que los bloques del mismo color deben disolverse. Los nuevos bloques se desplazan constantemente hacia la pantalla desde la parte superior. El juego termina cuando los primeros bloques llegan al final de la pantalla. Puedes disolver bloques disparándoles. Los disparos forman una línea donde impactan. Si esa línea conecta bloques del mismo color que de otro modo no estarían conectados, se disolverán.
Hay nuevos modos en Puzzle Link 2. Al igual que en el original, existen rondas estándar de desafío y rompecabezas. Pero nuevo en la serie es el juego estilo maratón en el que continúas eliminando piezas a medida que el juego aumenta gradualmente la velocidad. En este modo, aparecen más potenciadores a medida que el jugador se desempeña más rápido. Aquí, obtienes tres disparos que eliminarán la ficha del mismo color del tablero. El juego también tiene soporte de cable de enlace para dos jugadores.</desc>
		<image>./images/Puzzle Link 2 (USA, Europe)-image.png</image>
		<marquee>./images/Puzzle Link 2 (USA, Europe)-marquee.png</marquee>
		<thumbnail>./images/Puzzle Link 2 (USA, Europe)-thumb.png</thumbnail>
		<rating>0.75</rating>
		<releasedate>20000401T000000</releasedate>
		<developer>Yumekobo</developer>
		<publisher>SNK</publisher>
		<genre>Puzzle</genre>
		<lang>en</lang>
		<region>eu</region>
	</game>
	<game>
		<path>./Samurai Shodown! 2 - Pocket Fighting Series (World) (En,Ja).ngc</path>
		<name>Samurai Shodown II</name>
		<desc>¡Una de las legendarias series de juegos de lucha de SNK ha regresado! ¡En Samurai Shodown II, puedes asumir el rol uno de los 15 guerreros mientras te abres camino por la tierra para derrotar al malvado Mizuki! Corta, patea y parte a tus oponentes por la mitad ... haz lo que sea necesario ... vive con la espada y muere con la espada.</desc>
		<image>./images/Samurai Shodown! 2 - Pocket Fighting Series (World) (En,Ja)-image.png</image>
		<marquee>./images/Samurai Shodown! 2 - Pocket Fighting Series (World) (En,Ja)-marquee.png</marquee>
		<thumbnail>./images/Samurai Shodown! 2 - Pocket Fighting Series (World) (En,Ja)-thumb.png</thumbnail>
		<rating>0.7</rating>
		<releasedate>19990101T000000</releasedate>
		<developer>SNK</developer>
		<publisher>SNK</publisher>
		<genre>Lucha</genre>
		<players>2</players>
		<lang>en,jp</lang>
		<region>jp</region>
	</game>
	<game>
		<path>./SNK vs. Capcom - Card Fighters' Clash - Capcom Version (USA, Europe).ngc</path>
		<name>SNK vs. Capcom - Card Fighters Clash - Capcom Vers</name>
		<desc>Compite en el torneo SC Card Fighters 'Clash con tu mazo de Capcom en este juego de cartas NGPC. Recoge las 300 cartas de las franquicias de SNK y Capcom y lucha e intercambia con tus amigos utilizando el modo de enlace extenso. Con una mecánica similar a los CCG como Yu-Gi-Oh y personajes populares tanto de SNK como de Capcom, Card Fighters clash ofrece un juego de colección y estrategia. Este juego también permite la vinculación con SNK vs. Capcom: Match of the Millennium para transferir puntos coleccionables.</desc>
		<image>./images/SNK vs. Capcom - Card Fighters' Clash - Capcom Version (USA, Europe)-image.png</image>
		<marquee>./images/SNK vs. Capcom - Card Fighters' Clash - Capcom Version (USA, Europe)-marquee.png</marquee>
		<thumbnail>./images/SNK vs. Capcom - Card Fighters' Clash - Capcom Version (USA, Europe)-thumb.png</thumbnail>
		<rating>0.9</rating>
		<releasedate>19990101T000000</releasedate>
		<developer>SNK</developer>
		<publisher>Capcom</publisher>
		<genre>Estrategia</genre>
		<players>2</players>
		<lang>en</lang>
		<region>eu</region>
	</game>
	<game>
		<path>./SNK vs. Capcom - Card Fighters' Clash - SNK Version (USA, Europe).ngc</path>
		<name>SNK vs. Capcom: Card Fighter's Clash - SNK Version</name>
		<desc>Compite en el torneo SC Card Fighters 'Clash con tu mazo SNK en este juego de cartas NGPC. Recoge las 300 cartas de las franquicias de SNK y Capcom y lucha e intercambia con tus amigos utilizando el modo de enlace extenso. Con una mecánica similar a los CCG como Yu-Gi-Oh y personajes populares tanto de SNK como de Capcom, Card Fighters clash ofrece un juego de colección y estrategia. Este juego también permite la vinculación con SNK vs. Capcom: Match of the Millennium para transferir puntos coleccionables.</desc>
		<image>./images/SNK vs. Capcom - Card Fighters' Clash - SNK Version (USA, Europe)-image.png</image>
		<marquee>./images/SNK vs. Capcom - Card Fighters' Clash - SNK Version (USA, Europe)-marquee.png</marquee>
		<thumbnail>./images/SNK vs. Capcom - Card Fighters' Clash - SNK Version (USA, Europe)-thumb.png</thumbnail>
		<rating>0.9</rating>
		<releasedate>19990101T000000</releasedate>
		<developer>SNK</developer>
		<publisher>Capcom</publisher>
		<genre>Estrategia</genre>
		<players>2</players>
		<lang>en</lang>
		<region>eu</region>
	</game>
	<game>
		<path>./SNK vs. Capcom - The Match of the Millennium (World) (En,Ja).ngc</path>
		<name>SNK vs. Capcom: The Match of the Millennium</name>
		<desc>Con 18 personajes iniciales (26 en total después de desbloquearlos), numerosos modos de batalla y minijuegos variados, este puede ser el juego de lucha más grande para la Neo Geo Pocket Color. Las características de enlace incluyen batallas entre dos NGPC y el intercambio de datos de NGPC a Dreamcast con otros títulos de SNK.</desc>
		<image>./images/SNK vs. Capcom - The Match of the Millennium (World) (En,Ja)-image.png</image>
		<marquee>./images/SNK vs. Capcom - The Match of the Millennium (World) (En,Ja)-marquee.png</marquee>
		<thumbnail>./images/SNK vs. Capcom - The Match of the Millennium (World) (En,Ja)-thumb.png</thumbnail>
		<rating>0.9</rating>
		<releasedate>19990101T000000</releasedate>
		<developer>Capcom</developer>
		<publisher>Capcom</publisher>
		<genre>Lucha</genre>
		<players>2</players>
		<lang>en,jp</lang>
		<region>jp</region>
	</game>
	<game>
		<path>./Wrestling Madness (USA, Europe) (Beta).ngc</path>
		<name>Wrestling Madness</name>
		<desc>Solo un puñado de los mejores luchadores pueden mostrar su rostro en la televisión para sus fanáticos en casa. En el tapete I.E.W, esta regla no es una excepción. En un evento practicado durante 300 años, solo se demandan las mejores actuaciones. Este año, el gran rey del I.E.W, Joseph Steel, regresa para defender su trono. La historia de los ocho mejores luchadores que compiten por el mayor premio en el ring, el cinturón de campeón de I.E.W, está a punto de comenzar ...</desc>
		<image>./images/Wrestling Madness (USA, Europe) (Beta)-image.png</image>
		<marquee>./images/Wrestling Madness (USA, Europe) (Beta)-marquee.png</marquee>
		<thumbnail>./images/Wrestling Madness (USA, Europe) (Beta)-thumb.png</thumbnail>
		<rating>0.6</rating>
		<releasedate>20001123T000000</releasedate>
		<developer>S-Neo</developer>
		<publisher>SNK</publisher>
		<genre>Deportes</genre>
		<players>2</players>
		<lang>en</lang>
		<region>eu</region>
	</game>
	<game>
		<path>./Dive Alert - Becky's Version (USA, Europe).ngc</path>
		<name>Dive Alert: Becky's Version</name>
		<desc>Dive Alert: Becky's Version es un juego de rol para Neo Geo Pocket Color. Hay otra versión de Dive Alert llamada Dive Alert: Matt's Version. Los dos juegos son como los lanzamientos conjuntos de Pokémon (rojo / azul, etc.) en los que en general son el mismo juego con una variedad de diferencias más pequeñas.
El jugador toma el control de un personaje llamado Becky. El juego tiene lugar en el futuro y el mundo está rodeado principalmente de agua. La única tierra es un pequeño parche llamado Terra. El jugador debe demostrar su valía para ser aceptado en Terra demostrando su habilidad como comandante de submarinos y destruyendo naves enemigas.
La versión de Becky presenta diferentes personajes, elementos y barcos de la versión de Matt. Estos se registran en un dispositivo similar a una Pokédex (de Pokémon). Las batallas tienen lugar contra barcos enemigos y se usa una vista de radar para ayudar al jugador a guiar los torpedos hacia los barcos enemigos. Gran parte del juego está basado en texto con escenas animadas.</desc>
		<image>./images/Dive Alert - Becky's Version (USA, Europe)-image.png</image>
		<marquee>./images/Dive Alert - Becky's Version (USA, Europe)-marquee.png</marquee>
		<thumbnail>./images/Dive Alert - Becky's Version (USA, Europe)-thumb.png</thumbnail>
		<rating>0.55</rating>
		<releasedate>20000416T000000</releasedate>
		<developer>Sacnoth</developer>
		<publisher>SNK</publisher>
		<genre>Juegos de rol</genre>
		<players>2</players>
		<lang>en</lang>
		<region>eu</region>
	</game>
	<game>
		<path>./Cool Boarders Pocket (Japan, Europe) (En,Ja).ngc</path>
		<name>Cool Boarders Pocket</name>
		<desc>Cool Boarders Pocket se diferencia de otros juegos de la serie Cool Boarders. Cuenta con una vista isométrica (aérea) en lugar de una perspectiva en tercera persona. El juego presenta dos modos de juego: un modo de viaje gratuito en el que el jugador navega por una carrera de obstáculos sin restricciones hasta que alcanza la meta, y un modo de supervivencia donde el jugador hace snowboard a través de la carrera de obstáculos hasta que se queda sin salud. El juego permite al jugador elegir uno de dos personajes; un snowboarder femenino o masculino.</desc>
		<image>./images/Cool Boarders Pocket (Japan, Europe) (En,Ja)-image.png</image>
		<marquee>./images/Cool Boarders Pocket (Japan, Europe) (En,Ja)-marquee.png</marquee>
		<thumbnail>./images/Cool Boarders Pocket (Japan, Europe) (En,Ja)-thumb.png</thumbnail>
		<rating>0.45</rating>
		<releasedate>20000101T000000</releasedate>
		<developer>UEP Systems</developer>
		<publisher>SNK</publisher>
		<genre>Deportes / Esquí</genre>
		<lang>jp,en</lang>
		<region>jp</region>
	</game>
	<game>
		<path>./Cool Cool Jam (USA, Europe) (Sample).ngc</path>
		<name>Cool Cool Jam</name>
		<desc>Cool Cool Jam es un videojuego de ritmo con instrumentos musicales publicado para la Neo Geo Pocket Color en 2000. Cool Cool Jam es similar en su experiencia de juego a otros títulos como: PaRappa the Rapper, Donkey Konga o Beatmania.

La historia trata sobre un chico y una chica que son transportados 1,000 años en el futuro. Para regresar a su hogar deben formar una banda musical que sea exitosa y popular.</desc>
		<image>./images/Cool Cool Jam (USA, Europe) (Sample)-image.png</image>
		<marquee>./images/Cool Cool Jam (USA, Europe) (Sample)-marquee.png</marquee>
		<thumbnail>./images/Cool Cool Jam (USA, Europe) (Sample)-thumb.png</thumbnail>
		<rating>0.75</rating>
		<releasedate>20000810T000000</releasedate>
		<developer>SNK</developer>
		<publisher>SNK</publisher>
		<genre>Música y Baile</genre>
		<players>2</players>
		<lang>en</lang>
		<region>eu</region>
	</game>
	<game>
		<path>./Crush Roller (World) (En,Ja).ngc</path>
		<name>Crush Roller</name>
		<desc>Crush Roller es un juego para Neo Geo Pocket Color basado en el juego de arcade de 1981 Make Trax, que fue lanzado como Crush Roller en Europa y Asia.
El objetivo del juego es colorear todo el campo de juego en forma de laberinto con un pincel. Mientras pintas, dos enemigos caminan por el laberinto, cuando te golpean, pierdes una vida.
Un nivel tiene rodillos que puede empujar hacia adelante con su pincel. Si capturas a un enemigo en el camino del rodillo, muere y queda temporalmente fuera del juego. Esto le otorga puntos extra. Cada enemigo subsiguiente volcado vale más puntos. 
De vez en cuando aparecerá otra criatura, correrá dejando marcas en tu pintura. Pintar sobre esta criatura la elimina del juego y te otorga puntos adicionales. Sus huellas tienen que ser repintadas.
Cuando todo el laberinto está pintado, ganas el nivel. A diferencia de la versión arcade original, la versión Neo Geo Pocket Color tiene múltiples niveles.</desc>
		<image>./images/Crush Roller (World) (En,Ja)-image.png</image>
		<marquee>./images/Crush Roller (World) (En,Ja)-marquee.png</marquee>
		<thumbnail>./images/Crush Roller (World) (En,Ja)-thumb.png</thumbnail>
		<rating>0.75</rating>
		<releasedate>19990430T000000</releasedate>
		<developer>ADK</developer>
		<publisher>SNK</publisher>
		<genre>Acción / Laberinto</genre>
		<players>2</players>
		<lang>en,jp</lang>
		<region>jp</region>
	</game>
	<game>
		<path>./Dark Arms - Beast Buster 1999 (World) (En,Ja).ngc</path>
		<name>Dark Arms: Beast Buster 1999</name>
		<desc>Dark Arms: Beast Buster 1999 es un juego de rol para Neo Geo Pocket Color. Es un derivado del juego de arcade Beast Busters.
Paralelo a nuestro mundo encontramos el Reino Oscuro. Como jugador, tienes acceso a esta dimensión paralela después de firmar un pacto con el Maestro del Reino Oscuro. En su reino, se supone que debes atrapar monstruos. Estos se pueden alimentar a sus armas biológicas: Dark Arms. Tus armas obtienen habilidades de monstruos consumidos y pueden evolucionar a equipos más poderosos. También puedes encontrar semillas en el Reino Oscuro que se convierten en nuevas armas.
El juego presenta acertijos que deben resolverse y una amplia gama de monstruos no muertos que pueden alimentarse con Dark Arms.</desc>
		<image>./images/Dark Arms - Beast Buster 1999 (World) (En,Ja)-image.png</image>
		<marquee>./images/Dark Arms - Beast Buster 1999 (World) (En,Ja)-marquee.png</marquee>
		<thumbnail>./images/Dark Arms - Beast Buster 1999 (World) (En,Ja)-thumb.png</thumbnail>
		<rating>0.75</rating>
		<releasedate>19991123T000000</releasedate>
		<developer>Noise Factory</developer>
		<publisher>SNK</publisher>
		<genre>Juegos de rol</genre>
		<players>2</players>
		<lang>en,jp</lang>
		<region>jp</region>
	</game>
	<game>
		<path>./Dive Alert - Matt's Version (USA, Europe).ngc</path>
		<name>Dive Alert - Matt's Version</name>
		<desc>El jugador toma el control de un personaje llamado Matt. El juego se desarrolla en el futuro y el mundo está rodeado principalmente de agua. La única pequeña parcela de tierra llamada se llama Terra. El jugador debe demostrar su valía para ser aceptado en Terra demostrando su habilidad como comandante de submarinos y destruyendo naves enemigas.
La versión de Matt presenta diferentes personajes, elementos y barcos a la versión de Becky. Estos se registran en un dispositivo similar a una Pokédex. Las batallas tienen lugar contra otros barcos. Se utiliza una vista de radar para ayudar a los jugadores a guiar torpedos contra el enemigo. Una gran parte del juego se basa en texto con escenas animadas. Dos jugadores pueden conectarse con el cable para luchar, intercambiar barcos y acumular otros datos.</desc>
		<image>./images/Dive Alert - Matt's Version (USA, Europe)-image.png</image>
		<marquee>./images/Dive Alert - Matt's Version (USA, Europe)-marquee.png</marquee>
		<thumbnail>./images/Dive Alert - Matt's Version (USA, Europe)-thumb.png</thumbnail>
		<rating>0.5</rating>
		<releasedate>20000416T000000</releasedate>
		<developer>Sacnoth</developer>
		<publisher>SNK</publisher>
		<genre>Juegos de rol</genre>
		<players>2</players>
		<playcount>1</playcount>
		<lastplayed>20200509T161441</lastplayed>
		<lang>en</lang>
		<region>eu</region>
	</game>
	<game>
		<path>./Dynamite Slugger (Japan, Europe) (En,Ja).ngc</path>
		<name>Dynamite Slugger</name>
		<desc>Dynamite Slugger es un videojuego lanzado en el año 2000 para la consola portátil Neo Geo Pocket Color. El juego es similar a otros videojuegos de baseball para la Neo Geo Pocket Color como Baseball Stars y Baseball Stars Color. Dado que Dynamite Slugger fue el último videojuego de baseball lanzado para la Neo Geo Pocket Color, éste tiene mejores gráficos que los otros títulos deportivos antes mencionados.</desc>
		<image>./images/Dynamite Slugger (Japan, Europe) (En,Ja)-image.png</image>
		<marquee>./images/Dynamite Slugger (Japan, Europe) (En,Ja)-marquee.png</marquee>
		<thumbnail>./images/Dynamite Slugger (Japan, Europe) (En,Ja)-thumb.png</thumbnail>
		<rating>0.45</rating>
		<releasedate>20000101T000000</releasedate>
		<developer>ADK</developer>
		<publisher>SNK</publisher>
		<genre>Deportes / Béisbol</genre>
		<players>2</players>
		<lang>jp,en</lang>
		<region>jp</region>
	</game>
	<game>
		<path>./Evolution - Eternal Dungeons (Europe).ngc</path>
		<name>Evolution: Eternal Dungeon</name>
		<desc>Adaptación portable de "Evolution: The World of Sacred Device". Eternal Dungeon cuenta la historia del joven explorador Mag Launcher y su búsqueda de la legendaria Evolutia, un objeto de inmenso poder.

La premisa básica del juego es aceptar misiones en la ciudad y organizar un grupo para intentar superar las diferentes mazmorras del juego, subiendo de nivel a tus personajes y obteniendo el botín y experiencia necesarios para avanzar en la historia y comprar objetos, equipo y mejoras para tu Cy-frame, una equipación robótica que permite a Mag mejorar sus habilidades de combate.

Como cabía esperar de la versión portátil, la jugabilidad ha sido reducida considerablemente frente a la versión original de Dreamcast. La navegación en ciudad está basada en menús y los gráficos son ahora sprites 2D en vista cenital, con todas las mazmorras pre-diseñadas en vez de generadas aleatoriamente. El combate está basado en turnos usando un sistema de menús desde el que seleccionas tus acciones para cada miembro del grupo (hasta 3) y las ejecutas, pero sigue siendo igual para todo lo demás.</desc>
		<image>./images/Evolution - Eternal Dungeons (Europe)-image.png</image>
		<marquee>./images/Evolution - Eternal Dungeons (Europe)-marquee.png</marquee>
		<thumbnail>./images/Evolution - Eternal Dungeons (Europe)-thumb.png</thumbnail>
		<rating>0.7</rating>
		<releasedate>20000101T000000</releasedate>
		<developer>ESP</developer>
		<publisher>SEGA</publisher>
		<genre>Juegos de rol</genre>
		<players>2</players>
		<lang>en</lang>
		<region>eu</region>
	</game>
	<game>
		<path>./Sonic the Hedgehog - Pocket Adventure (World).ngc</path>
		<name>Sonic the Hedgehog : Pocket Adventure</name>
		<desc>Sonic the Hedgehog Pocket Adventure, o Sonic Pocket Adventure para abreviar, es un videojuego de plataformas de la serie Sonic the Hedgehog desarrollado por SNK. Fue lanzado en diciembre de 1999 en Norteamérica y en mayo de 2000 en Japón, exclusivamente para la videoconsola portátil Neo Geo Pocket Color. También es el segundo juego de la serie Sonic que se lanza en una consola de videojuegos que no es de  Sega, siendo el primero Sonic Jam en Game.com. El juego fue elogiado por los críticos, recibiendo puntajes perfectos en múltiples reseñas.</desc>
		<image>./images/Sonic the Hedgehog - Pocket Adventure (World)-image.png</image>
		<marquee>./images/Sonic the Hedgehog - Pocket Adventure (World)-marquee.png</marquee>
		<thumbnail>./images/Sonic the Hedgehog - Pocket Adventure (World)-thumb.png</thumbnail>
		<rating>0.9</rating>
		<releasedate>19990101T000000</releasedate>
		<developer>SNK</developer>
		<publisher>SNK</publisher>
		<genre>Plataforma</genre>
		<players>2</players>
		<favorite>true</favorite>
		<playcount>16</playcount>
		<lastplayed>20220811T124252</lastplayed>
		<gametime>662</gametime>
		<lang>en</lang>
		<region>wr</region>
	</game>
</gameList>
