<?xml version="1.0"?>
<gameList>
	<game id="8836">
		<path>./Sonic Unleashed (Europe) (En,Ja,Fr,De,Es,It).iso</path>
		<name>Sonic Unleashed</name>
		<desc>¡Sonic the Hedgehog se lanza a una aventura sin igual! Con un motor de juego completamente nuevo, Sonic Unleashed nos ofrece la jugabilidad clásica de Sonic, mezclando arrasadora acción 2D y detallados gráficos 3D, en un viaje en el que recorrerá fascinantes escenarios para intentar salvar al mundo.</desc>
		<image>./images/Sonic Unleashed (Europe) (En,Ja,Fr,De,Es,It)-image.png</image>
		<marquee>./images/Sonic Unleashed (Europe) (En,Ja,Fr,De,Es,It)-marquee.png</marquee>
		<thumbnail>./images/Sonic Unleashed (Europe) (En,Ja,Fr,De,Es,It)-thumb.png</thumbnail>
		<rating>0.75</rating>
		<releasedate>20081128T000000</releasedate>
		<developer>Sonic Team</developer>
		<publisher>SEGA</publisher>
		<genre>Beat'em Up</genre>
		<family>Sonic</family>
		<players>1</players>
		<playcount>1</playcount>
		<lastplayed>20220614T012153</lastplayed>
		<gametime>41</gametime>
		<lang>de,en,jp,es,fr,it</lang>
		<region>eu</region>
	</game>
	<game id="8703">
		<path>./Super Mario Galaxy 2 (Europe) (En,Fr,De,Es,It).iso</path>
		<name>Super Mario Galaxy 2</name>
		<desc>¡Prepárate para experimentar una nueva aventura de proporciones intergalácticas protagonizada por Mario y Yoshi! Encontrarás un universo lleno de galaxias que desafían a la gravedad, una gran variedad de amigos y enemigos, y diversos objetos especiales en este inolvidable viaje a través del cosmos.</desc>
		<image>./images/Super Mario Galaxy 2 (Europe) (En,Fr,De,Es,It)-image.png</image>
		<marquee>./images/Super Mario Galaxy 2 (Europe) (En,Fr,De,Es,It)-marquee.png</marquee>
		<thumbnail>./images/Super Mario Galaxy 2 (Europe) (En,Fr,De,Es,It)-thumb.png</thumbnail>
		<rating>0.95</rating>
		<releasedate>20100523T000000</releasedate>
		<developer>Nintendo EAD</developer>
		<publisher>Nintendo</publisher>
		<genre>Plataforma</genre>
		<players>2</players>
		<playcount>1</playcount>
		<lastplayed>20220614T012340</lastplayed>
		<gametime>44</gametime>
		<lang>de,en,es,fr,it</lang>
		<region>eu</region>
	</game>
	<game id="8691">
		<path>./The Legend of Zelda - Skyward Sword.iso</path>
		<name>The Legend of Zelda - Skyward Sword</name>
		<desc>Conviértete en el legendario Link y explora tus alrededores como nunca, porque el mando de Wii Plus transforma por completo la experiencia. Empuña las armas de un verdadero héroe y manéjalas con precisión, y prepárate para blandir la espada de forma más estratégica en esta gran aventura épica de Zelda.</desc>
		<image>./images/The Legend of Zelda - Skyward Sword-image.png</image>
		<marquee>./images/The Legend of Zelda - Skyward Sword-marquee.png</marquee>
		<thumbnail>./images/The Legend of Zelda - Skyward Sword-thumb.png</thumbnail>
		<rating>0.85</rating>
		<releasedate>20111120T000000</releasedate>
		<developer>Nintendo</developer>
		<publisher>Nintendo</publisher>
		<genre>Aventura</genre>
		<family>The Legend of Zelda</family>
		<players>1</players>
		<playcount>1</playcount>
		<lastplayed>20220614T012441</lastplayed>
		<gametime>57</gametime>
		<lang>es</lang>
	</game>
	<game id="8731">
		<path>./Sonic Colours (Europe) (En,Ja,Fr,De,Es,It).iso</path>
		<name>Sonic Colours</name>
		<desc>Prepárate para el retorno del erizo más rápido del mundo, Sonic the Hedgehog, en una nueva aventura para la consola Wii. Sonic Colours presenta a Sonic en un lance espectacular que combina velocidad con el juego clásico de plataformas.</desc>
		<image>./images/Sonic Colours (Europe) (En,Ja,Fr,De,Es,It)-image.png</image>
		<marquee>./images/Sonic Colours (Europe) (En,Ja,Fr,De,Es,It)-marquee.png</marquee>
		<thumbnail>./images/Sonic Colours (Europe) (En,Ja,Fr,De,Es,It)-thumb.png</thumbnail>
		<rating>0.8</rating>
		<releasedate>20101112T000000</releasedate>
		<developer>Sonic Team</developer>
		<publisher>SEGA</publisher>
		<genre>Plataforma</genre>
		<family>Sonic</family>
		<players>2</players>
		<playcount>2</playcount>
		<lastplayed>20220625T124958</lastplayed>
		<gametime>34</gametime>
		<lang>de,en,jp,es,fr,it</lang>
		<region>eu</region>
	</game>
	<game id="8694">
		<path>./Mario Kart Wii.iso</path>
		<name>Mario Kart Wii</name>
		<desc>Basta con poner tu mando en el Wii Wheel para ocupar el asiento del conductor. Es tan intuitivo que estarás derrapando, ejecutando piruetas aéreas y haciendo caballitos en menos de lo que canta un gallo. ¡Participa en emocionantes carreras de hasta cuatro jugadores desde una única consola Wii!</desc>
		<image>./images/Mario Kart Wii-image.png</image>
		<marquee>./images/Mario Kart Wii-marquee.png</marquee>
		<thumbnail>./images/Mario Kart Wii-thumb.png</thumbnail>
		<rating>0.8</rating>
		<releasedate>20080411T000000</releasedate>
		<developer>Nintendo EAD</developer>
		<publisher>Nintendo</publisher>
		<genre>Carreras, Conducción</genre>
		<family>Mario Kart</family>
		<players>4</players>
		<playcount>4</playcount>
		<lastplayed>20220729T205456</lastplayed>
		<gametime>605</gametime>
		<lang>es</lang>
	</game>
	<game id="8698">
		<path>./New Super Mario Bros. Wii (Europe) (En,Fr,De,Es,It) (Rev 2).iso</path>
		<name>New Super Mario Bros. Wii</name>
		<desc>Guía a Mario a través de mundos llenos de aventuras con el mando de Wii, y decide si quieres salvar a la Princesa Peach tú solo o con algo de ayuda de tus amigos. New Super Mario Bros. Wii permite hasta a cuatro jugadores tomar parte en la acción a la vez, creando un caos total ya que podéis jugar colaborando o compitiendo a la hora de montar a lomos de Yoshi, hacerse con los preciados potenciadores.</desc>
		<image>./images/New Super Mario Bros. Wii (Europe) (En,Fr,De,Es,It) (Rev 2)-image.png</image>
		<marquee>./images/New Super Mario Bros. Wii (Europe) (En,Fr,De,Es,It) (Rev 2)-marquee.png</marquee>
		<thumbnail>./images/New Super Mario Bros. Wii (Europe) (En,Fr,De,Es,It) (Rev 2)-thumb.png</thumbnail>
		<rating>0.85</rating>
		<releasedate>20091115T000000</releasedate>
		<developer>Nintendo</developer>
		<publisher>Nintendo</publisher>
		<genre>Plataforma</genre>
		<family>Super Mario Bros</family>
		<players>4</players>
		<playcount>4</playcount>
		<lastplayed>20220812T224841</lastplayed>
		<gametime>510</gametime>
		<lang>de,en,es,fr,it</lang>
		<region>eu</region>
	</game>
	<game id="8708">
		<path>./Super Mario Galaxy (Europe) (En,Fr,De,Es,It).iso</path>
		<name>Super Mario Galaxy</name>
		<desc>¿Existe algún lugar tan, tan grande que dé cabida a la mayor aventura de Mario de todos los tiempos? ¡Pues el espacio exterior! Super Mario Galaxy es la nueva entrega de la larga serie de juegos de plataformas de Mario, y va a cambiar tu percepción de los videojuegos para siempre.</desc>
		<image>./images/Super Mario Galaxy (Europe) (En,Fr,De,Es,It)-image.png</image>
		<marquee>./images/Super Mario Galaxy (Europe) (En,Fr,De,Es,It)-marquee.png</marquee>
		<thumbnail>./images/Super Mario Galaxy (Europe) (En,Fr,De,Es,It)-thumb.png</thumbnail>
		<rating>0.85</rating>
		<releasedate>20071116T000000</releasedate>
		<developer>Nintendo EAD</developer>
		<publisher>Nintendo</publisher>
		<genre>Plataforma</genre>
		<players>2</players>
		<playcount>5</playcount>
		<lastplayed>20220812T222956</lastplayed>
		<gametime>180</gametime>
		<lang>de,en,es,fr,it</lang>
		<region>eu</region>
	</game>
</gameList>
