<?xml version="1.0"?>
<gameList>
	<game>
		<path>./Daxter (Europe) (En,Fr,De,Es,It,Ko).iso</path>
		<name>Daxter</name>
		<desc>La historia se desarrolla mientras Daxter busca a Jak, a quien encarcelaron durante los eventos que llevaron al inicio de Jak II. Ahora, Daxter está solo en un lugar que no conoce y rápidamente se da cuenta de que ser pequeño y peludo no incrementa sus oportunidades de supervivencia. Para ayudar a eliminar una misteriosa peste de bichos metálicos, Daxter acepta un trabajo de exterminador, lo que le permite explorar partes de Haven City en un esfuerzo por recopilar las pistas que lo lleven a Jak.</desc>
		<image>./images/Daxter (Europe) (En,Fr,De,Es,It,Ko)-image.png</image>
		<marquee>./images/Daxter (Europe) (En,Fr,De,Es,It,Ko)-marquee.png</marquee>
		<thumbnail>./images/Daxter (Europe) (En,Fr,De,Es,It,Ko)-thumb.png</thumbnail>
		<rating>0.7</rating>
		<releasedate>20060314T000000</releasedate>
		<developer>Ready At Dawn Studios</developer>
		<publisher>Sony</publisher>
		<genre>Acción</genre>
		<players>2</players>
		<lang>de,en,es,fr,it</lang>
		<region>eu</region>
	</game>
	<game>
		<path>./God of War - Ghost of Sparta (Europe) (En,Fr,De,Es,It) (PSN).iso</path>
		<name>God of War : Ghost of Sparta</name>
		<desc>Conoce la verdadera historia del pasado trágico de Kratos y su ascenso meteórico hasta el monte Olimpo.
Sigue a Kratos en su viaje de destrucción brutal por el oscuro mundo de los dioses griegos en el que revelará su historia maldita.
Desata el caos total con las nuevas y espectaculares armas que tendrás a tu disposición y perfecciona tus habilidades gracias a una serie de ágiles movimientos de combate.</desc>
		<image>./images/God of War - Ghost of Sparta (Europe) (En,Fr,De,Es,It) (PSN)-image.png</image>
		<marquee>./images/God of War - Ghost of Sparta (Europe) (En,Fr,De,Es,It) (PSN)-marquee.png</marquee>
		<thumbnail>./images/God of War - Ghost of Sparta (Europe) (En,Fr,De,Es,It) (PSN)-thumb.png</thumbnail>
		<rating>0.9</rating>
		<developer>Ready At Dawn Studios</developer>
		<publisher>Sony</publisher>
		<genre>Beat'em Up</genre>
		<lang>de,en,es,fr,it</lang>
		<region>eu</region>
	</game>
	<game>
		<path>./Killzone Liberation.iso</path>
		<name>Killzone : Liberation</name>
		<desc>La guerra de Vektan todavía no ha terminado. Los Helghast adoptan nuevas tácticas para capturar las bases de las islas al sur del planeta y tendrán que enfrentarse a la creciente resistencia ISA. El general Armin Metrac encabeza esta nueva estrategia y capturará a un grupo de vips de ISA que le servirán de moneda de cambio en la negociación para conseguir la retirada de las fuerzas ISA de la región. En medio de esta incertidumbre, el capitán Jan Templar es enviado en una misión secreta tras las líneas enemigas para rescatar a los rehenes y, finalmente, decidir la suerte del sur de Vekta.</desc>
		<image>./images/Killzone Liberation-image.png</image>
		<marquee>./images/Killzone Liberation-marquee.png</marquee>
		<thumbnail>./images/Killzone Liberation-thumb.png</thumbnail>
		<rating>0.85</rating>
		<developer>Guerrilla</developer>
		<publisher>Sony</publisher>
		<genre>Estrategia</genre>
		<players>2-6</players>
		<lang>en</lang>
	</game>
	<game>
		<path>./Kingdom Hearts - Birth by Sleep (Europe).iso</path>
		<name>Kingdom Hearts : Birth by Sleep</name>
		<desc>Kingdom Hearts Birth by Sleep combina el maravilloso universo de Disney con el de Square Enix para crear un juego de Rol con una presentación magnífica. Enseguida reconocerás a conocidos personajes de Disney, como Mickey Mouse y Blancanieves, que acompañarán al elenco principal formado por Terra, Ventus y Aqua, que cuentan con un diseño brillante y mucho carisma. Nuestros héroes afrontarán su misión bien equipados con una amplia gama de ataques tanto físicos como mágicos. Las místicas y poderosas Llaves Espada te permitirán acabar con tus oponentes con ataques combinados o poderosos golpes elementales.</desc>
		<image>./images/Kingdom Hearts - Birth by Sleep (Europe)-image.png</image>
		<marquee>./images/Kingdom Hearts - Birth by Sleep (Europe)-marquee.png</marquee>
		<thumbnail>./images/Kingdom Hearts - Birth by Sleep (Europe)-thumb.png</thumbnail>
		<rating>0.9</rating>
		<releasedate>20100109T000000</releasedate>
		<developer>Square Enix</developer>
		<publisher>Square Enix</publisher>
		<genre>Juegos de rol</genre>
		<lang>en</lang>
		<region>eu</region>
	</game>
	<game>
		<path>./Loco Roco 2 (Europe).iso</path>
		<name>LocoRoco 2</name>
		<desc>El tranquilo mundo de los LocoRoco ha sido atacado por el malvado ejército Moja... y necesitan tu ayuda para defenderlo.

Para arreglar la situación, los LocoRoco deben comer, rodar y rebotar a través de 25 fases multicolor, impidiendo a los Moja liberar una canción tan mala que es capaz de absorber la fuerza vital de los seres vivos. Por suerte, nuestros gelatinosos héroes se saben un par de canciones de su propia cosecha y, difundiendo su alegre melodía, pueden revivir el medio ambiente y desterrar a los Moja para siempre.</desc>
		<image>./images/Loco Roco 2 (Europe)-image.png</image>
		<marquee>./images/Loco Roco 2 (Europe)-marquee.png</marquee>
		<thumbnail>./images/Loco Roco 2 (Europe)-thumb.png</thumbnail>
		<rating>0.9</rating>
		<releasedate>19700101T010000</releasedate>
		<developer>Sony Computer Entertainment</developer>
		<publisher>Sony Computer Entertainment</publisher>
		<genre>Estrategia</genre>
		<players>2-4</players>
		<lang>en</lang>
		<region>eu</region>
	</game>
	<game>
		<path>./Lumines.iso</path>
		<name>Lumines</name>
		<desc>Lumines es un juego tipo puzzle musical adictivo, moderno y con mucho estilo que recuerda al mítico Tetris. El juego cuenta 24 niveles llenos de acción y desafíos. Además incluye 4 modos de juego, para uno o varios jugadores, que garantizan la emoción y la variedad en las partidas con las que promete superar a todos los juegos de este género que existen hasta la fecha.</desc>
		<image>./images/Lumines-image.png</image>
		<marquee>./images/Lumines-marquee.png</marquee>
		<thumbnail>./images/Lumines-thumb.png</thumbnail>
		<rating>0.8</rating>
		<releasedate>20041212T000000</releasedate>
		<developer>Bandai Namco</developer>
		<publisher>Ubisoft</publisher>
		<genre>Puzzle</genre>
		<players>2</players>
		<lang>en</lang>
	</game>
	<game>
		<path>./Monster Hunter Freedom.iso</path>
		<name>Monster Hunter Freedom</name>
		<desc>Monster Hunter Freedom es un adaptación para el Sistema Portátil PSP del juego Monster Hunter G lanzado exclusivamente en Japón, es una especie de juego "Director's Cut" (versión del director), es decir, se refiere a una versión ligeramente modificada del Monster Hunter original. Si bien una buena parte del juego refleja el juego original de Playstation 2, ha habido una gran cantidad de adiciones. Ahora hay más misiones, más monstruos, más armas, más armaduras y más áreas alrededor de la ciudad para usar a tu favor. 

Disfruta de la caza y conquista de feroces bestias solo o con la ayuda de otros gracias al modo Ad-Hod, gráficos impresionantes, ambientes suntuosos y monstruos detallados aparecerán en la pantalla de tu PSP.</desc>
		<image>./images/Monster Hunter Freedom-image.png</image>
		<marquee>./images/Monster Hunter Freedom-marquee.png</marquee>
		<thumbnail>./images/Monster Hunter Freedom-thumb.png</thumbnail>
		<rating>0.85</rating>
		<releasedate>20060523T000000</releasedate>
		<developer>Capcom</developer>
		<publisher>Capcom</publisher>
		<genre>Estrategia</genre>
		<lang>en</lang>
	</game>
	<game>
		<path>./Need for Speed - Underground Rivals (Europe) (En,Fr,De,Es,It).iso</path>
		<name>Need for Speed : Underground Rivals</name>
		<desc>Personaliza y mejora al máximo tu tuning, sácales brillo a las llantas y sumérgete en el mundo de las carreras callejeras. Personaliza los hasta veinte coches tuneados japoneses y estadounidenses de alto rendimiento y pisa a fondo el acelerador en los diez circuitos diferentes. Compite contra otro piloto usando la conexión inalámbrica o desafía hasta a cuatro competidores en un sistema PSP en el modo Party Play.</desc>
		<image>./images/Need for Speed - Underground Rivals (Europe) (En,Fr,De,Es,It)-image.png</image>
		<marquee>./images/Need for Speed - Underground Rivals (Europe) (En,Fr,De,Es,It)-marquee.png</marquee>
		<thumbnail>./images/Need for Speed - Underground Rivals (Europe) (En,Fr,De,Es,It)-thumb.png</thumbnail>
		<rating>0.8</rating>
		<releasedate>20050314T000000</releasedate>
		<developer>Electronic Arts</developer>
		<publisher>Electronic Arts</publisher>
		<genre>Carreras, Conducción</genre>
		<players>4</players>
		<lang>de,en,es,fr,it</lang>
		<region>eu</region>
	</game>
	<game>
		<path>./Need For Speed Carbon Own The City.iso</path>
		<name>Need for Speed Carbon : Own the City</name>
		<desc>Need for Speed ​​Carbon lleva las carreras portátiles a un nivel completamente diferente con un juego completamente nuevo basado en la tripulación. Construye una tripulación imparable y arregla una guerra territorial contra tus rivales más feroces a la vez que esquivas a los policías. La forma en que elijas y gestiones a tu tripulación será la diferencia entre la victoria y la derrota.</desc>
		<image>./images/Need For Speed Carbon Own The City-image.png</image>
		<marquee>./images/Need For Speed Carbon Own The City-marquee.png</marquee>
		<thumbnail>./images/Need For Speed Carbon Own The City-thumb.png</thumbnail>
		<rating>0.75</rating>
		<releasedate>20061031T000000</releasedate>
		<developer>EA Black Box</developer>
		<publisher>Electronic Arts</publisher>
		<genre>Carreras, Conducción</genre>
		<lang>en</lang>
	</game>
	<game>
		<path>./Patapon 2 (Europe) (En,Fr,De,Es,It).iso</path>
		<name>Patapon 2</name>
		<desc>A medio camino entre el juego de guerra y el juego de ritmo, Patapon 2 en PSP nos invita a entrar en combinaciones clave en ritmo para guiar a los luchadores 2D en varios campos de batalla. Más de sesenta niveles nos permitirán poner a prueba tus habilidades estratégicas y musicales esta vez, mientras que los héroes y un sofisticado sistema de creación de personajes hacen una notable aparición.</desc>
		<image>./images/Patapon 2 (Europe) (En,Fr,De,Es,It)-image.png</image>
		<marquee>./images/Patapon 2 (Europe) (En,Fr,De,Es,It)-marquee.png</marquee>
		<thumbnail>./images/Patapon 2 (Europe) (En,Fr,De,Es,It)-thumb.png</thumbnail>
		<rating>0.85</rating>
		<releasedate>20081127T000000</releasedate>
		<developer>Pyramid</developer>
		<publisher>Sony</publisher>
		<genre>Música y Baile</genre>
		<players>2-4</players>
		<lang>de,en,es,fr,it</lang>
		<region>eu</region>
	</game>
	<game>
		<path>./Patapon 3 (Europe) (En,Fr,De,Es,It,Nl,Pt,Pl,Ru) (v1.01).iso</path>
		<name>Patapon 3</name>
		<desc>La mayor aventura portátil de ritmo y guerra ha vuelto con un sólido soporte en línea. Devasta a tus oponentes con ataques como Superhéroe Patapon en la tercera iteración de la aclamada acción/aventura rítmica. Juega con tus amigos, enfréntate a un clan de otros jugadores de Patapon con juegos en red que permiten hasta ocho personas. Personaliza tu tribu con diferentes armas y habilidades en la mayor aventura portátil de ritmo y guerra.</desc>
		<image>./images/Patapon 3 (Europe) (En,Fr,De,Es,It,Nl,Pt,Pl,Ru) (v1.01)-image.png</image>
		<marquee>./images/Patapon 3 (Europe) (En,Fr,De,Es,It,Nl,Pt,Pl,Ru) (v1.01)-marquee.png</marquee>
		<thumbnail>./images/Patapon 3 (Europe) (En,Fr,De,Es,It,Nl,Pt,Pl,Ru) (v1.01)-thumb.png</thumbnail>
		<rating>0.85</rating>
		<releasedate>20110428T000000</releasedate>
		<developer>Pyramid</developer>
		<publisher>Sony</publisher>
		<genre>Música y Baile</genre>
		<lang>de,en,pt,es,fr,ru,it,nl</lang>
		<region>ru</region>
	</game>
	<game>
		<path>./Patapon.iso</path>
		<name>Patapon</name>
		<desc>Situado entre una variedad de coloridos fondos 2D, Patapon se despliega a través de más de 30 misiones con más de 20 entornos diferentes, donde los jugadores tienen la tarea de equipar al ejército de Patapon, recolectar recursos y usar la estrategia para hacer crecer la tribu en una devastadora fuerza de combate. Incorporando varios ritmos de tambor en tiempo real para controlar los Patapones, los jugadores atravesarán estratégicamente cada entorno, luchando contra los enemigos en cada paso del camino. El juego presenta una variedad de tipos de guerreros como arqueros, infantería, caballería y más que los jugadores pueden desbloquear, junto con una amplia selección de más de 100 mejoras de armas y escudos, lo que permite a los jugadores personalizar sus fuerzas a lo largo de la aventura funky.</desc>
		<image>./images/Patapon-image.png</image>
		<marquee>./images/Patapon-marquee.png</marquee>
		<thumbnail>./images/Patapon-thumb.png</thumbnail>
		<rating>0.9</rating>
		<releasedate>20080226T000000</releasedate>
		<developer>Pyramid</developer>
		<publisher>Sony</publisher>
		<genre>Estrategia</genre>
		<lang>en</lang>
	</game>
	<game>
		<path>./Secret Agent Clank.iso</path>
		<name>Secret Agent Clank</name>
		<desc>Clank está en una misión. Un enemigo implacable le tendió una trampa a su mejor amigo, Ratchet, y lo encarceló por un crimen que no cometió. Para colmo, la prisión de máxima seguridad de Ratchet está llena de los criminales más peligrosos del universo, la mayoría de los cuales están haciendo cola para darle la bienvenida personalmente a Ratchet en su nueva celda. Por suerte para Ratchet, tiene a Clank afuera, y por suerte para Clank, él es el tipo de robotito inteligente que permanece calmado bajo presión y sabe un par de cosas sobre rastrear a un enemigo misterioso. Es por eso que, como Agente secreto Clank, se acerca a los rastros de las pistas para desenmarañar el misterio y garantizar la liberación de Ratchet de la cárcel.</desc>
		<image>./images/Secret Agent Clank-image.png</image>
		<marquee>./images/Secret Agent Clank-marquee.png</marquee>
		<thumbnail>./images/Secret Agent Clank-thumb.png</thumbnail>
		<rating>0.9</rating>
		<releasedate>20080617T000000</releasedate>
		<developer>High Impact Games</developer>
		<publisher>Sony Computer Entertainment</publisher>
		<genre>Acción</genre>
		<lang>en</lang>
	</game>
	<game>
		<path>./Shin Megami Tensei - Persona 3 Portable Europe.iso</path>
		<name>Shin Megami Tensei : Persona 3 Portable</name>
		<desc>Una vez más, comienza la Hora Oscura. Entre un día y el siguiente existe una hora oculta cuando deambulan criaturas de pesadilla conocidas como Sombras. Te corresponde ejercer tu poder interior -Persona-, para proteger a la humanidad y encontrar la forma de poner fin a la amenaza maligna de las Sombras.</desc>
		<image>./images/Shin Megami Tensei - Persona 3 Portable Europe-image.png</image>
		<marquee>./images/Shin Megami Tensei - Persona 3 Portable Europe-marquee.png</marquee>
		<thumbnail>./images/Shin Megami Tensei - Persona 3 Portable Europe-thumb.png</thumbnail>
		<rating>0.9</rating>
		<releasedate>20100706T000000</releasedate>
		<developer>Ghostlight</developer>
		<publisher>Atlus</publisher>
		<genre>Juegos de rol</genre>
		<lang>en</lang>
	</game>
	<game>
		<path>./Valkyria Chronicles II (Europe).iso</path>
		<name>Valkyria Chronicles II</name>
		<desc>El juego se desarrolla dos años después de lo sucedido en Valkyria Chronicles y te lleva de vuelta a una aventura épica ambientada en la Europa ficticia de 1930. En esta secuela, juegas como un grupo de jóvenes cadetes de la Academia Militar de Gallian que se ven inmersos en una guerra civil amarga cuando el recién formado Ejército Revolucionario de Gallian da un golpe de estado. A medida que se desarrolla el drama y la batalla, experimentarás historias de amistad y amor durante una época de guerra y revolución.</desc>
		<image>./images/Valkyria Chronicles II (Europe)-image.png</image>
		<marquee>./images/Valkyria Chronicles II (Europe)-marquee.png</marquee>
		<thumbnail>./images/Valkyria Chronicles II (Europe)-thumb.png</thumbnail>
		<rating>0.85</rating>
		<releasedate>20100121T000000</releasedate>
		<developer>SEGA</developer>
		<publisher>SEGA</publisher>
		<genre>Estrategia</genre>
		<players>4</players>
		<lang>en</lang>
		<region>eu</region>
	</game>
	<game>
		<path>./DiRT 2.iso</path>
		<name>Colin McRae : DiRT 2</name>
		<desc>DiRT 2 está listo para llevar los juegos de carreras todoterreno a un nuevo nivel. El juego incluye emocionantes nuevos tipos de carreras e impresionantes localizaciones. Además, DiRT 2 ofrece una nueva generación de héroes de las carreras y presenta una alineación de máquinas de velocidad con licencia que abarcan múltiples tipos de vehículos, con lo que habrá emoción desde el principio hasta el embarrado final.</desc>
		<image>./images/DiRT 2-image.png</image>
		<marquee>./images/DiRT 2-marquee.png</marquee>
		<thumbnail>./images/DiRT 2-thumb.png</thumbnail>
		<rating>0.5</rating>
		<releasedate>20090908T000000</releasedate>
		<developer>Codemasters</developer>
		<publisher>Codemasters</publisher>
		<genre>Carreras, Conducción</genre>
		<playcount>1</playcount>
		<lastplayed>20210909T233430</lastplayed>
		<gametime>96</gametime>
		<lang>en</lang>
	</game>
	<game>
		<path>./Loco Roco (Europe).iso</path>
		<name>LocoRoco</name>
		<desc>Mueve tu LocoRoco mediante sencillos controles para realizar saltos e inclinaciones.

Come, crece, rueda y salta por entornos extraños y maravillosos a medida que resuelves puzzles, descubres lugares secretos y te topas con personajes estrafalarios.

Un fenómeno en ciernes: adictivo, con un estilo visual desenfadado, de fácil aprendizaje y... ¡exclusivo para PSP!
Usa sencillos controles de inclinación para mover tu LocoRoco y comer, crecer, rodar y botar por fantásticos escenarios.
¡Montones de niveles, chispeante diversión inalámbrica y dos minijuegos gratis para compartir con los amigos!</desc>
		<image>./images/Loco Roco (Europe)-image.png</image>
		<marquee>./images/Loco Roco (Europe)-marquee.png</marquee>
		<thumbnail>./images/Loco Roco (Europe)-thumb.png</thumbnail>
		<rating>0.8</rating>
		<releasedate>20060905T000000</releasedate>
		<developer>Sony</developer>
		<publisher>Sony</publisher>
		<genre>Puzzle</genre>
		<playcount>9</playcount>
		<lastplayed>20220319T102029</lastplayed>
		<gametime>688</gametime>
		<lang>en</lang>
		<region>eu</region>
	</game>
	<game>
		<path>./Castlevania X Chronicles.iso</path>
		<name>Castlevania : The Dracula X Chronicles</name>
		<desc>El juego es esencialmente una remake de Castlevania: Rondo of Blood en formato 2.5D (gráficos 3D para los personajes y escenarios, con mecánica de juego en 2D).
Ambientada en 1792, la historia sigue las aventuras de Richter Belmont en su lucha contra Drácula. Con la ayuda de María, intentará salvar a su esposa Annette de las garras del Príncipe Vampiro. Más de una docena de niveles para explorar a través de nuevos entornos. Nuevo diseño de personajes en 3D. Alternando la jugabilidad con la posibilidad de jugar con ambos personajes.</desc>
		<image>./images/Castlevania X Chronicles-image.png</image>
		<marquee>./images/Castlevania X Chronicles-marquee.png</marquee>
		<thumbnail>./images/Castlevania X Chronicles-thumb.png</thumbnail>
		<rating>0.85</rating>
		<releasedate>20071023T000000</releasedate>
		<developer>Konami</developer>
		<publisher>Konami</publisher>
		<genre>Plataforma</genre>
		<playcount>3</playcount>
		<lastplayed>20220729T124545</lastplayed>
		<gametime>109</gametime>
		<lang>en</lang>
	</game>
	<game>
		<path>./Sonic Rivals.iso</path>
		<name>Sonic Rivals</name>
		<desc>Compita cara a cara contra los rivales más famosos del erizo o contra sus amigos en el modo para múltiples jugadores en esta competencia de alto riesgo. Sea más listo que los jefes y rebase a toda velocidad por los ambientes clásicos de Sonic en 2D. Utiliza una gran variedad de movimientos y power-ups para saltar, empujar y balancearte sobre tus oponentes mientras giras a toda velocidad hacia la línea de meta a una velocidad de vértigo.</desc>
		<image>./images/Sonic Rivals-image.png</image>
		<marquee>./images/Sonic Rivals-marquee.png</marquee>
		<thumbnail>./images/Sonic Rivals-thumb.png</thumbnail>
		<rating>0.75</rating>
		<releasedate>20061116T000000</releasedate>
		<developer>Backbone Entertainment</developer>
		<publisher>SEGA</publisher>
		<genre>Carreras, Conducción</genre>
		<players>2</players>
		<playcount>8</playcount>
		<lastplayed>20220729T180956</lastplayed>
		<gametime>1351</gametime>
		<lang>en</lang>
	</game>
	<game>
		<path>./Burnout Legends (Platinum) (Europe).iso</path>
		<name>Burnout Legends</name>
		<desc>Burnout Legends da un nuevo significado a la Furia al Volante con nuevos coches, montones de sorpresas desbloqueables y nueva modos de juego clásicos actualizados, desde Choque y Vuelta al Rojo, a Persecución y Eliminador. Provoca masacres y destrucción y progresa sin freno en el mejor título de la serie Burnout creado exclusivamente para portátiles. Pilota en circuitos legendarios, participa en un desafío Eliminador o persigue a delincuentes en un coche de policía de gama alta para desbloquear nuevos vehículo de Burnouts, tanto clásicos como novedades.</desc>
		<image>./images/Burnout Legends (Platinum) (Europe)-image.png</image>
		<marquee>./images/Burnout Legends (Platinum) (Europe)-marquee.png</marquee>
		<thumbnail>./images/Burnout Legends (Platinum) (Europe)-thumb.png</thumbnail>
		<rating>0.75</rating>
		<releasedate>20050913T000000</releasedate>
		<developer>Criterion Studios</developer>
		<publisher>Electronic Arts</publisher>
		<genre>Carreras, Conducción</genre>
		<players>6</players>
		<playcount>22</playcount>
		<lastplayed>20220811T115256</lastplayed>
		<gametime>1121</gametime>
		<lang>en</lang>
		<region>eu</region>
	</game>
	<game>
		<path>./God of War - Chains of Olympus (Europe) (En,Fr,De,Es,It) (PSN).iso</path>
		<name>God of War : Chains of Olympus</name>
		<desc>El Fantasma de Esparta en la palma de tu mano con una aventura más grande que nunca.
Chains of Olympus permite a los jugadores explorar el trágico pasado de Kratos durante sus diez años de servidumbre, viajar a tierras oscuras como a las Puertas de Hades y a las profundidades de Tártaro, enfrentarse a las criaturas más temidas de la mitología griega... y tomar la dolorosa decisión de elegir entre la vida de su hija y salvar el mundo de Atlas.</desc>
		<image>./images/God of War - Chains of Olympus (Europe) (En,Fr,De,Es,It) (PSN)-image.png</image>
		<marquee>./images/God of War - Chains of Olympus (Europe) (En,Fr,De,Es,It) (PSN)-marquee.png</marquee>
		<thumbnail>./images/God of War - Chains of Olympus (Europe) (En,Fr,De,Es,It) (PSN)-thumb.png</thumbnail>
		<rating>0.85</rating>
		<releasedate>20080304T000000</releasedate>
		<developer>Ready At Dawn Studios</developer>
		<publisher>Sony</publisher>
		<genre>Beat'em Up</genre>
		<playcount>8</playcount>
		<lastplayed>20220811T122543</lastplayed>
		<gametime>1565</gametime>
		<lang>de,en,es,fr,it</lang>
		<region>eu</region>
	</game>
	<game>
		<path>./Sonic Rivals 2.iso</path>
		<name>Sonic Rivals 2</name>
		<desc>Mueva sus pies o sufra la derrota en una carrera totalmente nueva contra 8 rivales, 12 pistas nuevas y velocidad ilimitada. Luche contra sus amigos en 6 modos para múltiples jugadores o explore las pistas con calma mediante el modo de juego libre. Para mantenerse al frente del pelotón, actualice a su rival favorito con 150 tarjetas nuevas. En sus marcas, listos, giren.</desc>
		<image>./images/Sonic Rivals 2-image.png</image>
		<marquee>./images/Sonic Rivals 2-marquee.png</marquee>
		<thumbnail>./images/Sonic Rivals 2-thumb.png</thumbnail>
		<rating>0.7</rating>
		<releasedate>20071113T000000</releasedate>
		<developer>SEGA</developer>
		<publisher>SEGA</publisher>
		<genre>Acción</genre>
		<playcount>1</playcount>
		<lastplayed>20220811T122334</lastplayed>
		<gametime>165</gametime>
		<lang>en</lang>
	</game>
</gameList>
