<?xml version="1.0"?>
<gameList>
	<game>
		<path>./Aki to Tsukasa no Fushigi no Kabe (Japan) (Unl).fds</path>
		<name>Aki and Tsukasa's Mysterious Wall</name>
		<desc>Aki a Tsukasa no Fushigi no Kabe es un juego de hentai sin licencia que es, básicamente, tenis de mesa solitario donde golpeas ciertas partes de una pared para revelar a una chica en una pose erótica.</desc>
		<image>./images/Aki to Tsukasa no Fushigi no Kabe (Japan) (Unl)-image.png</image>
		<marquee>./images/Aki to Tsukasa no Fushigi no Kabe (Japan) (Unl)-marquee.png</marquee>
		<thumbnail>./images/Aki to Tsukasa no Fushigi no Kabe (Japan) (Unl)-thumb.png</thumbnail>
		<rating>0.3</rating>
		<releasedate>19880915T000000</releasedate>
		<developer>Super Pig</developer>
		<publisher>New System House Oh!</publisher>
		<genre>Puzzle</genre>
		<lang>jp</lang>
		<region>jp</region>
	</game>
	<game>
		<path>./Akumajou Dracula (Japan) (v1.2) [b].fds</path>
		<name>Akumajou Dracula</name>
		<desc>Transilvania disfrutó de un siglo de paz gracias al legendario héroe, Christopher Belmont, un cazador de vampiros que venció al Conde Drácula cien años antes con un látigo sagrado llamado Vampire Killer. Mientras la celebración de Pascua continuaba con un gran carnaval, los hombres malvados se reunieron en un monasterio en el borde de la aldea y condujeron una misa negra para resucitar al Conde Drácula.

Los hombres tuvieron éxito en traer de vuelta a su maestro. Un rayo de luz envolvió el monasterio donde celebraron el rito, señalando la resurrección del Conde Drácula. Cuando el Conde regresó, su Castillo, que había caído cien años antes, reapareció en Transilvania, y sus legiones de leales mineros se reformaron.

Simon Belmont, el descendiente de Christopher Belmont, sabía que como miembro del Clan Belmont y actual poseedor del látigo Asesino de Vampiros, era su deber devolver la paz y la estabilidad a Transilvania al destruir a Drácula.</desc>
		<image>./images/Akumajou Dracula (Japan) (v1.2) [b]-image.png</image>
		<marquee>./images/Akumajou Dracula (Japan) (v1.2) [b]-marquee.png</marquee>
		<thumbnail>./images/Akumajou Dracula (Japan) (v1.2) [b]-thumb.png</thumbnail>
		<releasedate>19860101T000000</releasedate>
		<developer>Konami</developer>
		<publisher>Konami</publisher>
		<genre>Acción</genre>
		<lang>jp</lang>
		<region>jp</region>
	</game>
	<game>
		<path>./All Night Nippon Super Mario Brothers (Japan) (Promotion Cart).fds</path>
		<name>All Night Nippon Super Mario Bros.</name>
		<desc>All Night Nippon Super Mario Bros. es una edición especial solo para Japón de Super Mario Bros. en la que muchos de los enemigos del juego son reemplazados por celebridades. El juego se presentó originalmente como un premio de la rifa en el programa de radio All Night Nippon antes de salir a la venta al por menor.</desc>
		<image>./images/All Night Nippon Super Mario Brothers (Japan) (Promotion Cart)-image.png</image>
		<marquee>./images/All Night Nippon Super Mario Brothers (Japan) (Promotion Cart)-marquee.png</marquee>
		<thumbnail>./images/All Night Nippon Super Mario Brothers (Japan) (Promotion Cart)-thumb.png</thumbnail>
		<releasedate>19861022T000000</releasedate>
		<developer>Nintendo</developer>
		<publisher>Fuji Television Network</publisher>
		<genre>Plataforma</genre>
		<players>2</players>
		<playcount>1</playcount>
		<lastplayed>20200710T123242</lastplayed>
		<lang>jp</lang>
		<region>jp</region>
	</game>
	<game>
		<path>./Apple Town Monogatari - Little Computer People (Japan).fds</path>
		<name>Apple Town Monogatari - Little Computer People</name>
		<desc>A diferencia de las versiones anteriores de Little Computer People, el personaje jugable es una chica con un vestido rosa y lazo en el pelo. Las habitaciones de la casa también tienen una configuración diferente, con un balcón al aire libre en el último piso. Cuando se juega por primera vez, se elige un nombre para el personaje al azar de una lista preprogramada. No hay condiciones ganadoras en este juego. Básicamente, ves e interactúas con la chica de varias maneras. Sin embargo, Apple Town Story carece de muchas de las funciones que se encuentran en otras versiones de Little Computer People.</desc>
		<image>./images/Apple Town Monogatari - Little Computer People (Japan)-image.png</image>
		<marquee>./images/Apple Town Monogatari - Little Computer People (Japan)-marquee.png</marquee>
		<thumbnail>./images/Apple Town Monogatari - Little Computer People (Japan)-thumb.png</thumbnail>
		<releasedate>19870101T000000</releasedate>
		<developer>Square</developer>
		<publisher>Disk Original Group (DOG)</publisher>
		<genre>Simulación</genre>
		<lang>jp</lang>
		<region>jp</region>
	</game>
	<game>
		<path>./Armana no Kiseki (Japan).fds</path>
		<name>Arumana No Kiseki</name>
		<desc>Una joya roja mágica, conocida como el Arumana, es robada de un pueblo sin nombre. Un ladrón se escapa con la joya y convierte a toda la aldea en piedra. Kaito debe viajar a través de seis niveles cavernosos en busca de la joya robada, Arumana.

El jugador comienza con treinta cuchillos arrojadizos como su arma de ataque. A medida que se aventuran a través de los niveles, pueden encontrar otras armas. Estos incluyen bombas, una pistola, bolas, una bola de cristal que destruye todo en la pantalla y minas. Debe destruir varias criaturas que habitan en cuevas así como soldados, que a veces arrojan armas.</desc>
		<image>./images/Armana no Kiseki (Japan)-image.png</image>
		<marquee>./images/Armana no Kiseki (Japan)-marquee.png</marquee>
		<thumbnail>./images/Armana no Kiseki (Japan)-thumb.png</thumbnail>
		<releasedate>19870101T000000</releasedate>
		<developer>Konami</developer>
		<publisher>Konami</publisher>
		<genre>Acción</genre>
		<playcount>1</playcount>
		<lastplayed>20200710T123445</lastplayed>
		<lang>jp</lang>
		<region>jp</region>
	</game>
	<game>
		<path>./Aspic - Majaou no Noroi (Japan).fds</path>
		<name>Aspic - Majaou No Noroi</name>
		<desc>Obtuviste el Libro de la Verdad, que es necesario para romper la maldición sobre la princesa. Cuando vuelves al rey, te das cuenta de que la princesa ha desaparecido. Tres días antes, apareció un mago e informó al rey que había otra forma de salvar a la princesa, por lo que el rey le confió la vida de la princesa al mago. Ahora que has regresado, el rey te suplica que descubras qué ha pasado con el mago y la princesa.</desc>
		<image>./images/Aspic - Majaou no Noroi (Japan)-image.png</image>
		<marquee>./images/Aspic - Majaou no Noroi (Japan)-marquee.png</marquee>
		<thumbnail>./images/Aspic - Majaou no Noroi (Japan)-thumb.png</thumbnail>
		<releasedate>19880101T000000</releasedate>
		<developer>Xtalsoft</developer>
		<publisher>Bothtec</publisher>
		<genre>Juegos de rol</genre>
		<lang>jp</lang>
		<region>jp</region>
	</game>
	<game>
		<path>./Bio Miracle Bokutte Upa (Japan).fds</path>
		<name>Bio Miracle Bokutte Upa</name>
		<desc>En Bio Miracle Bokutte Upa, el jugador asume el papel de Baby Upa, el príncipe del Reino de Akuyo. El Príncipe Upa emprende la aventura en siete mundos diferentes para salvar a Akuyo Kingdom de un peligroso demonio llamado Zai.</desc>
		<image>./images/Bio Miracle Bokutte Upa (Japan)-image.png</image>
		<marquee>./images/Bio Miracle Bokutte Upa (Japan)-marquee.png</marquee>
		<thumbnail>./images/Bio Miracle Bokutte Upa (Japan)-thumb.png</thumbnail>
		<releasedate>19880101T000000</releasedate>
		<developer>Konami</developer>
		<publisher>Konami</publisher>
		<genre>Plataforma</genre>
		<lang>jp</lang>
		<region>jp</region>
	</game>
	<game>
		<path>./Bishoujo Control (Japan) (Unl).fds</path>
		<name>Bishoujo Control</name>
		<desc>Combinando la mecánica de juego de un arcade de shoot'em'up con chicas guapas, Bishoujo Control te pone en una nave espacial, luchando contra hordas de enemigos que vuelan hacia abajo. Sin embargo, todo lo que vuela no es un enemigo; también puedes disparar a bloques que, cuando se disparan, crean una imagen de una chica guapa a la derecha de la pantalla. Recoger bonificaciones en forma de letreros para "niña bonita" enciende tu arma. Cuando se recogen todas las piezas de la imagen, se le ofrece la oportunidad de disfrutar de la imagen a su propio ritmo antes de pasar al siguiente nivel (y la siguiente)</desc>
		<image>./images/Bishoujo Control (Japan) (Unl)-image.png</image>
		<marquee>./images/Bishoujo Control (Japan) (Unl)-marquee.png</marquee>
		<thumbnail>./images/Bishoujo Control (Japan) (Unl)-thumb.png</thumbnail>
		<rating>0.4</rating>
		<releasedate>19901001T000000</releasedate>
		<developer>Wild</developer>
		<publisher>Wild</publisher>
		<genre>Shoot'em Up</genre>
		<lang>jp</lang>
		<region>jp</region>
	</game>
	<game>
		<path>./Bishoujo Mahjong Club (Japan) (Unl).fds</path>
		<name>Bishojou Mahjong Club</name>
		<desc>Bishoujo Mahjong Club es un juego de mesa asiático - Adulto, desarrollado por Super PIG y publicado por Mimi-Pro, que fue lanzado en Japón en 1988 para el sistema de disco Nintendo Famicom.</desc>
		<image>./images/Bishoujo Mahjong Club (Japan) (Unl)-image.png</image>
		<marquee>./images/Bishoujo Mahjong Club (Japan) (Unl)-marquee.png</marquee>
		<thumbnail>./images/Bishoujo Mahjong Club (Japan) (Unl)-thumb.png</thumbnail>
		<releasedate>19880601T000000</releasedate>
		<developer>Super Pig</developer>
		<publisher>Mimi-Pro</publisher>
		<genre>Juegos de mesa asiático</genre>
		<lang>jp</lang>
		<region>jp</region>
	</game>
	<game>
		<path>./Bishoujo Sexy Derby (Japan) (Unl).fds</path>
		<name>Bishojou Sexy Derby</name>
		<desc>Lo que estás haciendo es apostar en carreras de caballos por dinero, y las chicas se quitan varias prendas cuando obtienes más y más dinero.</desc>
		<image>./images/Bishoujo Sexy Derby (Japan) (Unl)-image.png</image>
		<marquee>./images/Bishoujo Sexy Derby (Japan) (Unl)-marquee.png</marquee>
		<thumbnail>./images/Bishoujo Sexy Derby (Japan) (Unl)-thumb.png</thumbnail>
		<releasedate>19880101T000000</releasedate>
		<developer>Super Pig</developer>
		<publisher>Hacker International</publisher>
		<genre>Adulto</genre>
		<lang>jp</lang>
		<region>jp</region>
	</game>
	<game>
		<path>./Bishoujo Sexy Slot (Japan) (Unl).fds</path>
		<name>Bishojou Sexy Slot</name>
		<desc>Un juego para adultos en el que juegas tragamonedas y al ganar lo suficiente verás a varias chicas quitándose la ropa.</desc>
		<image>./images/Bishoujo Sexy Slot (Japan) (Unl)-image.png</image>
		<marquee>./images/Bishoujo Sexy Slot (Japan) (Unl)-marquee.png</marquee>
		<thumbnail>./images/Bishoujo Sexy Slot (Japan) (Unl)-thumb.png</thumbnail>
		<releasedate>19880911T000000</releasedate>
		<developer>Super Pig</developer>
		<publisher>Hacker International</publisher>
		<genre>Adulto</genre>
		<playcount>1</playcount>
		<lastplayed>20210131T121239</lastplayed>
		<lang>jp</lang>
		<region>jp</region>
	</game>
	<game>
		<path>./Bishoujo SF Alien Battle (Japan) (Unl).fds</path>
		<name>Bishoujo SF Alien Battle</name>
		<desc>Juegas como una joven colegiala japonesa, que debe derrotar a una súper mente extraterrestre en el póker.</desc>
		<image>./images/Bishoujo SF Alien Battle (Japan) (Unl)-image.png</image>
		<marquee>./images/Bishoujo SF Alien Battle (Japan) (Unl)-marquee.png</marquee>
		<thumbnail>./images/Bishoujo SF Alien Battle (Japan) (Unl)-thumb.png</thumbnail>
		<releasedate>19901019T000000</releasedate>
		<developer>Hacker International</developer>
		<publisher>Hacker International</publisher>
		<genre>Juegos de cartas</genre>
		<lang>jp</lang>
		<region>jp</region>
	</game>
	<game>
		<path>./Bishoujo Shashinkan - Studio Cut (Japan) (Unl).fds</path>
		<name>Bishoujo Shashinkan - Studio Cut</name>
		<desc>Tu tarea es fotografiar chicas bonitas en diversas situaciones. Se le ofrece una opción de apuntar y disparar, reflejo de lente única y una cámara profesional. Para obtener una fotografía real, debe evaluar la situación de iluminación y el sujeto y elegir la velocidad de obturación, la velocidad de la película, la apertura correctas y si se debe usar el flash o no.</desc>
		<image>./images/Bishoujo Shashinkan - Studio Cut (Japan) (Unl)-image.png</image>
		<marquee>./images/Bishoujo Shashinkan - Studio Cut (Japan) (Unl)-marquee.png</marquee>
		<thumbnail>./images/Bishoujo Shashinkan - Studio Cut (Japan) (Unl)-thumb.png</thumbnail>
		<releasedate>19870109T000000</releasedate>
		<developer>HARD</developer>
		<publisher>Phoenix Games</publisher>
		<genre>Simulación</genre>
		<lang>jp</lang>
		<region>jp</region>
	</game>
	<game>
		<path>./Cocona World (Japan).fds</path>
		<name>Cocona World</name>
		<desc>Controlas a una joven bruja que deambula por varias partes del reino. Hay muchos habitantes de animales con quienes interactuar, algunos de los cuales son buenos y otros malvados. También hay una serie de actividades para realizar y minijuegos para jugar. Con el tiempo, la bruja solicitará que se realicen ciertas actividades. Si no se realizan dentro de un cierto período de tiempo, el jugador recibe una penalización. Con el tiempo, el estado de ánimo y la fuerza del personaje disminuirán. Si los dos nunca se restauran y caen a cero, el juego termina. Este juego solo se lanzó en Japón y nunca se ha traducido al inglés.</desc>
		<image>./images/Cocona World (Japan)-image.png</image>
		<marquee>./images/Cocona World (Japan)-marquee.png</marquee>
		<thumbnail>./images/Cocona World (Japan)-thumb.png</thumbnail>
		<releasedate>19870410T000000</releasedate>
		<developer>SOFEL Co., Ltd.</developer>
		<publisher>SOFEL Co., Ltd.</publisher>
		<genre>Aventura</genre>
		<lang>jp</lang>
		<region>jp</region>
	</game>
	<game>
		<path>./Deep Dungeon - Madou Senki (Japan) [b].fds</path>
		<name>Deep Dungeon - The Heretic War</name>
		<desc>El jugador explora una mazmorra de barebones en una perspectiva en primera persona, ocasionalmente teniendo que defenderse de los monstruos encontrados al azar en el combate por turnos. El jugador puede encontrar tesoros y subir de nivel, y ocasionalmente debe regresar para comprar y vender artículos a los vendedores y dormir en las posadas que se encuentran en el primer piso sobre la mazmorra propiamente dicha. El objetivo es llegar al final de la mazmorra donde el jefe final espera.</desc>
		<image>./images/Deep Dungeon - Madou Senki (Japan) [b]-image.png</image>
		<marquee>./images/Deep Dungeon - Madou Senki (Japan) [b]-marquee.png</marquee>
		<thumbnail>./images/Deep Dungeon - Madou Senki (Japan) [b]-thumb.png</thumbnail>
		<releasedate>19860101T000000</releasedate>
		<developer>Humming Bird Soft</developer>
		<publisher>Disk Original Group (DOG)</publisher>
		<genre>Juegos de rol</genre>
		<lang>jp</lang>
		<region>jp</region>
	</game>
	<game>
		<path>./Deep Dungeon II - Yuushi no Monshou (Japan) (v1.1) [b].fds</path>
		<name>Deep Dungeon II - Yuushi no Monshou</name>
		<desc>Han pasado cientos de años, el espíritu del malvado y olvidado Emperador Ruu ha regresado. Un héroe que dice ser el descendiente del héroe anterior Raru aparece en la ciudad de Dorl, y comienza a explorar una torre para derrotar a Ruu.</desc>
		<image>./images/Deep Dungeon II - Yuushi no Monshou (Japan) (v1.1) [b]-image.png</image>
		<marquee>./images/Deep Dungeon II - Yuushi no Monshou (Japan) (v1.1) [b]-marquee.png</marquee>
		<thumbnail>./images/Deep Dungeon II - Yuushi no Monshou (Japan) (v1.1) [b]-thumb.png</thumbnail>
		<releasedate>19870101T000000</releasedate>
		<developer>Humming Bird Soft</developer>
		<publisher>Disk Original Group (DOG)</publisher>
		<genre>Juegos de rol</genre>
		<lang>jp</lang>
		<region>jp</region>
	</game>
	<game>
		<path>./Dirty Pair - Project Eden (Japan) [b].fds</path>
		<name>Dirty Pair - Project Eden</name>
		<desc>Agerna es un planeta rico en Vizorium, el único mineral necesario para viajar en el espacio. Entonces, cuando una serie de ataques misteriosos a las operaciones mineras hace que los gobiernos del mundo se señalen con el dedo y se culpen unos a otros, la Asociación Mundial de Bienestar y Obras envía naturalmente a sus principales agentes a investigar. ¿Pero acaso los amables ángeles están a la altura de la tarea de detener a un científico loco empeñado en llevar una larga raza alienígena dormida a su forma evolutiva final? Eche un ladrón que está cazando una botella de vino de la Segunda Guerra Mundial y es una apuesta segura que nadie en el planeta está a salvo. ¡Es más caótico, más caos e incluso más destrucción que nunca antes cuando los Dirty Pair se enfrentan a su caso más salvaje hasta ahora!</desc>
		<image>./images/Dirty Pair - Project Eden (Japan) [b]-image.png</image>
		<marquee>./images/Dirty Pair - Project Eden (Japan) [b]-marquee.png</marquee>
		<thumbnail>./images/Dirty Pair - Project Eden (Japan) [b]-thumb.png</thumbnail>
		<releasedate>19870101T000000</releasedate>
		<developer>Daiei Seisakusho</developer>
		<publisher>Bandai Namco</publisher>
		<genre>Acción</genre>
		<players>2</players>
		<lang>jp</lang>
		<region>jp</region>
	</game>
	<game>
		<path>./Donkey Kong (Japan) (Disk Writer).fds</path>
		<name>Donkey Kong</name>
		<desc>Tú eres Mario, y ese gran viejo gorila, Donkey Kong, se ha escapado con tu novia. Depende de usted subir por esas escaleras y mantener el equilibrio en esos rayos para rescatar a su dama. Ella está cautiva en la parte superior. Pero Donkey Kong no está listo para renunciar a ella tan fácilmente. Está lanzando barriles y bolas de fuego en cada vuelta. Depende de usted superar a ese simio astuto. Buena suerte, ¡tu señora te espera!</desc>
		<image>./images/Donkey Kong (Japan) (Disk Writer)-image.png</image>
		<marquee>./images/Donkey Kong (Japan) (Disk Writer)-marquee.png</marquee>
		<thumbnail>./images/Donkey Kong (Japan) (Disk Writer)-thumb.png</thumbnail>
		<releasedate>19810101T000000</releasedate>
		<developer>Nintendo</developer>
		<publisher>Nintendo</publisher>
		<genre>Plataforma</genre>
		<players>2</players>
		<playcount>1</playcount>
		<lastplayed>20200710T122929</lastplayed>
		<lang>jp</lang>
		<region>jp</region>
	</game>
	<game>
		<path>./Donkey Kong Jr. (Japan) (Disk Writer).fds</path>
		<name>Donkey Kong Jr.</name>
		<desc>¡Mario se ha vuelto loco! Le ha dado la vuelta a Donkey Kong y lo ha encerrado en una jaula. Depende de usted, como Donkey Kong Jr., rescatar a su padre robando el juego de llaves de Mario. Pero no será fácil. Tendrás que luchar contra Snapjaws comedores de simios, saltar a islas en movimiento y atravesar una jungla de enredaderas para llegar a las llaves que liberarán a Donkey Kong. ¿Puedes manejar la acción? ¡Porque este negocio de monos fuera de lo común te hará ir plátanos!</desc>
		<image>./images/Donkey Kong Jr. (Japan) (Disk Writer)-image.png</image>
		<marquee>./images/Donkey Kong Jr. (Japan) (Disk Writer)-marquee.png</marquee>
		<thumbnail>./images/Donkey Kong Jr. (Japan) (Disk Writer)-thumb.png</thumbnail>
		<releasedate>19820101T000000</releasedate>
		<developer>Nintendo</developer>
		<publisher>Nintendo</publisher>
		<genre>Plataforma</genre>
		<players>2</players>
		<lang>jp</lang>
		<region>jp</region>
	</game>
	<game>
		<path>./Dr. Chaos - Jigoku no Tobira (Japan) [b].fds</path>
		<name>Dr. Chaos - Jigoku No Tobira</name>
		<desc>El genio científico Dr Ginn Chaos ha desaparecido. Antes de su desaparición, estaba trabajando activamente en su gran mansión en un dispositivo que permite el acceso a dimensiones alternativas. Armado solo con un cuchillo, su hermano decide buscarlo y finalmente descubrir el misterio detrás del incidente. Algo obviamente salió terriblemente mal con el experimento del Dr. Chaos, y el objetivo del juego es localizar todas las zonas de distorsión de once dimensiones escondidas dentro de la mansión, así como ensamblar una poderosa pistola láser, la única arma capaz de derribar la última jefe.</desc>
		<image>./images/Dr. Chaos - Jigoku no Tobira (Japan) [b]-image.png</image>
		<marquee>./images/Dr. Chaos - Jigoku no Tobira (Japan) [b]-marquee.png</marquee>
		<thumbnail>./images/Dr. Chaos - Jigoku no Tobira (Japan) [b]-thumb.png</thumbnail>
		<releasedate>19860619T000000</releasedate>
		<developer>Marionette Co., Ltd.</developer>
		<publisher>Pony Canyon</publisher>
		<genre>Plataforma</genre>
		<lang>jp</lang>
		<region>jp</region>
	</game>
	<game>
		<path>./Dracula II - Noroi no Fuuin (Japan).fds</path>
		<name>Akumajou Dracula 2 - Noroi No Fuuin</name>
		<desc>Akumajou Drácula fue una torta en comparación con esta sangrienta maldición. Creíste que tenías el Príncipe de la Oscuridad desterrado, ¿eh, Simon Belmont? Bueno, piensen otra vez, porque de acuerdo con una damisela en apuros, el malvado Conde Drácula ha dejado una horrible maldición a su paso. ¡Y la única esperanza que tienes de acabar con el terror es destruir las partes de su cuerpo que faltan! Habla sobre tu misión aterradora, buscando en un laberinto de mansiones, cementerios y bosques oscuros y espeluznantes, cada uno custodiado por hombres lobos devoradores de hombres, zombis que arrojan fuego y otros demonios diabólicos. Sus sombrías oportunidades se mantienen vivas en Transilvania, donde los aldeanos cobardes ofrecen pistas sobre el paradero de los restos de Drácula.</desc>
		<image>./images/Dracula II - Noroi no Fuuin (Japan)-image.png</image>
		<marquee>./images/Dracula II - Noroi no Fuuin (Japan)-marquee.png</marquee>
		<thumbnail>./images/Dracula II - Noroi no Fuuin (Japan)-thumb.png</thumbnail>
		<releasedate>19870101T000000</releasedate>
		<developer>Konami</developer>
		<publisher>Konami</publisher>
		<genre>Acción</genre>
		<lang>jp</lang>
		<region>jp</region>
	</game>
	<game>
		<path>./Esper Dream (Japan) (v1.1) [b].fds</path>
		<name>Esper Dream</name>
		<desc>Esta es una historia que ocurrió en el pueblo distante de donde vives.
Este pueblo estaba lleno de un aroma hermoso, silencioso y misterioso.

Sin embargo, los aldeanos sufrieron una tragedia inesperada.
El clan Evil llamado tribu Narcisse, comenzó a buscar la magia escondida en nuestro pueblo.

Peor aún, secuestraron a la hija de nuestro alcalde, Alice.

¡Por favor, ve y rescata a Alicia, y trae paz a nuestra tierra!</desc>
		<image>./images/Esper Dream (Japan) (v1.1) [b]-image.png</image>
		<marquee>./images/Esper Dream (Japan) (v1.1) [b]-marquee.png</marquee>
		<thumbnail>./images/Esper Dream (Japan) (v1.1) [b]-thumb.png</thumbnail>
		<releasedate>19870101T000000</releasedate>
		<developer>Konami</developer>
		<publisher>Konami</publisher>
		<genre>Juegos de rol</genre>
		<lang>jp</lang>
		<region>jp</region>
	</game>
	<game>
		<path>./Hayama Reiko no Date de Blackjack (Japan) (Unl).fds</path>
		<name>Date de Blackjack</name>
		<desc>Juega una ronda de Blackjack contra la bella modelo Reiko Hayama. Si ganas, serás recompensado en más de un sentido ...</desc>
		<image>./images/Hayama Reiko no Date de Blackjack (Japan) (Unl)-image.png</image>
		<marquee>./images/Hayama Reiko no Date de Blackjack (Japan) (Unl)-marquee.png</marquee>
		<thumbnail>./images/Hayama Reiko no Date de Blackjack (Japan) (Unl)-thumb.png</thumbnail>
		<releasedate>19900518T000000</releasedate>
		<developer>Hacker International</developer>
		<publisher>Hacker International</publisher>
		<genre>Casino</genre>
		<lang>jp</lang>
		<region>jp</region>
	</game>
	<game>
		<path>./Zelda no Densetsu - The Hyrule Fantasy (Japan) (v1.1).fds</path>
		<name>Zelda no Densetsu - The Hyrule Fantasy</name>
		<desc>Hace mucho, mucho tiempo, el mundo estaba en una era de caos. 

En medio de este caos, en un pequeño reino en la tierra de Hyrule, se transmitía una leyenda de generación en generación, la leyenda de la 'Trifuerza'; triángulos dorados que poseen poderes místicos. Un día, un ejército malvado atacó este pequeño y pacífico reino y robó la Trifuerza del Poder. Este ejército fue dirigido por Ganon, el poderoso Príncipe de las Tinieblas que intentó sumir al mundo en el miedo y la oscuridad bajo su dominio. Temiendo su malvado gobierno, Zelda, la princesa de este reino, dividió la Trifuerza de la Sabiduría en ocho fragmentos y los ocultó en todo el reino para salvar a la Trifuerza restante de las garras del malvado Ganon. Al mismo tiempo, ordenó a su niñera más confiable, Impa, escapar secretamente a la tierra e ir a buscar a un hombre con suficiente coraje para destruir al malvado Ganon.</desc>
		<image>./images/Zelda no Densetsu - The Hyrule Fantasy (Japan) (v1.1)-image.png</image>
		<marquee>./images/Zelda no Densetsu - The Hyrule Fantasy (Japan) (v1.1)-marquee.png</marquee>
		<thumbnail>./images/Zelda no Densetsu - The Hyrule Fantasy (Japan) (v1.1)-thumb.png</thumbnail>
		<releasedate>19860101T000000</releasedate>
		<developer>Nintendo</developer>
		<publisher>Nintendo</publisher>
		<genre>Aventura</genre>
		<lang>jp</lang>
		<region>jp</region>
	</game>
	<game>
		<path>./Vs. Excitebike (Japan).fds</path>
		<name>Vs. Excitebike</name>
		<desc>Vs. Excitebike es simplemente una versión de Excitebike de Nintendo que se ha mejorado con un modo de dos jugadores para el sistema de disco Famicom. El jugador puede elegir jugar "Excite original" en su encarnación de un solo jugador o "Vs. Excitebike" que incluye un segundo jugador humano como el competidor azul. Los dos jugadores también pueden optar por competir directamente entre ellos o jugar cooperativamente contra la CPU.

El juego no debe confundirse con el Arcade vs. Excitebike, que en cambio deriva su nombre de los vs. Formato de serie Nintendo solía convertir juegos populares de NES en gabinetes Arcade para dos jugadores. La versión de FDS toma prestada muchas de sus características, incluso la de un jugador de Arcade también, pero tiene varias distinciones propias incluyendo una banda sonora completamente nueva y la capacidad de crear y guardar pistas generadas por los jugadores.</desc>
		<image>./images/Vs. Excitebike (Japan)-image.png</image>
		<marquee>./images/Vs. Excitebike (Japan)-marquee.png</marquee>
		<thumbnail>./images/Vs. Excitebike (Japan)-thumb.png</thumbnail>
		<releasedate>19880101T000000</releasedate>
		<developer>Nintendo</developer>
		<publisher>Nintendo</publisher>
		<genre>Carreras, Conducción</genre>
		<players>2</players>
		<lang>jp</lang>
		<region>jp</region>
	</game>
	<game>
		<path>./Yume Koujou Doki Doki Panic (Japan) [b].fds</path>
		<name>Yume Koujou Doki Doki Panic</name>
		<desc>Mientras dos niños, Poke y Piki, están leyendo una historia, una mano monstruosa aparece de repente dentro de las páginas y los secuestra. Cuando el resto de la familia Dream Factory escucha sus gritos de ayuda, se adentran en la historia y ayudan a salvarlos de la malvada Wart.

El juego fue editado y lanzado como Super Mario Bros 2. Debido a la sensación de Nintendo of Japan de que su versión de Super Mario Bros 2 sería demasiado difícil y obsoleta para cuando llegó a los Estados Unidos.</desc>
		<image>./images/Yume Koujou Doki Doki Panic (Japan) [b]-image.png</image>
		<marquee>./images/Yume Koujou Doki Doki Panic (Japan) [b]-marquee.png</marquee>
		<thumbnail>./images/Yume Koujou Doki Doki Panic (Japan) [b]-thumb.png</thumbnail>
		<releasedate>19870101T000000</releasedate>
		<developer>Nintendo</developer>
		<publisher>Fuji Television Network</publisher>
		<genre>Plataforma</genre>
		<lang>jp</lang>
		<region>jp</region>
	</game>
	<game>
		<path>./Yuu Maze (Japan).fds</path>
		<name>Yuu Maze</name>
		<desc>Yuu Maze es la conversión del juego arcade de Taito, Raimais, que también se lanzó en 1988. Se puede describir rápidamente como una especie de Pac Man sobre ruedas.</desc>
		<image>./images/Yuu Maze (Japan)-image.png</image>
		<marquee>./images/Yuu Maze (Japan)-marquee.png</marquee>
		<thumbnail>./images/Yuu Maze (Japan)-thumb.png</thumbnail>
		<releasedate>19880101T000000</releasedate>
		<developer>Daiei Seisakusho</developer>
		<publisher>Taito</publisher>
		<genre>Acción</genre>
		<players>2</players>
		<lang>jp</lang>
		<region>jp</region>
	</game>
	<game>
		<path>./Zatsugaku Olympic Quiz Part II (Japan) (Unl).fds</path>
		<name>Zatsugaku Olympic Quiz Part II</name>
		<desc>Un juego para adultos en el que responder correctamente varias preguntas de la prueba dentro de un límite de tiempo eliminará lentamente los paneles de una imagen que generalmente revela una chica desnuda.</desc>
		<image>./images/Zatsugaku Olympic Quiz Part II (Japan) (Unl)-image.png</image>
		<marquee>./images/Zatsugaku Olympic Quiz Part II (Japan) (Unl)-marquee.png</marquee>
		<thumbnail>./images/Zatsugaku Olympic Quiz Part II (Japan) (Unl)-thumb.png</thumbnail>
		<releasedate>19880101T000000</releasedate>
		<developer>Phoenix Games</developer>
		<publisher>Phoenix Games</publisher>
		<genre>Adulto</genre>
		<lang>jp</lang>
		<region>jp</region>
	</game>
	<game>
		<path>./Exciting Soccer - Konami Cup (Japan) [b].fds</path>
		<name>Exciting Soccer - Konami Cup</name>
		<desc>La verdadera sensación del fútbol de calidad Arcade solo se puede lograr desde Konami. ¡Juegue un partido con varios equipos seleccionables y vaya contra un amigo!

Un juego de fútbol de Konami y parte de su emocionante serie deportiva para el sistema de disco Famicom.

Exciting Soccer es el quinto y último juego de la serie de deportes Exciting desarrollada por Konami. Permite a los jugadores seleccionar (y renombrar, si lo desean) un equipo de fútbol, ??cada uno con su propio conjunto de fortalezas de debilidades, e ingresar a un torneo conocido como la Copa Konami.

Exciting Soccer utiliza una perspectiva descendente con ambos objetivos en el eje vertical. Esta sería una perspectiva popularizada por juegos de fútbol posteriores como Kick Off y Sensible Soccer.

Pentarou el pingüino hace un cameo durante los espectáculos de medio tiempo.</desc>
		<image>./images/Exciting Soccer - Konami Cup (Japan) [b]-image.png</image>
		<marquee>./images/Exciting Soccer - Konami Cup (Japan) [b]-marquee.png</marquee>
		<thumbnail>./images/Exciting Soccer - Konami Cup (Japan) [b]-thumb.png</thumbnail>
		<releasedate>19880101T000000</releasedate>
		<developer>Konami</developer>
		<publisher>Konami</publisher>
		<genre>Deportes / Fútbol</genre>
		<players>2</players>
		<lang>jp</lang>
		<region>jp</region>
	</game>
	<game>
		<path>./Hikari Shinwa - Parthenon no Kagami (Japan) (v1.1) [b].fds</path>
		<name>Hikari Shinwa - Palutena no Kagami</name>
		<desc>Muy lejos, en un reino llamado "Tierra del Ángel", la diosa malvada Medusa robó los Tres Tesoros Sagrados y encarceló a la diosa de la luz, Palutena. Como Kid Icarus, tu misión es encontrar los tesoros, destruir Medusa y rescatar a Palutena de las profundidades del Palacio en el Cielo. Para encontrar los tesoros, viajarás por las ruinas recolectando armas y almacenando poder para usar en el combate contra las criaturas del ejército de Medusa. Usa tu arco y tu flecha para alejar a los guardianes del inframundo, el supremo mundo y el mundo del cielo mientras te esfuerzas por luchar contra Medusa. ¿Sobrevivirás para restaurar la luz de Palutena y devolverla a "Tierra del Ángel"? ¡Solo tu sabes!</desc>
		<image>./images/Hikari Shinwa - Parthenon no Kagami (Japan) (v1.1) [b]-image.png</image>
		<marquee>./images/Hikari Shinwa - Parthenon no Kagami (Japan) (v1.1) [b]-marquee.png</marquee>
		<thumbnail>./images/Hikari Shinwa - Parthenon no Kagami (Japan) (v1.1) [b]-thumb.png</thumbnail>
		<releasedate>19860101T000000</releasedate>
		<developer>Nintendo</developer>
		<publisher>Nintendo</publisher>
		<genre>Plataforma</genre>
		<lang>jp</lang>
		<region>jp</region>
	</game>
	<game>
		<path>./Lipstick #.4 - Hakui no Tenshi Hen (Japan) (Unl).fds</path>
		<name>Lipstick #.1 - Lolita Hen</name>
		<desc>Un juego de rompecabezas pornográfico.</desc>
		<image>./images/Lipstick #.4 - Hakui no Tenshi Hen (Japan) (Unl)-image.png</image>
		<marquee>./images/Lipstick #.4 - Hakui no Tenshi Hen (Japan) (Unl)-marquee.png</marquee>
		<thumbnail>./images/Lipstick #.4 - Hakui no Tenshi Hen (Japan) (Unl)-thumb.png</thumbnail>
		<releasedate>19880101T000000</releasedate>
		<developer>Mimi-Pro</developer>
		<publisher>Hacker International</publisher>
		<genre>Adulto</genre>
		<lang>jp</lang>
		<region>jp</region>
	</game>
	<game>
		<path>./Nazo no Kabe - Block Kuzushi (Japan) [b].fds</path>
		<name>Nazo No Kabe - Block Kuzushi</name>
		<desc>Un juego rompe-bloques estilo Breakout lanzado en Japón como Nazo no Kabe: Block Kuzushi en 1986 para el sistema de disco Famicom y como Crackout en Australia y Europa en 1991 para el NES. Una versión estadounidense fue planeada pero fue cancelada.</desc>
		<image>./images/Nazo no Kabe - Block Kuzushi (Japan) [b]-image.png</image>
		<marquee>./images/Nazo no Kabe - Block Kuzushi (Japan) [b]-marquee.png</marquee>
		<thumbnail>./images/Nazo no Kabe - Block Kuzushi (Japan) [b]-thumb.png</thumbnail>
		<releasedate>19860101T000000</releasedate>
		<developer>Konami</developer>
		<publisher>Konami</publisher>
		<genre>Acción</genre>
		<lang>jp</lang>
		<region>jp</region>
	</game>
	<game>
		<path>./Sailor Fuku Bishoujo Zukan Vol. 3 (Japan) (Unl).fds</path>
		<name>Sailor Fuku Bishoujo Zukan Vol. 3</name>
		<desc>Tercera parte de un juego de acción para adultos. Debes alcanzar a una chica en la parte superior de una escalera y evitar los objetos que te arroja. Si la alcanzas, serás recompensado con un despojo en buenas forma debida</desc>
		<image>./images/Sailor Fuku Bishoujo Zukan Vol. 3 (Japan) (Unl)-image.png</image>
		<marquee>./images/Sailor Fuku Bishoujo Zukan Vol. 3 (Japan) (Unl)-marquee.png</marquee>
		<releasedate>19890101T000000</releasedate>
		<developer>Mimi-Pro</developer>
		<publisher>Hacker International</publisher>
		<genre>Adulto</genre>
		<lang>jp</lang>
		<region>jp</region>
	</game>
	<game>
		<path>./Druid - Kyoufu no Tobira (Japan).fds</path>
		<name>Druid - Kyoufu no Tobira</name>
		<desc>Hasta ahora, el equilibrio de poder se ha mantenido y se ha mantenido la paz en todo Belorn. Pero ahora, cuatro príncipes demoníacos han aparecido a través de una entrada interdimensional en las mazmorras del malvado lich Acamantor. La Tarea de destruir a los príncipes y cerrar la puerta ha caído sobre ti, el último de los Grandes Druidas.

Los príncipes Demon se encuentran al acecho en las profundidades más oscuras de la mazmorra, y solo pueden destruirse mediante el uso de tu hechizo más poderoso, que, en este caso, debe transmitirse mediante el tacto. A lo largo de la mazmorra, encontrarás cofres que contienen hechizos de formidable poder para ayudarte en tu misión y en los Pentogramas de la vida, que revitalizarán por completo la esencia de tu vida. Usa estos recursos sabiamente para sobrevivir a la embestida constante de los monstruos dimensionales engendrados por el infierno y enfréntate a la princesa demoníaca.</desc>
		<image>./images/Druid - Kyoufu no Tobira (Japan)-image.png</image>
		<marquee>./images/Druid - Kyoufu no Tobira (Japan)-marquee.png</marquee>
		<thumbnail>./images/Druid - Kyoufu no Tobira (Japan)-thumb.png</thumbnail>
		<releasedate>19880101T000000</releasedate>
		<developer>Jaleco</developer>
		<publisher>Jaleco</publisher>
		<genre>Acción</genre>
		<lang>jp</lang>
		<region>jp</region>
	</game>
	<game>
		<path>./Egger Land (Japan) [b].fds</path>
		<name>Eggerland</name>
		<desc>La paz duró muchos años en el hermoso reino de Eden Land. La gente estaba en paz y todo estaba bien. Sin embargo, un día la encarnación de la destrucción, el Rey Egger, vino del reino subterráneo de Eggerland buscando destruir el reino pacífico y reclamarlo por sí mismo. El rey Eden envió a Lala a God Inphony para buscar su ayuda, e Inphony le dio a Inphonit Power y cinco llaves para abrir la puerta del mal. Cuatro dioses obedecieron a Inphonit y se unieron a ella, pero Egger la atrapó mientras ella trataba de detenerlo y la ocultó en su laberinto subterráneo de Eggerland. Afortunadamente, logró ocultar el poder de Inphonit, y las Cinco Llaves y los Cuatro Dioses en la tierra de Eggerland. Lolo, príncipe de Gentle Land, escuchó la noticia de que Lala había sido capturada e inmediatamente corrió a Eggerland para rescatarla.</desc>
		<image>./images/Egger Land (Japan) [b]-image.png</image>
		<marquee>./images/Egger Land (Japan) [b]-marquee.png</marquee>
		<thumbnail>./images/Egger Land (Japan) [b]-thumb.png</thumbnail>
		<releasedate>19870101T000000</releasedate>
		<developer>HAL Laboratory</developer>
		<publisher>HAL Laboratory</publisher>
		<genre>Puzzle</genre>
		<lang>jp</lang>
		<region>jp</region>
	</game>
	<game>
		<path>./Emi-chan no Moero Yakyuuken! (Japan) (Unl).fds</path>
		<name>Moero Yakyuuken</name>
		<desc>Al igual que otros títulos de Super Pig, el juego recompensa a los jugadores exitosos con imágenes de mujeres desnudas y desnudas. En este caso, el objetivo es jugar al personaje del título Emi en un juego de janken, es decir, una serie de concursos de piedra, papel y tijera en los que el jugador perdedor saca una prenda después de cada turno.</desc>
		<image>./images/Emi-chan no Moero Yakyuuken! (Japan) (Unl)-image.png</image>
		<marquee>./images/Emi-chan no Moero Yakyuuken! (Japan) (Unl)-marquee.png</marquee>
		<thumbnail>./images/Emi-chan no Moero Yakyuuken! (Japan) (Unl)-thumb.png</thumbnail>
		<releasedate>19871001T000000</releasedate>
		<developer>Super Pig</developer>
		<publisher>New System House Oh!</publisher>
		<genre>Adulto</genre>
		<lang>jp</lang>
		<region>jp</region>
	</game>
	<game>
		<path>./Exciting Baseball (Japan).fds</path>
		<name>Exciting Baseball</name>
		<desc>Un simulador de béisbol, Exciting Baseball, sigue a Exciting Billiards y Exciting Basket (mejor conocido como Double Dribble in the West) en la serie de juegos deportivos de Konami para el Sistema de Disco Famicom.

Al igual que los demás en la serie Emocionante, es un claro ejemplo de su particular deporte. No tiene el estilo de los dos juegos emocionantes originales, ya que nunca tuvo un antecedente de Arcade.</desc>
		<image>./images/Exciting Baseball (Japan)-image.png</image>
		<marquee>./images/Exciting Baseball (Japan)-marquee.png</marquee>
		<thumbnail>./images/Exciting Baseball (Japan)-thumb.png</thumbnail>
		<releasedate>19870101T000000</releasedate>
		<developer>Konami</developer>
		<publisher>Konami</publisher>
		<genre>Deportes / Béisbol</genre>
		<players>2</players>
		<lang>jp</lang>
		<region>jp</region>
	</game>
	<game>
		<path>./Exciting Basket (Japan).fds</path>
		<name>Exciting Basket</name>
		<desc>El juego no incluye los nombres oficiales de los equipos o jugadores de baloncesto. En su lugar, selecciona Boston, Nueva York, Chicago o Los Ángeles. Puede elegir entre un límite de tiempo de 5, 10, 20 y 30 minutos para los períodos y un nivel de habilidad entre 1 y 3.</desc>
		<image>./images/Exciting Basket (Japan)-image.png</image>
		<marquee>./images/Exciting Basket (Japan)-marquee.png</marquee>
		<thumbnail>./images/Exciting Basket (Japan)-thumb.png</thumbnail>
		<releasedate>19870101T000000</releasedate>
		<developer>Konami</developer>
		<publisher>Konami</publisher>
		<genre>Deportes / Baloncesto</genre>
		<players>2</players>
		<lang>jp</lang>
		<region>jp</region>
	</game>
	<game>
		<path>./Exciting Billiard (Japan).fds</path>
		<name>Exciting Billiard</name>
		<desc>Mientras que el jugador puede ver la mesa en una vista descendente habitual, también tiene acceso a ventanas más pequeñas que muestran la vista desde detrás de la bola blanca para ayudar a visualizar dónde irá, así como una vista lateral de la señal en sí, que el jugador puede usar para juzgar el poder del tiro.</desc>
		<image>./images/Exciting Billiard (Japan)-image.png</image>
		<marquee>./images/Exciting Billiard (Japan)-marquee.png</marquee>
		<thumbnail>./images/Exciting Billiard (Japan)-thumb.png</thumbnail>
		<releasedate>19870101T000000</releasedate>
		<developer>Konami</developer>
		<publisher>Konami</publisher>
		<genre>Deportes / Billar</genre>
		<players>4</players>
		<lang>jp</lang>
		<region>jp</region>
	</game>
	<game>
		<path>./Falsion (Japan).fds</path>
		<name>Falsion</name>
		<desc>La humanidad ha colonizado la mayoría de los planetas en nuestra galaxia, la Vía Láctea, y ahora miran hacia la expansión de su alcance mediante el uso de una tecnología de viaje experimental llamada "Hyperzone Drive". Sin embargo, una raza de alienígenas que ya dominaron esa tecnología actualmente están invadiendo planetas a un ritmo rápido, acercándose a nuestro sistema solar. Los invasores atacan la colonia de la humanidad en Plutón y la conquistan con poca resistencia, ya que la civilización humana no tiene la tecnología para defenderse.

La organización humana responsable del programa espacial, la "Fuerza Espacial Unida", decide utilizar la "Unidad Hyperzone" aún no probada para enviar naves que atacarán directamente a los ejércitos de los invasores alienígenas. Sin embargo, la nueva tecnología resulta difícil de controlar y solo una de las naves logra sobrevivir al viaje: Falsion.</desc>
		<image>./images/Falsion (Japan)-image.png</image>
		<marquee>./images/Falsion (Japan)-marquee.png</marquee>
		<thumbnail>./images/Falsion (Japan)-thumb.png</thumbnail>
		<releasedate>19870101T000000</releasedate>
		<developer>Konami</developer>
		<publisher>Konami</publisher>
		<genre>Shooter</genre>
		<lang>jp</lang>
		<region>jp</region>
	</game>
	<game>
		<path>./Famicom Grand Prix II - 3D Hot Rally (Japan).fds</path>
		<name>Famicom Grand Prix 2 3d Hot Rally</name>
		<desc>Es la secuela de Famicom Grand Prix: F-1 Race, aunque los dos juegos son muy diferentes. El juego es similar al de Rad Racer, que se lanzó antes. Famicom Grand Prix II: 3D Hot Rally marca la primera vez que Luigi aparece más alto y delgado que Mario en una caja de arte. El juego nunca fue lanzado en América o Europa. HAL Laboratory no desarrolló el juego, aunque Nintendo lo asignó para rediseñar los disquetes y programarlo una vez que los discos no funcionaban correctamente.

En Super Smash Bros. Brawl, una canción que estuvo presente en 3D Hot Rally fue recreada para la etapa de Mario Circuit, mientras que el coche hizo una aparición como un kart que el jugador podía elegir en Mario Kart Wii. En 2001, el monster car estuvo presente como trofeo en el clásico de GameCube Super Smash Bros. Melee.</desc>
		<image>./images/Famicom Grand Prix II - 3D Hot Rally (Japan)-image.png</image>
		<marquee>./images/Famicom Grand Prix II - 3D Hot Rally (Japan)-marquee.png</marquee>
		<thumbnail>./images/Famicom Grand Prix II - 3D Hot Rally (Japan)-thumb.png</thumbnail>
		<releasedate>19880101T000000</releasedate>
		<developer>Nintendo</developer>
		<publisher>Nintendo</publisher>
		<genre>Carreras, Conducción</genre>
		<lang>jp</lang>
		<region>jp</region>
	</game>
	<game>
		<path>./Family Computer Golf Japan Course (Japan).fds</path>
		<name>Golf - Japan Course</name>
		<desc>¡Mario y Luigi parten y se van al hoyo-en-uno! Los circuitos en el juego se basan en circuitos de la vida real en Japón.</desc>
		<image>./images/Family Computer Golf Japan Course (Japan)-image.png</image>
		<marquee>./images/Family Computer Golf Japan Course (Japan)-marquee.png</marquee>
		<thumbnail>./images/Family Computer Golf Japan Course (Japan)-thumb.png</thumbnail>
		<releasedate>19870101T000000</releasedate>
		<developer>HAL Laboratory</developer>
		<publisher>Nintendo</publisher>
		<genre>Deportes / Golf</genre>
		<players>2</players>
		<lang>jp</lang>
		<region>jp</region>
	</game>
	<game>
		<path>./Family Computer Golf U.S. Course (Japan).fds</path>
		<name>Golf - U.s. Course</name>
		<desc>¡Mario y Luigi parten y se van al hoyo-en-uno! Los circuitos en el juego se basan en circuitos de la vida real en los Estados Unidos.</desc>
		<image>./images/Family Computer Golf U.S. Course (Japan)-image.png</image>
		<marquee>./images/Family Computer Golf U.S. Course (Japan)-marquee.png</marquee>
		<thumbnail>./images/Family Computer Golf U.S. Course (Japan)-thumb.png</thumbnail>
		<releasedate>19870101T000000</releasedate>
		<developer>HAL Laboratory</developer>
		<publisher>Nintendo</publisher>
		<genre>Deportes / Golf</genre>
		<players>2</players>
		<lang>jp</lang>
		<region>jp</region>
	</game>
	<game>
		<path>./Family Computer Othello (Japan).fds</path>
		<name>Othello</name>
		<desc>Othello es una variante clásica de Damas y también se conoce como Reversi. Cada jugador intenta llenar el tablero de juego con tantos discos de su color como sea posible. En cada turno, el jugador coloca un disco en el tablero seleccionando una ubicación donde los discos del oponente quedarán atrapados entre dos de sus discos. Los discos atrapados se vuelven al color del jugador. El juego termina cuando se llena el tablero o se acaba el tiempo, y gana el jugador con el mayor número de discos de color en el tablero. Dos jugadores pueden jugar uno contra el otro, o un jugador contra la computadora.</desc>
		<image>./images/Family Computer Othello (Japan)-image.png</image>
		<marquee>./images/Family Computer Othello (Japan)-marquee.png</marquee>
		<thumbnail>./images/Family Computer Othello (Japan)-thumb.png</thumbnail>
		<releasedate>19860101T000000</releasedate>
		<developer>HAL Laboratory</developer>
		<publisher>Kawada, Co. Ltd</publisher>
		<genre>Reversi</genre>
		<players>2</players>
		<lang>jp</lang>
		<region>jp</region>
	</game>
	<game>
		<path>./Final Commando - Akai Yousai (Japan).fds</path>
		<name>Final Commando - Akai Yousai</name>
		<desc>Tus hermanos de armas son rehenes detrás de las líneas enemigas, y tú eres su única esperanza de libertad. Pero la potencia de fuego que enfrentarás para rescatarlos es increíble. Cañones, tanques, submarinos y francotiradores te bombardearán con horrendos tiroteos, mientras que los aviones de combate se concentrarán desde arriba. Para defenderte, controlas el jeep de ataque todoterreno avanzado del ejército, con su arsenal de misiles guiados y granadas incendiarias. Por supuesto, estas son meras herramientas, y para salvar a sus compatriotas necesitará más que un puñado de pólvora.</desc>
		<image>./images/Final Commando - Akai Yousai (Japan)-image.png</image>
		<marquee>./images/Final Commando - Akai Yousai (Japan)-marquee.png</marquee>
		<thumbnail>./images/Final Commando - Akai Yousai (Japan)-thumb.png</thumbnail>
		<releasedate>19880101T000000</releasedate>
		<developer>Konami</developer>
		<publisher>Konami</publisher>
		<genre>Shoot'em Up</genre>
		<players>2</players>
		<playcount>1</playcount>
		<lastplayed>20201015T141031</lastplayed>
		<lang>jp</lang>
		<region>jp</region>
	</game>
	<game>
		<path>./Fire Rock (Japan).fds</path>
		<name>Fire Rock</name>
		<desc>Sobrevive a Fire Rock! Los tesoros dentro son difíciles de obtener, pero eres el valiente guerrero enviado para derrotar a los monstruos.</desc>
		<image>./images/Fire Rock (Japan)-image.png</image>
		<marquee>./images/Fire Rock (Japan)-marquee.png</marquee>
		<thumbnail>./images/Fire Rock (Japan)-thumb.png</thumbnail>
		<releasedate>19880101T000000</releasedate>
		<developer>System Sacom</developer>
		<publisher>Use Corporation</publisher>
		<genre>Acción</genre>
		<lang>jp</lang>
		<region>jp</region>
	</game>
	<game>
		<path>./Ginga Denshou - Galaxy Odyssey (Japan).fds</path>
		<name>Ginga Denshou - Galaxy Odyssey</name>
		<desc>Los humanos se están enfermando y están muriendo de una enfermedad devastadora. La curación de la enfermedad se dice que se encuentra en una de las galaxias varias mazmorras. Depende de usted, que controla a un cadete espacial, recuperar esta poción de curación y deshacerse de esta enfermedad para destruir a la humanidad.</desc>
		<image>./images/Ginga Denshou - Galaxy Odyssey (Japan)-image.png</image>
		<marquee>./images/Ginga Denshou - Galaxy Odyssey (Japan)-marquee.png</marquee>
		<thumbnail>./images/Ginga Denshou - Galaxy Odyssey (Japan)-thumb.png</thumbnail>
		<releasedate>19860101T000000</releasedate>
		<developer>Imagineer</developer>
		<publisher>Imagineer</publisher>
		<genre>Acción</genre>
		<lang>jp</lang>
		<region>jp</region>
	</game>
	<game>
		<path>./Golf (Japan) (v1.1).fds</path>
		<name>Golf</name>
		<desc>Nintendo GOLF te permite elegir tus palos, cambiar tu postura, controlar tus cambios e incluso seleccionar el ángulo de impacto. Verás el agujero desde cerca y desde lejos, juzgarás las condiciones cambiantes del green y medirás la velocidad del viento. ¡Pero ten cuidado! Cuando el viento cambia, también lo hace el vuelo de tu pelota. Con los gráficos de vanguardia de Nintendo y el juego realista, realmente creerás que estás en los fairways. ¡Así que juega a Nintendo GOLF, porque no hay un videojuego de golf a la par en ninguna parte!</desc>
		<image>./images/Golf (Japan) (v1.1)-image.png</image>
		<marquee>./images/Golf (Japan) (v1.1)-marquee.png</marquee>
		<thumbnail>./images/Golf (Japan) (v1.1)-thumb.png</thumbnail>
		<releasedate>19840101T000000</releasedate>
		<developer>Nintendo</developer>
		<publisher>Nintendo</publisher>
		<genre>Deportes / Golf</genre>
		<players>2</players>
		<lang>jp</lang>
		<region>jp</region>
	</game>
	<game>
		<path>./Golf, The - Bishoujo Classic (Japan) (Unl).fds</path>
		<name>Golf</name>
		<desc>Nintendo GOLF te permite elegir tus palos, cambiar tu postura, controlar tus cambios e incluso seleccionar el ángulo de impacto. Verás el agujero desde cerca y desde lejos, juzgarás las condiciones cambiantes del green y medirás la velocidad del viento. ¡Pero ten cuidado! Cuando el viento cambia, también lo hace el vuelo de tu pelota. Con los gráficos de vanguardia de Nintendo y el juego realista, realmente creerás que estás en los fairways. ¡Así que juega a Nintendo GOLF, porque no hay un videojuego de golf a la par en ninguna parte!</desc>
		<image>./images/Golf, The - Bishoujo Classic (Japan) (Unl)-image.png</image>
		<marquee>./images/Golf, The - Bishoujo Classic (Japan) (Unl)-marquee.png</marquee>
		<thumbnail>./images/Golf, The - Bishoujo Classic (Japan) (Unl)-thumb.png</thumbnail>
		<releasedate>19840101T000000</releasedate>
		<developer>Nintendo</developer>
		<publisher>Nintendo</publisher>
		<genre>Deportes / Golf</genre>
		<players>2</players>
		<lang>jp</lang>
		<region>jp</region>
	</game>
	<game>
		<path>./Ice Hockey (Japan).fds</path>
		<name>Ice Hockey</name>
		<desc>Es un rápido skatin ', control de cadera, acción de alto puntaje. Dirige a tu equipo hacia el centro del hielo, sobre la línea azul del oponente. Pasa al punto y configura para la punta en - ¡Puntuación! Elige un país para ti y tu oponente, selecciona un nivel de juego y enfréntate en el hielo central para convertirte en el máximo goleador en el Hockey sobre hielo de Nintendo. Recibe una multa y prueba tu defensa. O ataca un juego de poder y usa tus habilidades de manejo del disco para atrapar a tus oponentes con la guardia baja. De cualquier forma, ¡puedes convertirte en una superestrella en la liga de Nintendo Ice Hockey!</desc>
		<image>./images/Ice Hockey (Japan)-image.png</image>
		<marquee>./images/Ice Hockey (Japan)-marquee.png</marquee>
		<thumbnail>./images/Ice Hockey (Japan)-thumb.png</thumbnail>
		<releasedate>19880101T000000</releasedate>
		<developer>Nintendo</developer>
		<publisher>Nintendo</publisher>
		<genre>Deportes / Hockey</genre>
		<players>2</players>
		<lang>jp</lang>
		<region>jp</region>
	</game>
	<game>
		<path>./Idol Hotline - Nakayama Miho no Tokimeki High School (Japan).fds</path>
		<name>Idol Hotline - Nakayama Miho no Tokimeki High Scho</name>
		<desc>nnEl juego comienza con tu personaje, cuya familia acaba de mudarse al área, ingresando a su nueva escuela por primera vez. Después de la clase, accidentalmente te encuentras con una chica de aspecto conservador con gafas. Ella se presenta como Mizuho, ??pero no puedes dejar de notar su sorprendente parecido con el ídolo pop de tus sueños, Miho Nakayama. Recoges un amuleto de la buena suerte que Mizuho dejó caer para devolverle, y luego hizo una revelación sorprendente: ¡tu hermano fotógrafo sacó una foto de Miho con el mismo encanto! Vas a la sala de música para confrontarla con esta evidencia, y aquí es donde comienza el verdadero desafío del juego.</desc>
		<image>./images/Idol Hotline - Nakayama Miho no Tokimeki High School (Japan)-image.png</image>
		<marquee>./images/Idol Hotline - Nakayama Miho no Tokimeki High School (Japan)-marquee.png</marquee>
		<thumbnail>./images/Idol Hotline - Nakayama Miho no Tokimeki High School (Japan)-thumb.png</thumbnail>
		<releasedate>19870101T000000</releasedate>
		<developer>Square</developer>
		<publisher>Nintendo</publisher>
		<genre>Aventura</genre>
		<lang>jp</lang>
		<region>jp</region>
	</game>
	<game>
		<path>./Karate Champ (Japan).fds</path>
		<name>Karate Champ</name>
		<desc>Tu campeonato de karate está en juego. ¿Puedes dominar todas las estocadas, patadas, giros, volteretas, barridos de pies, golpes inversos y bloques defensivos necesarios para conservar tu título? ¡Muévete rápido y juega inteligentemente o te aplastarán antes de que puedas gruñir! Compite contra un amigo o desafía a la computadora. Nueve escenarios pintorescos diferentes (más tres desafiantes pantallas de bonificación) proporcionan los fondos para tus partidos. Hiiiiieeeeeooooo!</desc>
		<image>./images/Karate Champ (Japan)-image.png</image>
		<marquee>./images/Karate Champ (Japan)-marquee.png</marquee>
		<thumbnail>./images/Karate Champ (Japan)-thumb.png</thumbnail>
		<releasedate>19860101T000000</releasedate>
		<developer>Data East</developer>
		<publisher>Data East</publisher>
		<genre>Lucha</genre>
		<players>2</players>
		<lang>jp</lang>
		<region>jp</region>
	</game>
	<game>
		<path>./Karin no Tsurugi (Japan) [b].fds</path>
		<name>The Sword of Kalin</name>
		<desc>Han aparecido monstruos en la otrora pacífica tierra de Alitania, y la gente ha caído en el terror. Las órdenes del rey han recaído sobre ti, el caballero más valiente de Alitania.

"El destino del país pende de un hilo. Es posible salvar el país con la magia de Gladrif, pero él no está en ninguna parte. Por lo tanto, quiero que lo busques! Encuentra a Gladrif, derrota a los monstruos y restaura paz a esta tierra una vez más! "</desc>
		<image>./images/Karin no Tsurugi (Japan) [b]-image.png</image>
		<marquee>./images/Karin no Tsurugi (Japan) [b]-marquee.png</marquee>
		<thumbnail>./images/Karin no Tsurugi (Japan) [b]-thumb.png</thumbnail>
		<releasedate>19870101T000000</releasedate>
		<developer>Xtalsoft</developer>
		<publisher>Disk Original Group (DOG)</publisher>
		<genre>Juegos de rol</genre>
		<lang>jp</lang>
		<region>jp</region>
	</game>
	<game>
		<path>./Kieta Princess (Japan).fds</path>
		<name>Kieta Princess</name>
		<desc>El jugador es un detective que busca pistas sobre la desaparición de la princesa del mismo nombre.

El juego fue lanzado originalmente con un libro de cuentos y cintas de cassette de audio, "feelies" que mejoraron la comprensión y apreciación del jugador de la trama del juego, además de ayudar con algunos de los acertijos. Existe una cantidad considerable de diálogo japonés dentro del juego propiamente dicho, por lo que solo alguien que domine el idioma podrá progresar.</desc>
		<image>./images/Kieta Princess (Japan)-image.png</image>
		<marquee>./images/Kieta Princess (Japan)-marquee.png</marquee>
		<thumbnail>./images/Kieta Princess (Japan)-thumb.png</thumbnail>
		<releasedate>19861220T000000</releasedate>
		<developer>Imagineer</developer>
		<publisher>Wave Jack</publisher>
		<genre>Aventura</genre>
		<lang>jp</lang>
		<region>jp</region>
	</game>
	<game>
		<path>./Knight Move (Japan).fds</path>
		<name>Knight Move</name>
		<desc>¡Un rompecabezas del creador de Tetris, Alexey Pajitnov! Con una serie de fichas con un solo Caballero de ajedrez, movido por el jugador. Elimina todas las fichas dentro del límite de tiempo con el Knight, solo se puede mover en forma de L.

Cuando elimine los azulejos, dejará agujeros que deben evitarse. En etapas posteriores, tendrás que aterrizar en las fichas varias veces antes de que desaparezcan.</desc>
		<image>./images/Knight Move (Japan)-image.png</image>
		<marquee>./images/Knight Move (Japan)-marquee.png</marquee>
		<thumbnail>./images/Knight Move (Japan)-thumb.png</thumbnail>
		<releasedate>19900101T000000</releasedate>
		<developer>JV Dialog</developer>
		<publisher>Nintendo</publisher>
		<genre>Puzzle</genre>
		<lang>jp</lang>
		<region>jp</region>
	</game>
	<game>
		<path>./Kobayashi Hitomi no Hold Up (Japan) (Unl).fds</path>
		<name>Kobayashi Hitomi no Hold Up</name>
		<desc>¡Juega un juego de Hold Up con la hermosa modelo Kobayashi Hitomi!</desc>
		<image>./images/Kobayashi Hitomi no Hold Up (Japan) (Unl)-image.png</image>
		<marquee>./images/Kobayashi Hitomi no Hold Up (Japan) (Unl)-marquee.png</marquee>
		<thumbnail>./images/Kobayashi Hitomi no Hold Up (Japan) (Unl)-thumb.png</thumbnail>
		<releasedate>19900807T000000</releasedate>
		<developer>Hacker International</developer>
		<publisher>Hacker International</publisher>
		<genre>Adulto</genre>
		<lang>jp</lang>
		<region>jp</region>
	</game>
	<game>
		<path>./Legend of Zelda 2, The - Link no Bouken (Japan) (v1.1).fds</path>
		<name>Link No Bouken - The Legend Of Zelda 2</name>
		<desc>Hay seis palacios escondidos en Hyrule. Link debe ganar experiencia luchando contra los subordinados de Ganon, y obtener información mientras visita ciudades aquí y allá. Y, después de derrotar a los guardianes en los palacios del Valle de la Muerte, debe obtener la Trifuerza del coraje: esa es la misión de Link.</desc>
		<image>./images/Legend of Zelda 2, The - Link no Bouken (Japan) (v1.1)-image.png</image>
		<marquee>./images/Legend of Zelda 2, The - Link no Bouken (Japan) (v1.1)-marquee.png</marquee>
		<thumbnail>./images/Legend of Zelda 2, The - Link no Bouken (Japan) (v1.1)-thumb.png</thumbnail>
		<releasedate>19870101T000000</releasedate>
		<developer>Nintendo</developer>
		<publisher>Nintendo</publisher>
		<genre>Juegos de rol</genre>
		<lang>jp</lang>
		<region>jp</region>
	</game>
	<game>
		<path>./Lipstick #.1 - Lolita Hen (Japan) (Unl).fds</path>
		<name>Lipstick #.1 - Lolita Hen</name>
		<desc>Un juego de rompecabezas pornográfico.</desc>
		<image>./images/Lipstick #.1 - Lolita Hen (Japan) (Unl)-image.png</image>
		<marquee>./images/Lipstick #.1 - Lolita Hen (Japan) (Unl)-marquee.png</marquee>
		<thumbnail>./images/Lipstick #.1 - Lolita Hen (Japan) (Unl)-thumb.png</thumbnail>
		<releasedate>19880101T000000</releasedate>
		<developer>Mimi-Pro</developer>
		<publisher>Hacker International</publisher>
		<genre>Adulto</genre>
		<lang>jp</lang>
		<region>jp</region>
	</game>
	<game>
		<path>./Lipstick #.2 - Joshi Gakusei Hen (Japan) (Unl).fds</path>
		<name>Lipstick #.1 - Lolita Hen</name>
		<desc>Un juego de rompecabezas pornográfico.</desc>
		<image>./images/Lipstick #.2 - Joshi Gakusei Hen (Japan) (Unl)-image.png</image>
		<marquee>./images/Lipstick #.2 - Joshi Gakusei Hen (Japan) (Unl)-marquee.png</marquee>
		<thumbnail>./images/Lipstick #.2 - Joshi Gakusei Hen (Japan) (Unl)-thumb.png</thumbnail>
		<releasedate>19880101T000000</releasedate>
		<developer>Mimi-Pro</developer>
		<publisher>Hacker International</publisher>
		<genre>Adulto</genre>
		<lang>jp</lang>
		<region>jp</region>
	</game>
	<game>
		<path>./Lipstick #.3 - OL Hen (Japan) (Unl).fds</path>
		<name>Lipstick #.1 - Lolita Hen</name>
		<desc>Un juego de rompecabezas pornográfico.</desc>
		<image>./images/Lipstick #.3 - OL Hen (Japan) (Unl)-image.png</image>
		<marquee>./images/Lipstick #.3 - OL Hen (Japan) (Unl)-marquee.png</marquee>
		<thumbnail>./images/Lipstick #.3 - OL Hen (Japan) (Unl)-thumb.png</thumbnail>
		<releasedate>19880101T000000</releasedate>
		<developer>Mimi-Pro</developer>
		<publisher>Hacker International</publisher>
		<genre>Adulto</genre>
		<lang>jp</lang>
		<region>jp</region>
	</game>
	<game>
		<path>./Lipstick #.5 - Stewardess Hen (Japan) (Unl).fds</path>
		<name>Lipstick #.1 - Lolita Hen</name>
		<desc>Un juego de rompecabezas pornográfico.</desc>
		<image>./images/Lipstick #.5 - Stewardess Hen (Japan) (Unl)-image.png</image>
		<marquee>./images/Lipstick #.5 - Stewardess Hen (Japan) (Unl)-marquee.png</marquee>
		<thumbnail>./images/Lipstick #.5 - Stewardess Hen (Japan) (Unl)-thumb.png</thumbnail>
		<releasedate>19880101T000000</releasedate>
		<developer>Mimi-Pro</developer>
		<publisher>Hacker International</publisher>
		<genre>Adulto</genre>
		<lang>jp</lang>
		<region>jp</region>
	</game>
	<game>
		<path>./Meikyuu Jiin Dababa (Japan).fds</path>
		<name>Meikyuu Jiin Dababa</name>
		<desc>El otro yo de un joven es secuestrado por un mago malvado. Luego debe abordar las cuatro áreas del templo laberinto de Dababa para rescatarla.

Para lograr esta tarea, el jugador no puede moverse por el piso. Por el contrario, el jugador y todos los enemigos saltan de una casilla a otra a lo largo del juego.</desc>
		<image>./images/Meikyuu Jiin Dababa (Japan)-image.png</image>
		<marquee>./images/Meikyuu Jiin Dababa (Japan)-marquee.png</marquee>
		<thumbnail>./images/Meikyuu Jiin Dababa (Japan)-thumb.png</thumbnail>
		<releasedate>19870101T000000</releasedate>
		<developer>Konami</developer>
		<publisher>Konami</publisher>
		<genre>Acción</genre>
		<lang>jp</lang>
		<region>jp</region>
	</game>
	<game>
		<path>./Metroid (Japan) (v1.2) [b].fds</path>
		<name>Metroid</name>
		<desc>¡Eres tú contra el malvado Mother Brain en la emocionante batalla de Metroid! Estás dentro del planeta fortaleza Zebes. El planeta de interminables pasadizos secretos donde se multiplican los Metroid. Si se deja solo, el Metroid es inofensivo. Pero en las manos equivocadas podrían destruir la galaxia. Depende de usted evitar que el Cerebro Materno que controla Zebes use el Metroid para propósitos malvados. Pero eso no será fácil. Tendrás que usar tu traje espacial para absorber energía valiosa en tu búsqueda y así obtener el uso de objetos de poder como el Ice Beam, Wave Beam, High Jump Boots y Varia. Si sobrevives, serás tú y tus poderes adquiridos contra el Cerebro Materno.</desc>
		<image>./images/Metroid (Japan) (v1.2) [b]-image.png</image>
		<marquee>./images/Metroid (Japan) (v1.2) [b]-marquee.png</marquee>
		<thumbnail>./images/Metroid (Japan) (v1.2) [b]-thumb.png</thumbnail>
		<releasedate>19860101T000000</releasedate>
		<developer>Nintendo</developer>
		<publisher>Nintendo</publisher>
		<genre>Aventura</genre>
		<lang>jp</lang>
		<region>jp</region>
	</game>
	<game>
		<path>./Michael English Daibouken (Japan) (Unl).fds</path>
		<name>Michael English Daibouken</name>
		<desc>Michael English Daibouken es un juego educativo en el que el personaje de Michael, un gato naranja, enseña a los gatitos las diversas letras en inglés y algunos vocabularios en inglés. Michael tiene que atrapar letras flotantes para deletrear palabras en inglés, mientras evita las letras incorrectas. El juego tiene varios fondos diferentes, incluido el espacio.

El personaje de Michael proviene de la serie de manga japonesa "What's Michael", creada por Makoto Kobayashi, que podría considerarse análoga a Garfield, debido a que ambos son gatos anaranjados. Varía entre observar el comportamiento ridículo de las mascotas y los cuentos más abstractos de fantasía con versiones antropomorfizadas de los personajes de los animales.</desc>
		<image>./images/Michael English Daibouken (Japan) (Unl)-image.png</image>
		<marquee>./images/Michael English Daibouken (Japan) (Unl)-marquee.png</marquee>
		<thumbnail>./images/Michael English Daibouken (Japan) (Unl)-thumb.png</thumbnail>
		<releasedate>19870101T000000</releasedate>
		<developer>Scorpion Soft</developer>
		<publisher>Scorpion Soft</publisher>
		<genre>Educacional</genre>
		<lang>jp</lang>
		<region>jp</region>
	</game>
	<game>
		<path>./Moero TwinBee - Cinnamon Hakase wo Sukue! (Japan).fds</path>
		<name>Moero TwinBee - Cinnamon Hakase wo Sukue!</name>
		<desc>¡Salva a la Tierra de un ataque de tentempié alienígena!

¡Man a tus estaciones de batalla! Los temidos bandidos alienígenas del planeta Attackon han secuestrado al Profesor Einstein J. Cinnamon - Super Genius.

Los Attakons están planeando destruir el cerebro del profesor, recuperando su fórmula secreta de edulcorante bio-nuclear. Una fórmula que estos malvados usarán para transformar a la Tierra en una bola intergaláctica de algodón de azúcar, un dulce favorito para los golosos de Attackon. Para salvar al mundo de este pegajoso destino, te elevarás a la acción en tu muy avanzado caza jet Stinger, con su increíble variedad de extrañas armas.</desc>
		<image>./images/Moero TwinBee - Cinnamon Hakase wo Sukue! (Japan)-image.png</image>
		<marquee>./images/Moero TwinBee - Cinnamon Hakase wo Sukue! (Japan)-marquee.png</marquee>
		<thumbnail>./images/Moero TwinBee - Cinnamon Hakase wo Sukue! (Japan)-thumb.png</thumbnail>
		<releasedate>19860101T000000</releasedate>
		<developer>Konami</developer>
		<publisher>Konami</publisher>
		<genre>Shoot'em Up</genre>
		<players>3</players>
		<lang>jp</lang>
		<region>jp</region>
	</game>
	<game>
		<path>./Monitor Puzzle Kineko, The - Kinetic Connection (Japan).fds</path>
		<name>Monitor Puzzle Kineko - Kinetic Connection</name>
		<desc>Un juego de rompecabezas de imágenes similar a un rompecabezas, excepto que la imagen que crea está animada. Fue publicado por Irem en Japón solo para el Sistema de Disco Famicom.</desc>
		<image>./images/Monitor Puzzle Kineko, The - Kinetic Connection (Japan)-image.png</image>
		<marquee>./images/Monitor Puzzle Kineko, The - Kinetic Connection (Japan)-marquee.png</marquee>
		<thumbnail>./images/Monitor Puzzle Kineko, The - Kinetic Connection (Japan)-thumb.png</thumbnail>
		<releasedate>19860101T000000</releasedate>
		<developer>Tamtex</developer>
		<publisher>Irem</publisher>
		<genre>Puzzle</genre>
		<lang>jp</lang>
		<region>jp</region>
	</game>
	<game>
		<path>./Monty on the Run - Monty no Doki Doki Dai Dassou (Japan) [b].fds</path>
		<name>Monty no Doki Doki Daisassou - Monty on the Run</name>
		<desc>Huyendo de las autoridades después de su intervención en la huelga de los mineros, Monty debe escapar de la prisión y dirigirse al Canal de la Mancha y la libertad en Europa.</desc>
		<image>./images/Monty on the Run - Monty no Doki Doki Dai Dassou (Japan) [b]-image.png</image>
		<marquee>./images/Monty on the Run - Monty no Doki Doki Dai Dassou (Japan) [b]-marquee.png</marquee>
		<thumbnail>./images/Monty on the Run - Monty no Doki Doki Dai Dassou (Japan) [b]-thumb.png</thumbnail>
		<releasedate>19870101T000000</releasedate>
		<developer>Jaleco</developer>
		<publisher>Jaleco</publisher>
		<genre>Plataforma</genre>
		<lang>jp</lang>
		<region>jp</region>
	</game>
	<game>
		<path>./Nazo no Murasame Jou (Japan).fds</path>
		<name>Nazo No Murasamejou</name>
		<desc>¡Restaura la paz en una tierra que ha sido anulada por el mal!

Una noche tormentosa en el Japón feudal, una fuerza misteriosa comienza a tomar el control del Castillo de Murasame y sus tierras. Cada señor de cuatro castillos vecinos ha tomado posesión de una oscura esfera de poder, lo que les permite convocar a ejércitos ninja y monstruos que causan estragos en las aldeas.

Takamaru, un valiente y joven aprendiz de samurai, ha sido enviado a investigar. Debe infiltrarse en los cuatro castillos y derrotar a los señores antes de dirigirse al castillo de Murasame. Usa ataques de espada y shuriken contra los enjambres de enemigos y descubre el secreto detrás de la fuente del mal.</desc>
		<image>./images/Nazo no Murasame Jou (Japan)-image.png</image>
		<marquee>./images/Nazo no Murasame Jou (Japan)-marquee.png</marquee>
		<thumbnail>./images/Nazo no Murasame Jou (Japan)-thumb.png</thumbnail>
		<releasedate>19860101T000000</releasedate>
		<developer>Nintendo</developer>
		<publisher>Nintendo</publisher>
		<genre>Aventura</genre>
		<lang>jp</lang>
		<region>jp</region>
	</game>
	<game>
		<path>./Nazoraa Land Dai 2 Gou (Japan) (Nazo Magazine Disk).fds</path>
		<name>Nazoler Land - Dai 2 Gou</name>
		<desc>El segundo juego de la serie Nazoler Land de compilaciones de minijuegos publicados por SunSoft para el sistema de discos Famicom.

Nazoler Land Dai 2 Gou es la secuela de Nazoler Land Soukan Gou y es similarmente una conexión de minijuego con un tema de revista. Contiene seis minijuegos, en lugar de los ocho de su predecesor. Una característica notable de esta compilación es que todos los minijuegos se representan como discos de Famicom en la pantalla de selección, y una vez que se elige un juego, una animación muestra el disco que se está cargando en el Sistema de discos de Famicom.</desc>
		<image>./images/Nazoraa Land Dai 2 Gou (Japan) (Nazo Magazine Disk)-image.png</image>
		<marquee>./images/Nazoraa Land Dai 2 Gou (Japan) (Nazo Magazine Disk)-marquee.png</marquee>
		<thumbnail>./images/Nazoraa Land Dai 2 Gou (Japan) (Nazo Magazine Disk)-thumb.png</thumbnail>
		<releasedate>19870101T000000</releasedate>
		<developer>Sunsoft</developer>
		<publisher>Sunsoft</publisher>
		<genre>Juego Casual</genre>
		<players>2</players>
		<lang>jp</lang>
		<region>jp</region>
	</game>
	<game>
		<path>./Nazoraa Land Dai 3 Gou (Japan) (Nazo Magazine Disk) [b].fds</path>
		<name>Nazoler Land - Dai 3 Gou</name>
		<desc>La tercera y última entrada principal de la serie Nazoler Land de compilaciones de minijuegos con un tema de revista. Fue desarrollado y publicado por SunSoft para el sistema de disco Famicom.

Nazoler Land Dai 3 Gou es el tercer juego de la serie Nazoler Land. Al igual que sus predecesores, fue desarrollado y publicado por Sunsoft para el sistema de disco Famicom de Nintendo en Japón solamente, y contiene varios minijuegos con una jugabilidad diversa.</desc>
		<image>./images/Nazoraa Land Dai 3 Gou (Japan) (Nazo Magazine Disk) [b]-image.png</image>
		<marquee>./images/Nazoraa Land Dai 3 Gou (Japan) (Nazo Magazine Disk) [b]-marquee.png</marquee>
		<thumbnail>./images/Nazoraa Land Dai 3 Gou (Japan) (Nazo Magazine Disk) [b]-thumb.png</thumbnail>
		<releasedate>19880101T000000</releasedate>
		<developer>Sunsoft</developer>
		<publisher>Sunsoft</publisher>
		<genre>Juego Casual</genre>
		<players>2</players>
		<lang>jp</lang>
		<region>jp</region>
	</game>
	<game>
		<path>./Nazoraa Land Soukan Gou (Japan) (Nazo Magazine Disk) [b].fds</path>
		<name>Nazoler Land - Soukan Gou</name>
		<desc>Una compilación de minijuegos de SunSoft para el sistema de disco Famicom. Es el primero de una serie de cuatro juegos Nazoler.

Nazoler Land Soukan Gou es el primero de una serie de colecciones de minijuegos de SunSoft desarrolladas especialmente para el periférico Famicom Disk System de Nintendo. Fue seguido por dos secuelas directas y un spin-off basado en un cuestionario.

Nazoler Land Soukan Gou (o Nazoler Land Vol. 1) tiene ocho minijuegos que el jugador puede seleccionar de un menú después de cargar el juego y cambiar el disco.</desc>
		<image>./images/Nazoraa Land Soukan Gou (Japan) (Nazo Magazine Disk) [b]-image.png</image>
		<marquee>./images/Nazoraa Land Soukan Gou (Japan) (Nazo Magazine Disk) [b]-marquee.png</marquee>
		<thumbnail>./images/Nazoraa Land Soukan Gou (Japan) (Nazo Magazine Disk) [b]-thumb.png</thumbnail>
		<releasedate>19870101T000000</releasedate>
		<developer>Sunsoft</developer>
		<publisher>Sunsoft</publisher>
		<genre>Juego Casual</genre>
		<players>2</players>
		<lang>jp</lang>
		<region>jp</region>
	</game>
	<game>
		<path>./Nazoraa Land Zoukan Gou - Quiz Ou wo Sagase! (Japan) (Nazo Magazine Disk) [b].fds</path>
		<name>Nazoler Land Special!! - Quiz Ou Wo Sagase</name>
		<desc>Un spin-off de las colecciones de mini juegos Nazoler Land de Sunsoft para el sistema de disco Famicom, esta versión especial es un juego de preguntas y respuestas. Al igual que los otros juegos de Nazoler Land, nunca fue lanzado fuera de Japón.

Nazoler Land Special: Quiz ou wo Ikuse (o "Búsqueda de los Quiz Masters") es un juego de preguntas y respuestas en el que el jugador debe responder preguntas de trivia de ocho oponentes diferentes de todo Japón para ganar el juego.

Debido a que el juego nunca se lanzó fuera de Japón, se necesita una cantidad considerable de conocimiento japonés para jugar, tanto para comprender las preguntas como para poder responderlas.

No forma parte de la serie principal de juegos Nazoler Land, que son todas las compilaciones de minijuegos.</desc>
		<image>./images/Nazoraa Land Zoukan Gou - Quiz Ou wo Sagase! (Japan) (Nazo Magazine Disk) [b]-image.png</image>
		<marquee>./images/Nazoraa Land Zoukan Gou - Quiz Ou wo Sagase! (Japan) (Nazo Magazine Disk) [b]-marquee.png</marquee>
		<thumbnail>./images/Nazoraa Land Zoukan Gou - Quiz Ou wo Sagase! (Japan) (Nazo Magazine Disk) [b]-thumb.png</thumbnail>
		<releasedate>19870101T000000</releasedate>
		<developer>Sunsoft</developer>
		<publisher>Sunsoft</publisher>
		<genre>Quiz</genre>
		<lang>jp</lang>
		<region>jp</region>
	</game>
	<game>
		<path>./Professional Mahjong Gokuu (Japan).fds</path>
		<name>Professional Mahjong Gokuu</name>
		<desc>Professional Mahjong Goku es el tercer juego de la Famicom basado en Mahjong, el competitivo juego de fichas popular en China y Japón. Es una versión para cuatro personas del juego, que generalmente es la forma en que se juega en la vida real, aunque poco común en las simulaciones durante esta era debido a la potencia de cómputo adicional necesaria para tres oponentes de AI.

Como un juego de Mahjong "profesional", hay una oportunidad de jugar un modo en el que el jugador puede apostar de antemano a los resultados. La cantidad de dinero ganado o perdido generalmente se basa en la calidad de la mano ganadora, pero ocasionalmente el jugador también puede hacer apuestas para aumentar su apuesta si gana (aunque, por supuesto, cualquier dinero apostado de esta manera se pierde si alguien más gana la mano)</desc>
		<image>./images/Professional Mahjong Gokuu (Japan)-image.png</image>
		<marquee>./images/Professional Mahjong Gokuu (Japan)-marquee.png</marquee>
		<thumbnail>./images/Professional Mahjong Gokuu (Japan)-thumb.png</thumbnail>
		<releasedate>19860101T000000</releasedate>
		<developer>Chat Noir</developer>
		<publisher>ASCII Corporation</publisher>
		<genre>Juegos de mesa asiático</genre>
		<lang>jp</lang>
		<region>jp</region>
	</game>
	<game>
		<path>./ProWres - Famicom Wrestling Association (Japan) [b].fds</path>
		<name>Puroresu - Famicom Wrestling Association</name>
		<desc>El jugador elige un luchador con habilidades únicas y presiona varias combinaciones de botones para usar diferentes movimientos de lucha. Es posible dejar el anillo; sin embargo, un jugador que lo haga debe volver a ingresar al ring antes de los 20 conteos del árbitro. De lo contrario, se produce una pérdida (a través del conteo) o un empate (doble conteo), si ambos luchadores no pueden volver a ingresar a tiempo. (Nota: el conteo del árbitro se interrumpe solo después de que ambos luchadores hayan reingresado al ring. Es decir, mientras que al menos un luchador esté fuera del ring, el conteo del árbitro continúa. Además, es posible que un luchador sea contado mientras ejecutas una "plancha" si ha cruzado las cuerdas del anillo a la cuenta de 20.</desc>
		<image>./images/ProWres - Famicom Wrestling Association (Japan) [b]-image.png</image>
		<marquee>./images/ProWres - Famicom Wrestling Association (Japan) [b]-marquee.png</marquee>
		<thumbnail>./images/ProWres - Famicom Wrestling Association (Japan) [b]-thumb.png</thumbnail>
		<releasedate>19860101T000000</releasedate>
		<developer>Nintendo</developer>
		<publisher>Nintendo</publisher>
		<genre>Deportes / Lucha libre</genre>
		<players>2</players>
		<lang>jp</lang>
		<region>jp</region>
	</game>
	<game>
		<path>./Risa no Yousei Densetsu (Japan).fds</path>
		<name>Risa no Yousei Densetsu - Risa Tachibana</name>
		<desc>Toma el papel de un niño que visita un concierto de la popular ídolo japonesa, la cantante y actriz Risa Tachibana. Durante el concierto, el cielo se oscurece, los rayos caen y él y Risa se transportan misteriosamente a un país de hadas, amenazado por una malvada bruja y sus secuaces. Entonces comienza su aventura para vencer a la malvada bruja y encontrar un camino de regreso a su propio mundo.</desc>
		<image>./images/Risa no Yousei Densetsu (Japan)-image.png</image>
		<marquee>./images/Risa no Yousei Densetsu (Japan)-marquee.png</marquee>
		<thumbnail>./images/Risa no Yousei Densetsu (Japan)-thumb.png</thumbnail>
		<releasedate>19880101T000000</releasedate>
		<developer>Konami</developer>
		<publisher>Konami</publisher>
		<genre>Aventura</genre>
		<lang>jp</lang>
		<region>jp</region>
	</game>
	<game>
		<path>./Sailor Fuku Bishoujo Zukan Vol. 1 (Japan) (Unl).fds</path>
		<name>Sailor Fuku Bishoujo Zukan Vol. 1</name>
		<desc>Pequeño juego de acción para adultos. Debes alcanzar a una chica en la parte superior de una escalera mientras evitas los objetos que te arroja. Si lo alcanzas, serás recompensado con un striptease en la forma debida.</desc>
		<image>./images/Sailor Fuku Bishoujo Zukan Vol. 1 (Japan) (Unl)-image.png</image>
		<marquee>./images/Sailor Fuku Bishoujo Zukan Vol. 1 (Japan) (Unl)-marquee.png</marquee>
		<releasedate>19890101T000000</releasedate>
		<developer>Mimi-Pro</developer>
		<publisher>Hacker International</publisher>
		<genre>Adulto</genre>
		<playcount>3</playcount>
		<lastplayed>20210922T174201</lastplayed>
		<lang>jp</lang>
		<region>jp</region>
	</game>
	<game>
		<path>./Sailor Fuku Bishoujo Zukan Vol. 4 (Japan) (Unl).fds</path>
		<name>Sailor Fuku Bishoujo Zukan Vol. 4</name>
		<desc>Cuarta parte de un juego de acción para adultos. Debes alcanzar a una chica en la parte superior de una escalera mientras evitas los objetos que ella te arroja. Si la alcanzas, serás recompensado con un despojo en buenas forma debida</desc>
		<image>./images/Sailor Fuku Bishoujo Zukan Vol. 4 (Japan) (Unl)-image.png</image>
		<marquee>./images/Sailor Fuku Bishoujo Zukan Vol. 4 (Japan) (Unl)-marquee.png</marquee>
		<releasedate>19890101T000000</releasedate>
		<developer>Mimi-Pro</developer>
		<publisher>Hacker International</publisher>
		<genre>Adulto</genre>
		<lang>jp</lang>
		<region>jp</region>
	</game>
	<game>
		<path>./Sailor Fuku Bishoujo Zukan Vol. 5 (Japan) (Unl).fds</path>
		<name>Sailor Fuku Bishoujo Zukan Vol. 5</name>
		<desc>Quinta parte de un juego de acción para adultos. Debes alcanzar a una chica en la parte superior de una escalera mientras evitas los objetos que ella te arroja. Si la alcanzas, serás recompensado con un despojo en buenas forma debida</desc>
		<image>./images/Sailor Fuku Bishoujo Zukan Vol. 5 (Japan) (Unl)-image.png</image>
		<marquee>./images/Sailor Fuku Bishoujo Zukan Vol. 5 (Japan) (Unl)-marquee.png</marquee>
		<releasedate>19890101T000000</releasedate>
		<developer>Mimi-Pro</developer>
		<publisher>Hacker International</publisher>
		<genre>Adulto</genre>
		<lang>jp</lang>
		<region>jp</region>
	</game>
	<game>
		<path>./Sailor Fuku Bishoujo Zukan Vol. 6 (Japan) (Unl).fds</path>
		<name>Sailor Fuku Bishoujo Zukan Vol. 6</name>
		<desc>Sexta parte de un juego de acción para adultos. Debes alcanzar a una chica en la parte superior de una escalera mientras evitas los objetos que ella te arroja. Si la alcanzas, serás recompensado con un despojo en buenas forma debida</desc>
		<image>./images/Sailor Fuku Bishoujo Zukan Vol. 6 (Japan) (Unl)-image.png</image>
		<marquee>./images/Sailor Fuku Bishoujo Zukan Vol. 6 (Japan) (Unl)-marquee.png</marquee>
		<releasedate>19890101T000000</releasedate>
		<developer>Mimi-Pro</developer>
		<publisher>Hacker International</publisher>
		<genre>Adulto</genre>
		<lang>jp</lang>
		<region>jp</region>
	</game>
	<game>
		<path>./Samurai Sword (Japan) [b].fds</path>
		<name>Samurai Sword</name>
		<desc>"Cuando el sacerdote oscuro Soron se ve amenazado por envolver al mundo en sombras, héroes y magos por igual
se levantó contra él.

Todos fueron derrotados.

Pero el guerrero solitario sigue en pie ... "

Tu juegas el papel de un samurai que destruye las fuerzas de Soron. Sin embargo, descubres que no puedes vencerlo solo, así que debes encontrar una luz que te ayude en tu búsqueda, y lo más importante, el arma sagrada conocida como la Espada Samurai.</desc>
		<image>./images/Samurai Sword (Japan) [b]-image.png</image>
		<marquee>./images/Samurai Sword (Japan) [b]-marquee.png</marquee>
		<thumbnail>./images/Samurai Sword (Japan) [b]-thumb.png</thumbnail>
		<releasedate>19880101T000000</releasedate>
		<developer>Capcom</developer>
		<publisher>Capcom</publisher>
		<genre>Aventura</genre>
		<lang>jp</lang>
		<region>jp</region>
	</game>
	<game>
		<path>./Smash Ping Pong (Japan) [b].fds</path>
		<name>Smash Ping Pong</name>
		<desc>Velocidad y tiempo! Disparos espectaculares! Emocionantes mítines! Pon a prueba tus reflejos en una desafiante simulación de ping-pong !!</desc>
		<image>./images/Smash Ping Pong (Japan) [b]-image.png</image>
		<marquee>./images/Smash Ping Pong (Japan) [b]-marquee.png</marquee>
		<thumbnail>./images/Smash Ping Pong (Japan) [b]-thumb.png</thumbnail>
		<releasedate>19870101T000000</releasedate>
		<developer>Konami</developer>
		<publisher>Nintendo</publisher>
		<genre>Deportes</genre>
		<players>2</players>
		<lang>jp</lang>
		<region>jp</region>
	</game>
	<game>
		<path>./Soccer (Japan).fds</path>
		<name>Soccer</name>
		<desc>¡Disfruta de la acción de la Copa del Mundo mientras mueves a tu equipo hacia arriba y hacia abajo hasta la victoria! Realiza Kickoffs, Throw-ins, Goal kicks y Corner kicks, como en un partido de fútbol real. Puedes elegir un equipo de computadora o un amigo como tu oponente. Luego seleccione un nivel de habilidad 1-5. Te encantará los gráficos de última generación de Nintendo y el juego realista, y por supuesto, la competencia directa que controlarás con la punta de los dedos.</desc>
		<image>./images/Soccer (Japan)-image.png</image>
		<marquee>./images/Soccer (Japan)-marquee.png</marquee>
		<thumbnail>./images/Soccer (Japan)-thumb.png</thumbnail>
		<releasedate>19850101T000000</releasedate>
		<developer>Intelligent Systems</developer>
		<publisher>Nintendo</publisher>
		<genre>Deportes / Fútbol</genre>
		<players>2</players>
		<lang>jp</lang>
		<region>jp</region>
	</game>
	<game>
		<path>./Super Lode Runner (Japan) [b].fds</path>
		<name>Super Lode Runner</name>
		<desc>El juego mantiene la jugabilidad típica de la serie Lode Runner. Los jugadores deben recoger todo el oro en el escenario, evitando o atrapando a los guardias robóticos que constantemente les están persiguiendo. El juego también cuenta con un editor de niveles para que los jugadores puedan crear sus propias etapas para jugar.</desc>
		<image>./images/Super Lode Runner (Japan) [b]-image.png</image>
		<marquee>./images/Super Lode Runner (Japan) [b]-marquee.png</marquee>
		<thumbnail>./images/Super Lode Runner (Japan) [b]-thumb.png</thumbnail>
		<releasedate>19870101T000000</releasedate>
		<developer>Irem</developer>
		<publisher>Irem</publisher>
		<genre>Puzzle</genre>
		<players>2</players>
		<lang>jp</lang>
		<region>jp</region>
	</game>
	<game>
		<path>./Super Lode Runner II (Japan) (Disk Writer) [b].fds</path>
		<name>Super Lode Runner II</name>
		<desc>El juego es en gran medida idéntico al del Lode Runner original: los jugadores deben recoger todo el oro en un escenario y salir por una escalera. También deben evitar a los enemigos alrededor del escenario, que tienden a dirigirse hacia el jugador. Para defenderse, el personaje del jugador puede cavar agujeros a sus pies que pueden atrapar enemigos y también le permitirán al protagonista alcanzar el oro enterrado. Cada nivel tiende a tener una estrategia específica que el jugador debe descifrar si pretenden progresar.</desc>
		<image>./images/Super Lode Runner II (Japan) (Disk Writer) [b]-image.png</image>
		<marquee>./images/Super Lode Runner II (Japan) (Disk Writer) [b]-marquee.png</marquee>
		<thumbnail>./images/Super Lode Runner II (Japan) (Disk Writer) [b]-thumb.png</thumbnail>
		<releasedate>19870101T000000</releasedate>
		<developer>Irem</developer>
		<publisher>Irem</publisher>
		<genre>Puzzle</genre>
		<players>2</players>
		<playcount>1</playcount>
		<lastplayed>20200710T132744</lastplayed>
		<lang>jp</lang>
		<region>jp</region>
	</game>
	<game>
		<path>./Super Mario Brothers (Japan).fds</path>
		<name>Super Mario Bros.</name>
		<desc>¿Tienes lo que se necesita para salvar a la Princesa Hongo?

¡Tendrás que pensar rápido y moverte aún más rápido para completar esta misión! La Mushroom Princess está siendo cautiva por la malvada tribu de tortugas Koopa. Depende de ti rescatarla de las garras del Rey Koopa antes de que se acabe el tiempo. Pero no será fácil. Para llegar a la princesa, tendrás que escalar montañas, cruzar el mar, evitar pozos sin fondo, luchar contra los soldados de las tortugas y una serie de trampas de magia negra que solo un Rey Koopa puede idear. ¡Es otra aventura sin parar de SUPER MARIO BROS!</desc>
		<image>./images/Super Mario Brothers (Japan)-image.png</image>
		<marquee>./images/Super Mario Brothers (Japan)-marquee.png</marquee>
		<thumbnail>./images/Super Mario Brothers (Japan)-thumb.png</thumbnail>
		<releasedate>19860221T000000</releasedate>
		<developer>Nintendo</developer>
		<publisher>Nintendo</publisher>
		<genre>Plataforma</genre>
		<players>2</players>
		<playcount>2</playcount>
		<lastplayed>20210922T172504</lastplayed>
		<gametime>13</gametime>
		<lang>jp</lang>
		<region>jp</region>
	</game>
	<game>
		<path>./Tanigawa Kouji no Shougi Shinan II - Meijin heno Michi (Japan).fds</path>
		<name>Tanigawa Kouji no Shougi Shinan II - Meijin heno M</name>
		<desc>El primer Tanigawa Kouji no Shogi Shinan solo se lanzó en computadoras caseras MSX, aunque este juego apareció por primera vez en Famicom Disk System en 1987. Más tarde recibiría versiones adicionales para el MSX y el Famicom basado en cartuchos en 1988. También existe una segunda versión de Famicom Disk System, lanzada después de los puertos MSX y Famicom, que contiene arreglos de rompecabezas adicionales. El tercer juego de la serie solo se lanzará en Famicom.

Ni este juego ni ninguno de los juegos de la serie se lanzaron fuera de Japón.</desc>
		<image>./images/Tanigawa Kouji no Shougi Shinan II - Meijin heno Michi (Japan)-image.png</image>
		<marquee>./images/Tanigawa Kouji no Shougi Shinan II - Meijin heno Michi (Japan)-marquee.png</marquee>
		<thumbnail>./images/Tanigawa Kouji no Shougi Shinan II - Meijin heno Michi (Japan)-thumb.png</thumbnail>
		<releasedate>19870101T000000</releasedate>
		<developer>Pony Canyon</developer>
		<publisher>Pony Canyon</publisher>
		<genre>Shougi</genre>
		<players>2</players>
		<playcount>1</playcount>
		<lastplayed>20210922T173432</lastplayed>
		<gametime>39</gametime>
		<lang>jp</lang>
		<region>jp</region>
	</game>
	<game>
		<path>./Tennis (Japan).fds</path>
		<name>Tennis</name>
		<desc>¡Ya sea para singles o dobles, te encantará la acción sin parar de este juego de tenis increíblemente real!

Lanza un saque, dispara un revés ardiente, lanza una volea de derecha: ¡tú tomas las decisiones en Nintendo TENNIS! Nintendo te permite elegir un oponente de cinco niveles de habilidad diferentes. ¡Así que a medida que tu juego mejora, también lo hace tu compañero de juego! Además, ¡puedes medir la velocidad de tu saque! Cuanto mejor sea el tiempo, más rápido se moverá a través de la red. Tendrás horas de diversión corriendo por la red, jugando en la línea de fondo o deambulando por la cancha. ¡Con los gráficos de última generación de Nintendo y el juego realista, realmente creerás que estás en la cancha central!</desc>
		<image>./images/Tennis (Japan)-image.png</image>
		<marquee>./images/Tennis (Japan)-marquee.png</marquee>
		<thumbnail>./images/Tennis (Japan)-thumb.png</thumbnail>
		<releasedate>19830101T000000</releasedate>
		<developer>Intelligent Systems</developer>
		<publisher>Nintendo</publisher>
		<genre>Deportes / Tenis</genre>
		<players>16</players>
		<lang>jp</lang>
		<region>jp</region>
	</game>
	<game>
		<path>./TwinBee (Japan) (Disk Writer).fds</path>
		<name>TwinBee</name>
		<desc>Los malos han robado Paradise Island. El poder que necesitas está en las campanas mágicas escondidas en algún lugar detrás de esas capas de nubes. ¡Únete a tu alter ego aquí en el último golpe de Konami!</desc>
		<image>./images/TwinBee (Japan) (Disk Writer)-image.png</image>
		<marquee>./images/TwinBee (Japan) (Disk Writer)-marquee.png</marquee>
		<thumbnail>./images/TwinBee (Japan) (Disk Writer)-thumb.png</thumbnail>
		<releasedate>19880101T000000</releasedate>
		<developer>Konami</developer>
		<publisher>Konami</publisher>
		<genre>Shoot'em Up</genre>
		<players>2</players>
		<lang>jp</lang>
		<region>jp</region>
	</game>
	<game>
		<path>./Super Mario Brothers 2 (Japan).fds</path>
		<name>Super Mario Bros. 2</name>
		<desc>Originalmente lanzado en Japón como Super Mario Bros.® 2, este juego ha hecho solo apariciones breves en el hemisferio occidental. Los fanáticos de Mario apreciarán la apariencia familiar del juego, mientras descubren que su juego actualizado crea un desafío completamente nuevo. Ya no se conforman con usar mono de diferentes colores, Mario y Luigi también poseen diferentes conjuntos de habilidades (Mario puede parar más rápido, mientras que Luigi puede saltar más alto). Además de los enemigos clásicos ya conocidos por los fanáticos de todo el mundo, también hay Setas venenosas, Zonas de deformación hacia atrás y ocasionalmente ráfagas de viento (que pueden ayudar o dificultar su progreso) para tener en cuenta. Y si eso no es suficiente, los jugadores expertos pueden buscar los mundos secretos del juego. Así que prepárese para poner a prueba sus habilidades de Mario y salvar a la Princesa nuevamente. ¡No te sorprendas si ella está en otro castillo!</desc>
		<image>./images/Super Mario Brothers 2 (Japan)-image.png</image>
		<marquee>./images/Super Mario Brothers 2 (Japan)-marquee.png</marquee>
		<thumbnail>./images/Super Mario Brothers 2 (Japan)-thumb.png</thumbnail>
		<rating>0.6</rating>
		<releasedate>19860101T000000</releasedate>
		<developer>Nintendo</developer>
		<publisher>Nintendo</publisher>
		<genre>Plataforma</genre>
		<playcount>8</playcount>
		<lastplayed>20211109T164707</lastplayed>
		<gametime>1394</gametime>
		<lang>jp</lang>
		<region>jp</region>
	</game>
	<game>
		<path>./Ai Senshi Nicol (Japan) [b].fds</path>
		<name>Ai Senshi Nicol</name>
		<desc>Nicol es un joven genio que desarrolló la tecnología para transportar equipos a través de las dimensiones del espacio. Las noticias sobre este descubrimiento se extendieron por toda la galaxia, y ahora una amenaza amenazante de un sistema estelar distante está determinado a poner sus manos en esa tecnología para sus propios fines. Para hacer eso, un demonio ha secuestrado a la novia de Nicol, Stella, y la mantiene cautiva hasta que obtenga la tecnología. Ella espera impotente detrás de la cámara del demonio, sin perder la esperanza de que su verdadero amor Nicol vendrá a salvarla.</desc>
		<image>./images/Ai Senshi Nicol (Japan) [b]-image.png</image>
		<marquee>./images/Ai Senshi Nicol (Japan) [b]-marquee.png</marquee>
		<thumbnail>./images/Ai Senshi Nicol (Japan) [b]-thumb.png</thumbnail>
		<rating>1</rating>
		<releasedate>19870101T000000</releasedate>
		<developer>Konami</developer>
		<publisher>Konami</publisher>
		<genre>Acción / Aventura</genre>
		<playcount>1</playcount>
		<lastplayed>20220318T095117</lastplayed>
		<lang>jp</lang>
		<region>jp</region>
	</game>
	<game>
		<path>./Neunzehn (Japan) [b].fds</path>
		<name>19 - Neunzehn</name>
		<desc>El jugador controla uno de los cuatro herederos con igual derecho al trono del héroe griego Aquiles. Este último envía a los cuatro para obtener una piedra mágica que confiere omnipotencia al usuario, originalmente dejado por los dioses griegos. A través de la guerra, el héroe elegido por el jugador debe derrotar a los ejércitos de sus tres rivales y reclamarlo por sí mismos.</desc>
		<image>./images/Neunzehn (Japan) [b]-image.png</image>
		<marquee>./images/Neunzehn (Japan) [b]-marquee.png</marquee>
		<thumbnail>./images/Neunzehn (Japan) [b]-thumb.png</thumbnail>
		<rating>0.65</rating>
		<releasedate>19880101T000000</releasedate>
		<developer>Soft Pro International</developer>
		<publisher>Soft Pro International</publisher>
		<genre>Estrategia</genre>
		<playcount>6</playcount>
		<lastplayed>20220811T195342</lastplayed>
		<gametime>61</gametime>
		<lang>jp</lang>
		<region>jp</region>
	</game>
</gameList>
