<?xml version="1.0"?>
<gameList>
	<game id="19493">
		<path>./Ape Escape (Spain).chd</path>
		<name>Ape Escape</name>
		<desc>Specter, una atracción popular en el parque de atracciones, se ha transformado en un mono inteligente. Ahora él y su ejército de monos se han apoderado de la máquina del tiempo del profesor con el fin de viajar atrás en el tiempo y sustituir la civilización humana por una sociedad simiesca. Sólo hay un problema: Spike estaba atrapado en la máquina del tiempo, así que se ha vuelto al pasado con ellos. Con la ayuda de numerosos artilugios del profesor, Spike viajará por tierras prehistóricas y debe capturar al ejército de Specter para evitar su malvado plan.</desc>
		<image>./images/Ape Escape (Spain)-image.png</image>
		<marquee>./images/Ape Escape (Spain)-marquee.png</marquee>
		<thumbnail>./images/Ape Escape (Spain)-thumb.png</thumbnail>
		<rating>0.75</rating>
		<releasedate>19990207T000000</releasedate>
		<developer>Sony</developer>
		<publisher>Sony</publisher>
		<genre>Plataforma</genre>
		<players>1</players>
		<md5>dea69c23881e3a6568d5166d1ea17ce2</md5>
		<lang>es</lang>
		<region>eu</region>
	</game>
	<game id="19269">
		<path>./Castlevania - Symphony of the Night (Europe).chd</path>
		<name>Castlevania : Symphony of the Night</name>
		<desc>Vuelve la leyenda. Despertando de su eterno reposo por la aparición de Castlevania, Alucard debe enfrentarse de nuevo a las malvadas criaturas de la noche. Utiliza tus poderes de vampiro junto con las armas, pociones mágicas y otras reliquias mágicas para cambiar el curso de la batalla. Una mezcla entre juego de plataformas y juego de rol con muchas zonas escondidas y secretas. ¿Te crees capaz de descubrir todas esas zonas?</desc>
		<image>./images/Castlevania - Symphony of the Night (Europe)-image.png</image>
		<marquee>./images/Castlevania - Symphony of the Night (Europe)-marquee.png</marquee>
		<thumbnail>./images/Castlevania - Symphony of the Night (Europe)-thumb.png</thumbnail>
		<rating>0.95</rating>
		<releasedate>19971101T000000</releasedate>
		<developer>Konami</developer>
		<publisher>Konami</publisher>
		<genre>Acción / Aventura</genre>
		<family>Castlevania</family>
		<players>1</players>
		<lang>en</lang>
		<region>eu</region>
	</game>
	<game id="19270">
		<path>./Crash Bandicoot 2 - Cortex Strikes Back (Europe) (En,Fr,De,Es,It) (No EDC).chd</path>
		<name>Crash Bandicoot 2 : Cortex Strikes Back</name>
		<desc>Después de haber sido derrotado por Crash Bandicoot en el juego anterior, el Dr. Neo Cortex encuentra por accidente un extraño cristal que parece albergar un gran poder. Tras descubrir que existen otros 25 cristales en distintas partes del mundo, Neo Cortex trama un engaño para convencer a Crash y su hermana Coco de que le ayuden a buscarlos y poder construir así el arma definitiva. Usando la máquina teletransportadora de Cortex, el ingenuo de Crash se pone de nuevo en marcha.</desc>
		<image>./images/Crash Bandicoot 2 - Cortex Strikes Back (Europe) (En,Fr,De,Es,It) (No EDC)-image.png</image>
		<marquee>./images/Crash Bandicoot 2 - Cortex Strikes Back (Europe) (En,Fr,De,Es,It) (No EDC)-marquee.png</marquee>
		<thumbnail>./images/Crash Bandicoot 2 - Cortex Strikes Back (Europe) (En,Fr,De,Es,It) (No EDC)-thumb.png</thumbnail>
		<rating>0.9</rating>
		<releasedate>19971206T000000</releasedate>
		<developer>Naughty Dog</developer>
		<publisher>Sony</publisher>
		<genre>Plataforma</genre>
		<family>Crash Bandicoot</family>
		<players>1</players>
		<lang>no,de,en,es,fr,it</lang>
		<region>eu</region>
	</game>
	<game id="19262">
		<path>./Crash Bandicoot 3 - Warped (Europe) (En,Fr,De,Es,It).chd</path>
		<name>Crash Bandicoot 3 : Warped</name>
		<desc>Tras el fracaso del plan del Dr. Neo Cortex y la caída de su base espacial sobre la jungla, la malvada máscara Uka Uka es finalmente liberada.
Uka Uka, que también ansía el poder de los cristales, trama entonces un plan perfecto para hacerse con ellos: localizarlos en su época original gracias a la máquina del tiempo del Dr. N. Tropy, el nuevo fichaje del equipo. Una vez más, Crash, Coco y Aku Aku deberán ponerse en marcha y adelantarse a los planes de Neo Cortex, Uka Uka y N. Tropy, localizando los cristales antes de que lo hagan ellos.</desc>
		<image>./images/Crash Bandicoot 3 - Warped (Europe) (En,Fr,De,Es,It)-image.png</image>
		<marquee>./images/Crash Bandicoot 3 - Warped (Europe) (En,Fr,De,Es,It)-marquee.png</marquee>
		<thumbnail>./images/Crash Bandicoot 3 - Warped (Europe) (En,Fr,De,Es,It)-thumb.png</thumbnail>
		<rating>0.9</rating>
		<releasedate>19981211T000000</releasedate>
		<developer>Naughty Dog</developer>
		<publisher>Sony</publisher>
		<genre>Plataforma</genre>
		<family>Crash Bandicoot</family>
		<players>1</players>
		<lang>de,en,es,fr,it</lang>
		<region>eu</region>
	</game>
	<game id="19266">
		<path>./CTR - Crash Team Racing (Europe) (En,Fr,De,Es,It,Nl) (EDC).chd</path>
		<name>Crash Team Racing</name>
		<desc>La historia del juego gira en torno a un malvado extraterrestre llamado Nitrous Oxide, el cual ha viajado por toda la galaxia pregonándose a sí mismo como el corredor más rápido. Al llegar a la Tierra exige a nuestros personajes que se enfrenten entre sí para hallar a alguien que pueda desafiarlo. Finalmente añade que si un corredor gana, se irá del planeta para siempre, pero que si el gana se apoderará de la Tierra. Así todos se incorporan a una batalla contra Oxide y los clásicos rivales del juego tradicional pueden ser seleccionados.</desc>
		<image>./images/CTR - Crash Team Racing (Europe) (En,Fr,De,Es,It,Nl) (EDC)-image.png</image>
		<marquee>./images/CTR - Crash Team Racing (Europe) (En,Fr,De,Es,It,Nl) (EDC)-marquee.png</marquee>
		<thumbnail>./images/CTR - Crash Team Racing (Europe) (En,Fr,De,Es,It,Nl) (EDC)-thumb.png</thumbnail>
		<rating>0.8</rating>
		<releasedate>19991020T000000</releasedate>
		<developer>Naughty Dog</developer>
		<publisher>Sony</publisher>
		<genre>Carreras, Conducción</genre>
		<family>Crash Bandicoot</family>
		<players>1-4</players>
		<playcount>1</playcount>
		<lastplayed>20220810T223347</lastplayed>
		<gametime>265</gametime>
		<lang>de,en,es,fr,it,nl</lang>
		<region>eu</region>
	</game>
	<game id="19256">
		<path>./Final Fantasy IX (Spain).m3u</path>
		<name>Final Fantasy IX</name>
		<desc>La reina Brahne de Alexandria ha empezado a utilizar armas mágicas muy avanzadas para aterrorizar los reinos vecinos. Su hija, la princesa Garnet, se escapa del castillo y hace amistad con un grupo de bandidos bondadosos liderados por un hábil ladrón, Yitán, que intenta acabar con los perversos deseos de la Reina de dominar el mundo. Poco después de embarcar en su aventura, descubren que las amenazas de la Reina no son más que una mera tapadera para encubrir un complot aún más siniestro. Por el bien de la humanidad, Yitán y sus compañeros deben poner fin al reinado de Brahne antes de que ella y las fuerzas del mal que le acompañan perpetren su mortífero plan.</desc>
		<image>./images/Final Fantasy IX (Spain)-image.png</image>
		<marquee>./images/Final Fantasy IX (Spain)-marquee.png</marquee>
		<thumbnail>./images/Final Fantasy IX (Spain)-thumb.png</thumbnail>
		<rating>0.8</rating>
		<releasedate>20010216T000000</releasedate>
		<developer>Squaresoft</developer>
		<publisher>Squaresoft</publisher>
		<genre>Juegos de rol</genre>
		<family>Final Fantasy</family>
		<players>1</players>
		<playcount>7</playcount>
		<lastplayed>20220810T225635</lastplayed>
		<gametime>543</gametime>
		<lang>es</lang>
		<region>eu</region>
	</game>
	<game id="19253">
		<path>./Final Fantasy VIII (Spain).m3u</path>
		<name>Final Fantasy VIII</name>
		<desc>Squall, un miembro de un cuerpo de élite del ejército, se ve forzado a entrar en un conflicto que traspasa los límites de la imaginación. Para sobrevivir, debe enfrentarse a un rival desesperado, una poderosa hechicera y a sus propios sueños misteriosos.
Personajes con diseños realistas y asombrosos gráficos de fondo acompañados de una formidable composición musical.
Una épica historia de amor, odio, guerra y paz que toma lugar en nuevo y enorme mundo a tu disposición para explorar.
El nuevo Sistema de Enlace que permite personalizar cambios en los protagonistas mediante las impresionantes magias extraídas de los enemigos.
Cerca de una hora de sensacionales secuencias cinematográficas que reproducen fielmente movimientos realizados por actores reales y están integradas perfectamente en las escenas del juego.</desc>
		<image>./images/Final Fantasy VIII (Spain)-image.png</image>
		<marquee>./images/Final Fantasy VIII (Spain)-marquee.png</marquee>
		<thumbnail>./images/Final Fantasy VIII (Spain)-thumb.png</thumbnail>
		<rating>0.8</rating>
		<releasedate>19991027T000000</releasedate>
		<developer>Squaresoft</developer>
		<publisher>Squaresoft</publisher>
		<genre>Juegos de rol</genre>
		<family>Final Fantasy</family>
		<players>1</players>
		<lang>es</lang>
		<region>eu</region>
	</game>
	<game id="19281">
		<path>./Medievil (Spain).chd</path>
		<name>MediEvil</name>
		<desc>En el reino de Gallowmere, año 1286, el poderoso mago Zarok, desterrado por nigromancia, reunió a un numeroso ejército de zombis, demonios y otros monstruos con la intención de conquistar el reino al que pertenecía y vengarse de la familia real. Tras una breve sucesión de escaramuzas, los mejores soldados tanto del ejército del Rey Peregrino como los del de Zarok se enfrentaron en una batalla final en la que el capitán del Rey Peregrino, Sir Daniel Fortesque, se enfrentó en duelo singular combate a Zarok, acabando con su vida antes de sucumbir ante sus propias heridas mortales. La batalla, sin la magia de Zarok para mantener a las huestes malignas, fue ganada por el ejército real.</desc>
		<image>./images/Medievil (Spain)-image.png</image>
		<marquee>./images/Medievil (Spain)-marquee.png</marquee>
		<thumbnail>./images/Medievil (Spain)-thumb.png</thumbnail>
		<rating>0.8</rating>
		<releasedate>19981001T000000</releasedate>
		<developer>SCE Studio Cambridge</developer>
		<publisher>Sony Computer Entertainment</publisher>
		<genre>Aventura</genre>
		<players>1</players>
		<lang>es</lang>
		<region>eu</region>
	</game>
	<game id="19314">
		<path>./Medievil 2 (Europe) (Es,It,Pt).chd</path>
		<name>MediEvil 2</name>
		<desc>En 1386 el poderoso nigromante Zarok, al que se creía muerto, invadió Gallowmere con un ejército de zombis y demonios. Entre los afectados por sus resurrecciones en masa estuvo Sir Daniel Fortesque, su antiguo enemigo, al que se le había otorgado el mérito de derrotar al hechicero un siglo antes. El caballero recorre su hechizado reino sufriendo aventuras y desventuras hasta conseguir la derrota total de Zarok. Así pudo descansar en paz medio milenio más, creyendo que la magia del hechicero estaba extinta.</desc>
		<image>./images/Medievil 2 (Europe) (Es,It,Pt)-image.png</image>
		<marquee>./images/Medievil 2 (Europe) (Es,It,Pt)-marquee.png</marquee>
		<thumbnail>./images/Medievil 2 (Europe) (Es,It,Pt)-thumb.png</thumbnail>
		<rating>0.9</rating>
		<releasedate>20000419T000000</releasedate>
		<developer>Sony</developer>
		<publisher>Sony</publisher>
		<genre>Acción / Aventura</genre>
		<players>1</players>
		<lang>pt,es,it</lang>
		<region>eu</region>
	</game>
	<game id="19537">
		<path>./Ridge Racer Type 4 (Europe) (En,Fr,De,Es,It).chd</path>
		<name>Ridge Racer Type 4</name>
		<desc>Disfruta todavía más de la alta velocidad y la avanzada dinámica de Ridge Racer y Rage Racer, para conseguir victorias aún más emocionantes.

El juego se basa en competir en el Real Racing Roots '99 (RRR), que consta de ocho carreras entre Japón y los EE. UU. Cada vez que se obtiene una victoria en el RRR, el jugador adquiere un mejor vehículo. La competencia RRR se divide en cuatro rondas: 2 carreras en la primera y en la segunda, 3 en la final y 1 carrera en la gran final.

El objetivo del juego es conseguir los 320 coches diferentes y el especial Pacman.</desc>
		<image>./images/Ridge Racer Type 4 (Europe) (En,Fr,De,Es,It)-image.png</image>
		<marquee>./images/Ridge Racer Type 4 (Europe) (En,Fr,De,Es,It)-marquee.png</marquee>
		<thumbnail>./images/Ridge Racer Type 4 (Europe) (En,Fr,De,Es,It)-thumb.png</thumbnail>
		<rating>0.8</rating>
		<releasedate>19990901T000000</releasedate>
		<developer>Namco</developer>
		<publisher>Sony</publisher>
		<genre>Carreras, Conducción</genre>
		<family>Ridge Racer</family>
		<players>2</players>
		<lang>de,en,es,fr,it</lang>
		<region>eu</region>
	</game>
	<game id="19265">
		<path>./Silent Hill (Europe) (En,Fr,De,Es,It).chd</path>
		<name>Silent Hill</name>
		<desc>Un joven hombre busca desesperadamente a su hija debatiéndose por sobrevivir en un lugar entre la realidad y el infierno, una ciudad que esconde oscuros y sangrientos secretos. Sigue las pistas de sangre para rescatar a tu querida hija de las garras de un poder infernal. Adéntrate en una dimensión alternativa de la cual no podrás escapar ni siquiera al morir. Bienvenido al maquiavélico mundo de Silent Hill...</desc>
		<image>./images/Silent Hill (Europe) (En,Fr,De,Es,It)-image.png</image>
		<marquee>./images/Silent Hill (Europe) (En,Fr,De,Es,It)-marquee.png</marquee>
		<thumbnail>./images/Silent Hill (Europe) (En,Fr,De,Es,It)-thumb.png</thumbnail>
		<rating>0.8</rating>
		<releasedate>19990801T000000</releasedate>
		<developer>Team Silent</developer>
		<publisher>Konami</publisher>
		<genre>Acción</genre>
		<family>Silent Hill</family>
		<players>1</players>
		<lang>de,en,es,fr,it</lang>
		<region>eu</region>
	</game>
	<game id="19560">
		<path>./SimCity 2000 (Europe) (En,Fr,De,Es).chd</path>
		<name>SimCity 2000</name>
		<desc>SimCity 2000 es el sucesor del juego de simulación de ciudad Sim City. Usted es una vez más el alcalde, pero esta vez puede personalizar completamente el terreno antes de construir su ciudad. Los gráficos son isométricos, mientras que el original tenía gráficos mostrados de arriba abajo.
Este título añade numerosas características sobre el original, como la capacidad de construir zonas "ligeras", túneles subterráneos, hospitales, colegios, zoológicos y arcos que en realidad son ciudades en las ciudades. Ahora puedes dar nombres a lugares favoritos, y tu ciudad está rodeada de pueblos vecinos con los que puedes comerciar. Por último, en lugar de la encuesta en el primer juego ahora tiene la opción de leer varios periódicos para tener una idea de su progreso.</desc>
		<image>./images/SimCity 2000 (Europe) (En,Fr,De,Es)-image.png</image>
		<marquee>./images/SimCity 2000 (Europe) (En,Fr,De,Es)-marquee.png</marquee>
		<thumbnail>./images/SimCity 2000 (Europe) (En,Fr,De,Es)-thumb.png</thumbnail>
		<rating>0.65</rating>
		<releasedate>19981110T000000</releasedate>
		<developer>Maxis Software</developer>
		<publisher>Electronic Arts</publisher>
		<genre>Simulación</genre>
		<players>1</players>
		<md5>5b38c8fd5ce6f0267c718674bc07ae42</md5>
		<lang>de,en,es,fr</lang>
		<region>eu</region>
	</game>
	<game id="19293">
		<path>./Spyro - Year of the Dragon (Europe).chd</path>
		<name>Spyro : Year of the Dragon</name>
		<desc>Unos ladrones han robado una nidada de huevos de dragón, mientras que en otro lugar en las Tierras del Dragón, una puerta al Mundo Olvidado ha aparecido. Enviado para recuperar los huevos, Spyro el Dragón y su mejor amigo Sparx, se enfrentan a una aventura en territorio desconocido contra su peor enemigo hasta ahora, La Hechicera. Nuevos personajes jugables, retos frenéticos y nuevos mundo emocionantes a explorar, ¡el Año del Dragón empieza aquí!</desc>
		<image>./images/Spyro - Year of the Dragon (Europe)-image.png</image>
		<marquee>./images/Spyro - Year of the Dragon (Europe)-marquee.png</marquee>
		<thumbnail>./images/Spyro - Year of the Dragon (Europe)-thumb.png</thumbnail>
		<rating>0.8</rating>
		<releasedate>20001110T000000</releasedate>
		<developer>Insomniac Games</developer>
		<publisher>Sony</publisher>
		<genre>Plataforma</genre>
		<family>Spyro</family>
		<players>1</players>
		<lang>en</lang>
		<region>eu</region>
	</game>
	<game id="19302">
		<path>./Spyro 2 - Gateway to Glimmer (Europe) (En,Fr,De,Es,It).chd</path>
		<name>Spyro 2 : Gateway to Glimmer</name>
		<desc>Únete a Spyro y a su mejor amigo Sparx para ayudar a los habitantes de Avalar a poner fin al régimen tiránico de Ripto. Recoge las gemas, acumula puntos mágicos y descubre un mundo de fantasía enorme, lleno de reinos maravillosos y pintorescos personajes.</desc>
		<image>./images/Spyro 2 - Gateway to Glimmer (Europe) (En,Fr,De,Es,It)-image.png</image>
		<marquee>./images/Spyro 2 - Gateway to Glimmer (Europe) (En,Fr,De,Es,It)-marquee.png</marquee>
		<thumbnail>./images/Spyro 2 - Gateway to Glimmer (Europe) (En,Fr,De,Es,It)-thumb.png</thumbnail>
		<rating>0.9</rating>
		<releasedate>19991105T000000</releasedate>
		<developer>Insomniac Games</developer>
		<publisher>Sony</publisher>
		<genre>Plataforma</genre>
		<family>Spyro</family>
		<players>1</players>
		<lang>de,en,es,fr,it</lang>
		<region>eu</region>
	</game>
	<game id="19288">
		<path>./Spyro the Dragon (Europe) (En,Fr,De,Es,It).chd</path>
		<name>Spyro the Dragon</name>
		<desc>Gnasty Gnorc y su ejército Gnorc han conquistado los mundos de los dragones, y los han convertido a todos en estatuas de cristal... excepto a Spyro.</desc>
		<image>./images/Spyro the Dragon (Europe) (En,Fr,De,Es,It)-image.png</image>
		<marquee>./images/Spyro the Dragon (Europe) (En,Fr,De,Es,It)-marquee.png</marquee>
		<thumbnail>./images/Spyro the Dragon (Europe) (En,Fr,De,Es,It)-thumb.png</thumbnail>
		<rating>0.8</rating>
		<releasedate>19981023T000000</releasedate>
		<developer>Insomniac Games</developer>
		<publisher>Sony</publisher>
		<genre>Plataforma</genre>
		<family>Spyro</family>
		<players>1</players>
		<playcount>1</playcount>
		<lastplayed>20220810T225354</lastplayed>
		<gametime>78</gametime>
		<lang>de,en,es,fr,it</lang>
		<region>eu</region>
	</game>
	<game id="19384">
		<path>./Street Fighter Alpha 3 (Europe).chd</path>
		<name>Street Fighter Alpha 3</name>
		<desc>Street Fighter Alpha 3, el tercer juego de la serie Alpha, tiene un total de 31 combatientes, el mayor en la serie hasta el momento. Nuevos personajes incluyen viejos favoritos E. Honda, Blanka, Vega, Cammy, T. Hawk, Dee Jay, Juni y Juli. Algunos de los más nuevos combatientes son un personaje de Final Fight (Cody, que ha estado en la cárcel desde el último juego de Final Fight, po lor que su ropa sugiere), Karin Kanzuki y Rainbow Mika.</desc>
		<image>./images/Street Fighter Alpha 3 (Europe)-image.png</image>
		<marquee>./images/Street Fighter Alpha 3 (Europe)-marquee.png</marquee>
		<thumbnail>./images/Street Fighter Alpha 3 (Europe)-thumb.png</thumbnail>
		<rating>0.75</rating>
		<releasedate>19990625T000000</releasedate>
		<developer>Capcom</developer>
		<publisher>Capcom</publisher>
		<genre>Lucha</genre>
		<family>Street Fighter</family>
		<players>1-2</players>
		<lang>en</lang>
		<region>eu</region>
	</game>
	<game id="19268">
		<path>./Tomb Raider (Europe).chd</path>
		<name>Tomb Raider</name>
		<desc>Tomb Raider es un videojuego de aventura de acción y plataformas, uno de los primeros en 3D aparecidos para la generación de 32 bits, desarrollado por Core Design y distribuido por Eidos Interactive. Es el primer juego de la serie Tomb Raider y narra las aventuras de Lara Croft, una arqueóloga británica en busca de tesoros y reliquias del mundo antiguo al más puro estilo de Indiana Jones. Tomb Raider salió a la venta en noviembre de 1996 para Sega Saturn, y fue adaptado poco después para PC CD-ROM y PlayStation.

La historia empieza con la detonación nuclear de un artefacto no identificado en Los Álamos, Nuevo México. De la explosión se desprendió una pieza del artefacto dividiéndose en tres partes. En Calcuta, capital del estado indio de Bengala Occidental, un desconocido llamado Larson, desde su suite en el Hotel Imperial, envía un mensaje para concertar una cita con la célebre arqueóloga británica Lara Croft.

Jacqueline Natla, Presidenta de una Natla Tecnologies, se entrevista con Lara para ofrecerle la oportunidad de recuperar un antiguo artefacto llamado el Scion, Lara acepta el trabajo. Su primera misión comienza en Perú. Lara se adentra en la mítica "Ciudad de Vilcabamba", una antigua ciudad Inca, para encontrar la primera pieza del Scion, localizada en la tumba de Qualopec; un Dios del continente perdido, La Atlántida, cuya tumba se encuentra en la misma ciudad.</desc>
		<image>./images/Tomb Raider (Europe)-image.png</image>
		<marquee>./images/Tomb Raider (Europe)-marquee.png</marquee>
		<thumbnail>./images/Tomb Raider (Europe)-thumb.png</thumbnail>
		<rating>0.7</rating>
		<releasedate>19961122T000000</releasedate>
		<developer>Core Design</developer>
		<publisher>Eidos Interactive</publisher>
		<genre>Aventura</genre>
		<family>Tomb Raider</family>
		<players>1</players>
		<playcount>1</playcount>
		<lastplayed>20220810T212235</lastplayed>
		<gametime>51</gametime>
		<lang>en</lang>
		<region>eu</region>
	</game>
	<game id="19318">
		<path>./Tombi (Europe).chd</path>
		<name>Tombi!</name>
		<desc>¡Acompaña a Tombi a través de un mundo de magia y misterio y ayúdale a resolver complicados acertijos y a salvar el mundo de los Cerdiablos Komabuta!. Una combinación exclusiva de aventura y juego de rol de Whoope Camp.</desc>
		<image>./images/Tombi (Europe)-image.png</image>
		<marquee>./images/Tombi (Europe)-marquee.png</marquee>
		<thumbnail>./images/Tombi (Europe)-thumb.png</thumbnail>
		<rating>0.8</rating>
		<releasedate>19980904T000000</releasedate>
		<developer>Whoopee Camp</developer>
		<publisher>Sony Computer Entertainment</publisher>
		<genre>Aventura</genre>
		<players>1</players>
		<playcount>1</playcount>
		<lastplayed>20220810T212142</lastplayed>
		<gametime>56</gametime>
		<lang>en</lang>
		<region>eu</region>
	</game>
	<game id="19282">
		<path>./Crash Bandicoot (Europe) (No EDC).chd</path>
		<name>Crash Bandicoot</name>
		<desc>El juego se centra alrededor de Crash Bandicoot, un marsupial mutado por el doctor psicópata Neo Cortex y su mano derecha Nitrus Brio, pero Crash intenta parar los planes de su creador (la dominación del mundo), cruzando sobre cualquier contaminación que haya causado para salvar a su novia Tawna, un bandicoot femenino también mutado por el Dr. Cortex y Nitrus Brio.</desc>
		<image>./images/Crash Bandicoot (Europe) (No EDC)-image.png</image>
		<marquee>./images/Crash Bandicoot (Europe) (No EDC)-marquee.png</marquee>
		<thumbnail>./images/Crash Bandicoot (Europe) (No EDC)-thumb.png</thumbnail>
		<rating>0.8</rating>
		<releasedate>19961102T000000</releasedate>
		<developer>Naughty Dog</developer>
		<publisher>Sony</publisher>
		<genre>Plataforma</genre>
		<family>Crash Bandicoot</family>
		<players>1</players>
		<lang>eu</lang>
		<region>eu</region>
	</game>
	<game id="19254">
		<path>./Resident Evil DX (Europe) (NC).chd</path>
		<name>Resident Evil : Director's Cut</name>
		<desc>Enfréntate a tus miedos... En la experiencia de suspense y terror definitiva. Zombies sedientos de sangre. Bestias mutantes. Serpientes monstruosas. Misterios ocultos acechan en cada esquina. La pesadilla reside en este premiado juego de survival horror. Prepárate a que el miedo te lleve al siguiente nivel.

Un lanzamiento mejorado del clásico de terror número 1.
Nuevos ángulos de cámara y gráficos
3 niveles de dificultad cargados de acción: Standard, Training y Advanced.</desc>
		<image>./images/Resident Evil DX (Europe) (NC)-image.png</image>
		<marquee>./images/Resident Evil DX (Europe) (NC)-marquee.png</marquee>
		<thumbnail>./images/Resident Evil DX (Europe) (NC)-thumb.png</thumbnail>
		<rating>0.9</rating>
		<releasedate>19960801T000000</releasedate>
		<developer>Virgin</developer>
		<publisher>Capcom</publisher>
		<genre>Aventura / Survival Horror</genre>
		<family>Resident Evil</family>
		<players>1</players>
		<lang>en</lang>
		<region>eu</region>
	</game>
	<game id="19295">
		<path>./Gran Turismo (Europe) (En,Fr,De,Es,It).chd</path>
		<name>Gran Turismo</name>
		<desc>El primer juego de la serie Gran Turismo de simulación de carreras. Se puede elegir entre la versión arcade (con vehículos clásicos como el Aston Martin) o la simulación, siendo este el verdadero corazón del juego. La simulación se inicia con un coche usado y de segunda categoría, a medida que ganes carreras, adquirirás dinero, y ganarás licencias avanzadas con las que podrás comprar mejores coches y participar hasta la Copa Mundial de GT.</desc>
		<image>./images/Gran Turismo (Europe) (En,Fr,De,Es,It)-image.png</image>
		<marquee>./images/Gran Turismo (Europe) (En,Fr,De,Es,It)-marquee.png</marquee>
		<thumbnail>./images/Gran Turismo (Europe) (En,Fr,De,Es,It)-thumb.png</thumbnail>
		<rating>0.8</rating>
		<releasedate>19980508T000000</releasedate>
		<developer>Polyphony Digital</developer>
		<publisher>Sony</publisher>
		<genre>Carreras, Conducción</genre>
		<family>Gran Turismo</family>
		<players>2</players>
		<playcount>1</playcount>
		<lastplayed>20220811T122700</lastplayed>
		<gametime>34</gametime>
		<lang>de,en,es,fr,it</lang>
		<region>eu</region>
	</game>
	<game id="19304">
		<path>./Gran Turismo 2 (Europe) (En,Fr,De,Es,It).m3u</path>
		<name>Gran Turismo 2</name>
		<desc>Gran Turismo 2 tiene 22 circuitos, 6 licencias, 600 coches, 6 circuitos de rendimiento y eventos de rally. GT2 viene con dos discos: el disco de modo arcade y el disco GT también conocido como Simulación, del cual la versión PAL tiene una portada de "rasca y huele" (que supone tener olor a línea de pits), que desapareció cuando el juego se unió al nivel Platino de los juegos más vendidos. La separación de los discos es consecuencia de la cantidad de mejoras al modo de simulación, se reorganizó el sistema de licencias y se introdujo el sistema de porcentaje de finalizado del jugador. En este Gran Turismo 2 la mayoría de la marcas hacen desafíos.</desc>
		<image>./images/Gran Turismo 2 (Europe) (En,Fr,De,Es,It)-image.png</image>
		<marquee>./images/Gran Turismo 2 (Europe) (En,Fr,De,Es,It)-marquee.png</marquee>
		<thumbnail>./images/Gran Turismo 2 (Europe) (En,Fr,De,Es,It)-thumb.png</thumbnail>
		<rating>0.8</rating>
		<releasedate>20000128T000000</releasedate>
		<developer>Polyphony Digital</developer>
		<publisher>Sony Computer Entertainment</publisher>
		<genre>Carreras, Conducción</genre>
		<family>Gran Turismo</family>
		<players>2</players>
		<playcount>6</playcount>
		<lastplayed>20220811T123926</lastplayed>
		<gametime>475</gametime>
		<lang>de,en,es,fr,it</lang>
		<region>eu</region>
	</game>
	<game id="19249">
		<path>./Final Fantasy VII (Spain).m3u</path>
		<name>Final Fantasy VII</name>
		<desc>La corporación Shinra está agotando los recursos vitales de nuestro planeta. Cloud, un mercenario despiadado y cruel, ha aceptado la misión que le han encargado un grupo de ecoguerreros, sin darse cuenta de que el viaje en que está a punto de embarcarse cambiará no sólo su propia vida, sino también la de todos los seres que habitan el universo... Bienvenido a Final Fantasy VII. Aquí descubrirás un mundo donde la brujería y la ciencia chocan irremediablemente, donde las amistades se pierden y se ganan en cuestión de segundos, y donde un solo hombre pude marcar la diferencia para siempre.</desc>
		<image>./images/Final Fantasy VII (Spain)-image.png</image>
		<marquee>./images/Final Fantasy VII (Spain)-marquee.png</marquee>
		<thumbnail>./images/Final Fantasy VII (Spain)-thumb.png</thumbnail>
		<rating>0.8</rating>
		<releasedate>19971114T000000</releasedate>
		<developer>Squaresoft</developer>
		<publisher>Squaresoft</publisher>
		<genre>Juegos de rol</genre>
		<family>Final Fantasy</family>
		<players>1</players>
		<playcount>6</playcount>
		<lastplayed>20220811T194209</lastplayed>
		<gametime>223</gametime>
		<lang>es</lang>
		<region>eu</region>
	</game>
	<game id="19260">
		<path>./Metal Gear Solid (Spain).m3u</path>
		<name>Metal Gear Solid</name>
		<desc>Metal Gear Solid es un juego que mezcla varios géneros, como acción aventura, sigilo o espionaje. Fue desarrollado por Konami Computer Entertainment Japan (KCEJ) siendo el tercer juego de la saga y el primero en publicarse en PlayStation, la trama comienza tras el incidente de Zanzibar tras el cual Solid Snake se retiró del servicio activo. Años más tarde es requerido para realizar una nueva misión: infiltrarse en la base de la isla de Shadow Moses en Alaska, donde algunos integrantes el grupo de élite FOXHOUND se han rebelado y amenazan con usar Metal Gear Rex, un tanque bípedo capaz de lanzar una cabeza nuclear a cualquier punto del planeta.</desc>
		<image>./images/Metal Gear Solid (Spain)-image.png</image>
		<marquee>./images/Metal Gear Solid (Spain)-marquee.png</marquee>
		<thumbnail>./images/Metal Gear Solid (Spain)-thumb.png</thumbnail>
		<rating>0.8</rating>
		<releasedate>19990222T000000</releasedate>
		<developer>Konami</developer>
		<publisher>Konami</publisher>
		<genre>Acción</genre>
		<family>Metal Gear</family>
		<players>1</players>
		<playcount>3</playcount>
		<lastplayed>20220811T193707</lastplayed>
		<gametime>144</gametime>
		<lang>es</lang>
		<region>eu</region>
	</game>
	<game id="19280">
		<path>./Tekken 3 (Europe).chd</path>
		<name>Tekken 3</name>
		<desc>Una vez más, el destino une a todos aquellos dispuestos a escuchar la llamada... Una nueva generación de guerreros. Gráficos alucinantes de alta resolución. Modalidades Tekken Force y Tekken Ball completamente nuevas. Cientos de movimientos básicos y combinados.</desc>
		<image>./images/Tekken 3 (Europe)-image.png</image>
		<marquee>./images/Tekken 3 (Europe)-marquee.png</marquee>
		<thumbnail>./images/Tekken 3 (Europe)-thumb.png</thumbnail>
		<rating>0.8</rating>
		<releasedate>19980912T000000</releasedate>
		<developer>Namco</developer>
		<publisher>Namco</publisher>
		<genre>Lucha</genre>
		<family>Tekken</family>
		<players>2</players>
		<playcount>18</playcount>
		<lastplayed>20220812T181607</lastplayed>
		<gametime>1444</gametime>
		<lang>en</lang>
		<region>eu</region>
	</game>
</gameList>
