<?xml version="1.0"?>
<gameList>
	<game id="58769" source="ScreenScraper">
		<path>./lynxboot.img</path>
		<name>[BIOS] ATARI LYNX [EUA] (BETA)</name>
		<desc />
		<image />
		<rating>0</rating>
		<releasedate>01010101T000000</releasedate>
		<developer />
		<publisher />
		<genre />
		<players />
		<region />
	</game>
	<game>
		<path>./A.P.B. - All Points Bulletin (USA, Europe).lnx</path>
		<name>Apb</name>
		<desc>You are police officer Bob, whose aim is to apprehend a certain quota of criminals (litterbugs, speeders and the like) each day. This is done by chasing them and sounding your siren at them - in some cases they will need ramming off the road.  There are also hardened criminals to catch - if you can get one of these to confess, your day's work is considered done.

The game's action is presented with an overhead view of your squad car. Car upgrades are available, to be brought from your reward money. You earn Demerits by crashing, wrongly arresting innocents, or failing to meet your quota. Too many demerits and it is game over.</desc>
		<image>./images/A.P.B. - All Points Bulletin (USA, Europe)-image.png</image>
		<marquee>./images/A.P.B. - All Points Bulletin (USA, Europe)-marquee.png</marquee>
		<thumbnail>./images/A.P.B. - All Points Bulletin (USA, Europe)-thumb.png</thumbnail>
		<rating>0.65</rating>
		<releasedate>19910101T000000</releasedate>
		<developer>Tengen</developer>
		<publisher>QuickSilver</publisher>
		<genre>Carreras, Conducción</genre>
	</game>
	<game>
		<path>./Awesome Golf (USA, Europe).lnx</path>
		<name>Awesome Golf</name>
		<desc>Awesome Golf is as the name suggests, a golf simulator. There are 3 courses to play one in the U.K one in the U.S and the third one in Japan. The gameplay involves you lining up your shot via an overhead view which when set up switches to a third person view. Whilst in this view you need to swing the club and stop it at the desired power and then stop it on the correct symbol to get the perfect hit. If you don't get it right you will either miss the ball or hit the earth. There are 14 clubs at your disposal, 8 irons, 3 woods 2 wedges and a putter which are selected by moving the hand cursor over you Golf bag and selecting the desired club.</desc>
		<image>./images/Awesome Golf (USA, Europe)-image.png</image>
		<marquee>./images/Awesome Golf (USA, Europe)-marquee.png</marquee>
		<thumbnail>./images/Awesome Golf (USA, Europe)-thumb.png</thumbnail>
		<rating>0.8</rating>
		<releasedate>19910101T000000</releasedate>
		<developer>Hand Made Software, Ltd</developer>
		<publisher>Atari</publisher>
		<genre>Deportes</genre>
		<players>4</players>
		<playcount>1</playcount>
		<lastplayed>20190713T174747</lastplayed>
	</game>
	<game>
		<path>./Baseball Heroes (USA, Europe) [b].lnx</path>
		<name>Baseball Heroes</name>
		<desc>Hit, run, dive, jump, catch and throw. Pitch for the strikeout record and swing for the fences! Play baseball against the Lynx or take on a friend. Four different games with super graphics!</desc>
		<image>./images/Baseball Heroes (USA, Europe) [b]-image.png</image>
		<marquee>./images/Baseball Heroes (USA, Europe) [b]-marquee.png</marquee>
		<thumbnail>./images/Baseball Heroes (USA, Europe) [b]-thumb.png</thumbnail>
		<rating>0.5</rating>
		<releasedate>19920101T000000</releasedate>
		<developer>Atari</developer>
		<publisher>Atari</publisher>
		<genre>Deportes</genre>
		<players>2</players>
	</game>
	<game>
		<path>./Basketbrawl (USA, Europe).lnx</path>
		<name>Basketbrawl</name>
		<desc>In a desperate attempt to stop inner-city gang wars, the city leaders organized a basketball league.  The league is scheduled to play on three courts: a street, a junkyard, and a rooftop.  The mayor figured that a friendly game of hoops would be a much more peaceful way to settle disputes. He was wrong.

You can choose 1-on-1 or 2-on-2 game modes. There are six characters to choose from (ten in Atari Lynx version); each with their own health, speed, and power attributes. Each player without the ball can jump to block a shot or punch there opponent to get the ball. There's also an option to perform a power throw on an opposing player. Players with the ball can shoot or pass. Power ups appear on the court at random instances. These power up one attribute for the player. For example, the lightning power up increases the player's speed. 

The referee does not call fouls, but does hurl knives at the players.</desc>
		<image>./images/Basketbrawl (USA, Europe)-image.png</image>
		<marquee>./images/Basketbrawl (USA, Europe)-marquee.png</marquee>
		<thumbnail>./images/Basketbrawl (USA, Europe)-thumb.png</thumbnail>
		<rating>0.5</rating>
		<developer>Atari</developer>
		<publisher>Atari</publisher>
		<genre>Beat'em Up</genre>
		<players>2</players>
	</game>
	<game>
		<path>./Batman Returns (USA, Europe).lnx</path>
		<name>Batman Returns</name>
		<desc>Atari themselves adapted the 1992 superhero sequel Batman Returns for their Lynx handheld as a side-scrolling beat'em'up.

Batman must move through four levels on his quest to stop the Penguin and Catwoman. Enemies trying to stop him include circus clowns on the streets, policemen (whom Catwoman put on his trail) on the roofs of Gotham City, and penguin commandos in the sewers and the Penguin's lair.
Batman can beat them up with his fists or destroy them using Batarangs and acid vials (which must be collected first). Several of the levels end in boss encounters with the two main villains, while in the last level, Batman must also save industrialist Max Shreck from the Penguin's wrath before finishing him off.</desc>
		<image>./images/Batman Returns (USA, Europe)-image.png</image>
		<marquee>./images/Batman Returns (USA, Europe)-marquee.png</marquee>
		<thumbnail>./images/Batman Returns (USA, Europe)-thumb.png</thumbnail>
		<rating>0.55</rating>
		<developer>Atari</developer>
		<publisher>Atari</publisher>
		<genre>Acción</genre>
	</game>
	<game>
		<path>./Battle Wheels (USA, Europe).lnx</path>
		<name>Battle Wheels</name>
		<desc>In the year 2019, Humankind turned to more and more dangerous games for its entertainment. Fight in high-tech cars armed with missiles, machine guns, flame-throwers, and more through dead cities and desert wastelands; a sixteen arena battle royal! Fight as a team or go solo! Custom build your car from the ground up or buy one from the Bodyshop. You can even go in on foot! Fast paced 3-D six player action like you've never seen before!

Welcome to the World of BattleWheels.</desc>
		<image>./images/Battle Wheels (USA, Europe)-image.png</image>
		<marquee>./images/Battle Wheels (USA, Europe)-marquee.png</marquee>
		<thumbnail>./images/Battle Wheels (USA, Europe)-thumb.png</thumbnail>
		<rating>0.5</rating>
		<developer>Atari</developer>
		<publisher>Beyond Games</publisher>
		<genre>Carreras, Conducción</genre>
		<players>6</players>
	</game>
	<game>
		<path>./Battlezone 2000 (USA, Europe).lnx</path>
		<name>Battlezone 2000</name>
		<desc>In this game you play the role of a tank commander who is fighting in a future war in the 21st century. The game is an update on the classic arcade game Battlezone and stays true to the original in terms of gameplay. The gameplay involves you driving round a landscape destroying enemy tanks and U.F.O.s  whilst trying not to run out of fuel and also not getting destroyed yourself though luckily there are fuel pick-ups and power-ups to collect. You can also use the credits earned for completing missions to upgrade your tank. There are also a few different tanks to choose from including the Rhino which is heavily armoured but runs out of fuel faster than the other tanks.</desc>
		<image>./images/Battlezone 2000 (USA, Europe)-image.png</image>
		<marquee>./images/Battlezone 2000 (USA, Europe)-marquee.png</marquee>
		<thumbnail>./images/Battlezone 2000 (USA, Europe)-thumb.png</thumbnail>
		<rating>0.6</rating>
		<developer>Hand Made Software, Ltd</developer>
		<publisher>Atari</publisher>
		<genre>Acción</genre>
		<players>4</players>
	</game>
	<game>
		<path>./Bill &amp; Ted's Excellent Adventure (USA, Europe).lnx</path>
		<name>Bill &amp; Ted's Excellent Adventure</name>
		<desc>The Lynx title based on the Keanu Reeves/Alex Winter film franchise actually takes place after the second film, Bill and Ted's Bogus Journey. Out for revenge after being humiliated by the high-school duo, Death kidnaps their "medieval babe" girlfriends from the first film, and drags them throughout history.  Luckily, the girls are able to leave behind pages of the band's latest song as a trail for Bill and Ted to follow.

Playing as either Bill or Ted (with a friend able to take control of the other character over ComLynx), the player must search historical periods in an overhead perspective and collect enough musical notes to open travel to a new area. Along the way, they can encounter historical figures who will offer assistance in return for a favor.  Bad guys do populate the levels, but can be pacified with a rippin' guitar solo.  If Bill or Ted are defeated, they simply reappear back at the last checkpoint.

Other items can be found and collected in an inventory. The Lynx title makes use of the series' interesting take on the time continuum, allowing the player to leave items for themselves in the past to collect and use in the future.  Likewise, if the player happens upon a sudden fortuitous item that "they" left, they must remember to go and leave the item in the past themselves to avoid creating a time paradox. This quirky view of time forms the basis of many of the game's puzzles.

A password system is constantly updated (viewable at the pause screen) to save the player's progress.</desc>
		<image>./images/Bill &amp; Ted's Excellent Adventure (USA, Europe)-image.png</image>
		<marquee>./images/Bill &amp; Ted's Excellent Adventure (USA, Europe)-marquee.png</marquee>
		<thumbnail>./images/Bill &amp; Ted's Excellent Adventure (USA, Europe)-thumb.png</thumbnail>
		<rating>0.5</rating>
		<developer>Atari</developer>
		<publisher>Atari</publisher>
		<genre>Aventura</genre>
		<players>2</players>
	</game>
	<game>
		<path>./Block Out (USA, Europe).lnx</path>
		<name>Block Out</name>
		<desc>Block Out is a Tetris variant with an added twist: it's in 3D. The player can rotate the blocks in 3D in order to fit them into the pit they are being guided into. Advanced users can play this game with odd three-dimensional pieces, or change the size of the pit, for depth of between 6 and 18 piles, and width and length of between 3 and 7.</desc>
		<image>./images/Block Out (USA, Europe)-image.png</image>
		<marquee>./images/Block Out (USA, Europe)-marquee.png</marquee>
		<thumbnail>./images/Block Out (USA, Europe)-thumb.png</thumbnail>
		<rating>0.8</rating>
		<developer>LDW Inc.</developer>
		<publisher>Atari</publisher>
		<genre>Puzzle</genre>
	</game>
	<game>
		<path>./Blue Lightning (USA, Europe).lnx</path>
		<name>Blue Lightning</name>
		<desc>The insanely evil General Drako is spreading his own special blend of spite and chaos around the globe.  You are a top fighter pilot for the UN's Blue Lightning squad.  You have to travel from continent to continent, and end Drako's plans at each stop using your awesome flight skills.

Blue Lightning is a 3D flight game featuring 7 real-life fighter jets.  There are several types of missions, including dogfights, ground targets, and escorts. Your arsenal consists of various cannons, missiles, and special bombs.  The game can be played either from a behind-the-plane perspective, or an in-cockpit perspective.</desc>
		<image>./images/Blue Lightning (USA, Europe)-image.png</image>
		<marquee>./images/Blue Lightning (USA, Europe)-marquee.png</marquee>
		<thumbnail>./images/Blue Lightning (USA, Europe)-thumb.png</thumbnail>
		<rating>0.8</rating>
		<publisher>Atari</publisher>
		<genre>Simulación</genre>
	</game>
	<game>
		<path>./Bubble Trouble (USA, Europe).lnx</path>
		<name>Bubble Trouble</name>
		<desc>You are Travis, a scientist doing experiments with dense matter for the creation of artificial black holes for interstellar travel. While testing a piece of equipment, you are transported into a bubble world. Fortunately, a friendly denizen decides to help you. You must locate the correct type of radioactive particles to move from world to world and finally home, before the hostile denizens of these worlds burst your bubble.

You move your bubble by pushing in the desired direction. Be advised that you do not stop easily and can bounce out of control if you are not careful. Pushing the A button fires a bubble shot that will ricochet around. You can use this action to bounce shots at enemies that are around a corner. Pressing B drops a bubble bomb straight down. Pressing Option 1 switches options on the screen, including the suicidal "Burst!!!", that are then activated by pressing Option 2. The one you will use most is "Use scanner". This will bring up the scanner that looks like a radar screen and will show you the approximate location of your needed particles. Once you locate and gather all the particles needed in the level, you move on to the next level. After you finish five levels, you win the game.</desc>
		<image>./images/Bubble Trouble (USA, Europe)-image.png</image>
		<marquee>./images/Bubble Trouble (USA, Europe)-marquee.png</marquee>
		<thumbnail>./images/Bubble Trouble (USA, Europe)-thumb.png</thumbnail>
		<rating>0.75</rating>
		<developer>Lore Design Limited</developer>
		<publisher>Telegames</publisher>
		<genre>Acción</genre>
	</game>
	<game>
		<path>./California Games (USA, Europe).lnx</path>
		<name>California Games</name>
		<desc>California Games was the original "Extreme Games" – what today's generation might call "X-Games in the sun".  Players can select sponsors (absent in some versions) and compete in events such as skateboarding, footbag, surfing, roller skating, flying disc (frisbee) and BMX.  The surfing event is ranked by judges, which give a score to help the players improve their routine.

The Atari versions (2600 and Lynx) of the game omit the flying disc and roller skating events, while the Genesis version omits only the flying disc event.</desc>
		<image>./images/California Games (USA, Europe)-image.png</image>
		<marquee>./images/California Games (USA, Europe)-marquee.png</marquee>
		<thumbnail>./images/California Games (USA, Europe)-thumb.png</thumbnail>
		<rating>0.75</rating>
		<releasedate>19890101T000000</releasedate>
		<publisher>Atari</publisher>
		<genre>Deportes</genre>
		<players>2</players>
	</game>
	<game>
		<path>./Checkered Flag (USA, Europe).lnx</path>
		<name>Checkered Flag</name>
		<desc>Checkered Flag for the Jaguar is a 3D F1-style racing game. The racing game staples are here: single race, practice, and tournament. You can choose to set up a variety of options for each race, also.  You can choose various weather conditions.  Or, you can set up your car to change it's handling characteristics.  There are 10 different tracks on which to race, each with a different theme.  Some take place on sunny beaches, others take place in the arctic.</desc>
		<image>./images/Checkered Flag (USA, Europe)-image.png</image>
		<marquee>./images/Checkered Flag (USA, Europe)-marquee.png</marquee>
		<thumbnail>./images/Checkered Flag (USA, Europe)-thumb.png</thumbnail>
		<rating>1</rating>
		<developer>Atari</developer>
		<publisher>Atari</publisher>
		<genre>Carreras, Conducción</genre>
		<players>6</players>
	</game>
	<game>
		<path>./Crystal Mines II (USA, Europe).lnx</path>
		<name>Crystal Mines II : Buried Treasure</name>
		<desc>Great treasure still lies deep in the abandoned Crystal Mines. But over the years, underground demons have made them deadly. Guide your robot through the mines, destroying demons and gathering great wealth. Or fail, and become history.</desc>
		<image>./images/Crystal Mines II (USA, Europe)-image.png</image>
		<marquee>./images/Crystal Mines II (USA, Europe)-marquee.png</marquee>
		<thumbnail>./images/Crystal Mines II (USA, Europe)-thumb.png</thumbnail>
		<rating>0.85</rating>
		<developer>Songbird Productions</developer>
		<publisher>Color Dreams</publisher>
		<genre>Puzzle</genre>
	</game>
	<game>
		<path>./Desert Strike - Return to the Gulf (USA, Europe).lnx</path>
		<name>Desert Strike : Return to the Gulf</name>
		<desc>The first game in the Strike series. A year after the Gulf War, a self-styled general named Kilbaba (Muababa in the GBA version) takes over an Arab Emirate and threatens to start World War III against his western enemy, the United States. The whole world holds its breath as the President has chosen you to destroy Kilbaba and his terrorist army before he launches a nuclear attack on the world!

You must fly a specially designed AH-64A Apache on a series of missions to rescue missing-in-action characters, destroy power plants, blow apart SCUD missiles, etc. to take out the enemy defense while trying to find out Kilbaba's plans.</desc>
		<image>./images/Desert Strike - Return to the Gulf (USA, Europe)-image.png</image>
		<marquee>./images/Desert Strike - Return to the Gulf (USA, Europe)-marquee.png</marquee>
		<thumbnail>./images/Desert Strike - Return to the Gulf (USA, Europe)-thumb.png</thumbnail>
		<rating>0.8</rating>
		<developer>Telegames</developer>
		<publisher>Teque</publisher>
		<genre>Acción</genre>
	</game>
	<game>
		<path>./Dinolympics (USA, Europe).lnx</path>
		<name>Dinolympics</name>
		<desc>Come back to the dawn of history in this combination of puzzling problems, awesome adventures, and mind-bending mazes. The survival of your race is at stake!</desc>
		<image>./images/Dinolympics (USA, Europe)-image.png</image>
		<marquee>./images/Dinolympics (USA, Europe)-marquee.png</marquee>
		<thumbnail>./images/Dinolympics (USA, Europe)-thumb.png</thumbnail>
		<rating>0.65</rating>
		<developer>Imagitec Design</developer>
		<publisher>Atari</publisher>
		<genre>Puzzle</genre>
	</game>
	<game>
		<path>./Dirty Larry - Renegade Cop (USA, Europe).lnx</path>
		<name>Dirty Larry : Renegade Cop</name>
		<desc>He's the baddest of the good guys. He's Dirty Larry - Renegade Cop. Mr. Big's Gang is determined to end his career for good--if his own Captain doesn't do it first! So take to the streets in a hurry. It's time for a little house cleaning!</desc>
		<image>./images/Dirty Larry - Renegade Cop (USA, Europe)-image.png</image>
		<marquee>./images/Dirty Larry - Renegade Cop (USA, Europe)-marquee.png</marquee>
		<thumbnail>./images/Dirty Larry - Renegade Cop (USA, Europe)-thumb.png</thumbnail>
		<rating>0.5</rating>
		<releasedate>19911230T000000</releasedate>
		<developer>Atari</developer>
		<publisher>Atari</publisher>
		<genre>Acción</genre>
	</game>
	<game>
		<path>./Double Dragon (USA, Europe).lnx</path>
		<name>Double Dragon</name>
		<desc>Set in a post-apocalyptic New York, Double Dragon is the story of Billy and Jimmy Lee, twin brothers trained in the fighting style of Sou-Setsu-Ken. Together, they manage a small martial arts training school, teaching their students in self-defense. One day, Billy's girlfriend, Marian, is kidnapped off the street by the "Black Warriors", a savage street gang led by a man named Willy. The Black Warriors demand the Lee brothers disclose their martial arts secrets in exchange for Marian's freedom. The Lee brothers set out on a rescue mission to crush the Black Warriors and save Marian.

Using whatever techniques they have at their disposal, from the basic punches and kicks to the invulnerable elbow strike, as well any weapon that comes into their hands, the Lee brothers must pursue the gang through the city slum, industrial area and the forest before reaching their hideout to confront the big boss, Willy.</desc>
		<image>./images/Double Dragon (USA, Europe)-image.png</image>
		<marquee>./images/Double Dragon (USA, Europe)-marquee.png</marquee>
		<thumbnail>./images/Double Dragon (USA, Europe)-thumb.png</thumbnail>
		<rating>0.65</rating>
		<releasedate>19930101T000000</releasedate>
		<developer>Tecmo</developer>
		<publisher>Telegames</publisher>
		<genre>Beat'em Up</genre>
		<players>2</players>
	</game>
	<game>
		<path>./Dracula the Undead (USA, Europe).lnx</path>
		<name>Dracula The Undead</name>
		<desc>In this game you play the role of Jonathan Harker, an Estate Agent who has visited Dracula's castle to conduct some business. The gameplay is a point and click style adventure except it has been tweaked to accommodate the Lynx controls. To interact with an object you move Jonathan next to the object with the D-Pad and then its name will pop up in the interaction bar. You then need to select an action such as Open, Close examine e.t.c.. The main idea of the game is to explore Dracula's castle while he is away and try to gather information that will prove he is a very serious threat to the mortal world. there are also other character in the game to interact with and Bram Stoker (the writer of Dracula which this game is based on) is in the game in digital form to narrate the story.</desc>
		<image>./images/Dracula the Undead (USA, Europe)-image.png</image>
		<marquee>./images/Dracula the Undead (USA, Europe)-marquee.png</marquee>
		<thumbnail>./images/Dracula the Undead (USA, Europe)-thumb.png</thumbnail>
		<rating>0.95</rating>
		<developer>Hand Made Software, Ltd</developer>
		<publisher>Atari</publisher>
		<genre>Aventura</genre>
	</game>
	<game>
		<path>./Electrocop (USA, Europe).lnx</path>
		<name>Electrocop</name>
		<desc>Today, if a daughter of the President goes missing, I would look in the nearest bar. However, in the near future, the explanation is that she's been kidnapped by a Criminal Brain robot, and held in a booby-trapped lair. As the advanced hybrid Electrocop, your task is to rescue her within an hour.

Gameplay involves working your way through the complex warehouse maze, unlocking coded door along the way. Extra weapons can be collected to help dealing with the drones. There are also computer terminals to buy new weapons - these also have simple subgames built in. What makes the game unique, and intended as a showpiece for the Lynx hardware, is that full 3D is used, so that the character walks in and out of the screen as well as across it.</desc>
		<image>./images/Electrocop (USA, Europe)-image.png</image>
		<marquee>./images/Electrocop (USA, Europe)-marquee.png</marquee>
		<thumbnail>./images/Electrocop (USA, Europe)-thumb.png</thumbnail>
		<rating>0.4</rating>
		<publisher>Atari</publisher>
		<genre>Puzzle</genre>
	</game>
	<game>
		<path>./European Soccer Challenge (USA, Europe).lnx</path>
		<name>European Soccer Challenge</name>
		<desc>European Soccer Challenge gives you all the excitement and tension of the European Challenge Cup in this action packed version of the world's most popular game featuring over 170 teams from 32 countries. Has your team got what it takes?</desc>
		<image>./images/European Soccer Challenge (USA, Europe)-image.png</image>
		<marquee>./images/European Soccer Challenge (USA, Europe)-marquee.png</marquee>
		<thumbnail>./images/European Soccer Challenge (USA, Europe)-thumb.png</thumbnail>
		<rating>0.7</rating>
		<developer>Telegames</developer>
		<publisher>Telegames</publisher>
		<genre>Deportes</genre>
		<players>2</players>
	</game>
	<game>
		<path>./Fat Bobby (USA, Europe).lnx</path>
		<name>Fat Bobby</name>
		<desc>Fat Bobby, the lead guitar player, has nnhad his musical group kidnapped by the nnevil Dr. Mephisto. nnnnYou guide Bobby thru a multitude of nnlevels in this classic platform hopper. nnnnCollect notes and hints, as you nnencounter the henchmen of Dr. nnMephisto. nnnnThat guitar can "strum" more than just nnnotes!</desc>
		<image>./images/Fat Bobby (USA, Europe)-image.png</image>
		<marquee>./images/Fat Bobby (USA, Europe)-marquee.png</marquee>
		<thumbnail>./images/Fat Bobby (USA, Europe)-thumb.png</thumbnail>
		<rating>0.5</rating>
		<developer>Telegames</developer>
		<publisher>Telegames</publisher>
		<genre>Plataforma</genre>
	</game>
	<game>
		<path>./Fidelity Ultimate Chess Challenge, The (USA, Europe).lnx</path>
		<name>Fidelity Ultimate Chess Challenge</name>
		<desc>On your own against the Fidelity Ultimate Chess Challenge - the world's most powerful hand-held chess game - or against a friend, the stunning 3D graphics and advanced technology of this latest game from Telegames has to be played to be believed.
The Fidelity Ultimate Chess Challenge uses the most powerful chess playing technology from the laboratories of Fidelity - the premier manufacturers of dedicated chess computers are developers of the world's only USCF certified Master rated (2325) chess program.
Switch from 3D to overhead view for the final attack - or use one of the many options available to review the game to date.
Full on-screen statistics giving score, times, moves etc. and many other features on this the world's fastest color hand-held chess game.</desc>
		<image>./images/Fidelity Ultimate Chess Challenge, The (USA, Europe)-image.png</image>
		<marquee>./images/Fidelity Ultimate Chess Challenge, The (USA, Europe)-marquee.png</marquee>
		<thumbnail>./images/Fidelity Ultimate Chess Challenge, The (USA, Europe)-thumb.png</thumbnail>
		<rating>0.7</rating>
		<developer>Telegames</developer>
		<publisher>Telegames</publisher>
		<genre>Puzzle</genre>
		<players></players>
	</game>
	<game>
		<path>./Gates of Zendocon, The (USA, Europe).lnx</path>
		<name>Gates Of Zendocon</name>
		<desc>La araña malvada Zendocon te ha atrapado en su red de universos. Tu misión es derrotar a los androides de Zendocon y atravesar los 51 universos para luchar contra Zendocon ¡a muerte!nnnnGates of Zendocon es un shooter de desplazamiento lateral muy similar al arcade original de este tipo, Scramble. A diferencia de Scramble, hay 51 áreas de juego en total, pero el jugador lucha a través de un subconjunto de ellos, podiendo elegir la siguiente área para visitar.nnnnAlgunos alienígenas se unirán a ti cuando les dispares (power-ups). Las bases alienígenas en cada área te permitiran reparar las armas y el escudo, pero aterrizar en el momento equivocado hará que tu nave explote y pierdas todos los power-ups.</desc>
		<image>./images/Gates of Zendocon, The (USA, Europe)-image.png</image>
		<marquee>./images/Gates of Zendocon, The (USA, Europe)-marquee.png</marquee>
		<thumbnail>./images/Gates of Zendocon, The (USA, Europe)-thumb.png</thumbnail>
		<rating>0.8</rating>
		<publisher>Atari</publisher>
		<genre>Shoot'em Up</genre>
	</game>
	<game>
		<path>./Gordo 106 - The Mutated Lab Monkey (USA, Europe).lnx</path>
		<name>Gordo 106</name>
		<desc>You are a monkey named Gordo, resident of N. Human Labs cage 106, a laboratory experimenting with animals.  One day Gordo accidentally ingests a nuclear spiked banana, causing his brain to become larger and become more human and thought and figures out what is going on.  He gets loose and is now on a mission to free his animal friends and escape the evil clutches of the N. Human Laboratory.

Banana's are your only health pick up and you use apples to fight off enemies.  Gordo is very agile and can swing from chains that hang from the ceiling to avoid the many pits that litter the floor.</desc>
		<image>./images/Gordo 106 - The Mutated Lab Monkey (USA, Europe)-image.png</image>
		<marquee>./images/Gordo 106 - The Mutated Lab Monkey (USA, Europe)-marquee.png</marquee>
		<thumbnail>./images/Gordo 106 - The Mutated Lab Monkey (USA, Europe)-thumb.png</thumbnail>
		<rating>0.75</rating>
		<developer>Atari</developer>
		<publisher>Atari</publisher>
		<genre>Plataforma</genre>
		<players>4</players>
	</game>
	<game>
		<path>./Hard Drivin' (USA, Europe).lnx</path>
		<name>Hard Drivin'</name>
		<desc>Hard Drivin' is a 3D arcade hit from Atari Games. You are in control of a high-performance sports car. Your objective is to race around the course as fast as possible and hit as many checkpoints as possible. If you hit a checkpoint you gain extra time to go farther. You will see traffic on the road both in your direction and coming down the opposite direction, so be careful when you pass... 

The course has two sections: speed track, and stunt track. Speed track is longer, but you can usually achieve higher speeds. Stunt track requires you to perform several stunts such as jumping bridges, driving through a loop, and so on. 

Crashing the car has no serious consequences and indeed shows a replay of your crash from a cinematic angle. Admire your crash head-on into the cement truck, or clipping the minivan, or flying off the bridge in the wrong angle... You lose several seconds as your car is "reset" and you get up to speed again. 

The home conversions retain most of the then-advanced 3D graphics but lack the force-feedback that was in the arcade version.</desc>
		<image>./images/Hard Drivin' (USA, Europe)-image.png</image>
		<marquee>./images/Hard Drivin' (USA, Europe)-marquee.png</marquee>
		<thumbnail>./images/Hard Drivin' (USA, Europe)-thumb.png</thumbnail>
		<rating>0.5</rating>
		<developer>Atari</developer>
		<publisher>Atari</publisher>
		<genre>Carreras, Conducción</genre>
		<players>4</players>
	</game>
	<game>
		<path>./Hockey (USA, Europe).lnx</path>
		<name>Hockey</name>
		<desc>This game, as the name suggests, is a hockey simulation which is very similar to Mario Lemieux Hockey. There are 22 teams to choose from which are based on the NHL 91 line up though they can be changed if the player wishes. You control 1 player at a time and the CPU controls the rest of your team though you can switch to a different player at any time if the need arises. There is also a fight penalty system where you have to continually punch the an opponent in order to proceed. The game is viewed from an isometric perspective as if you were sat in one of the crowd seats.</desc>
		<image>./images/Hockey (USA, Europe)-image.png</image>
		<marquee>./images/Hockey (USA, Europe)-marquee.png</marquee>
		<thumbnail>./images/Hockey (USA, Europe)-thumb.png</thumbnail>
		<rating>0.5</rating>
		<developer>Atari</developer>
		<publisher>Atari</publisher>
		<genre>Deportes</genre>
		<players>2</players>
	</game>
	<game>
		<path>./Hydra (USA, Europe).lnx</path>
		<name>Hydra</name>
		<desc>If being the best speedboat racer in the world were all there was to life, you'd live on easy street.  But when the government of Hydra has asked for your help in defeating Hydra's enemies by couriering parts to a secret weapon, and those enemies know you're coming... well then, life gets interesting.

Race down narrow swamp lanes to deliver parts of a secret weapon to bases at the finish of each section.  Enemies will be shooting at you, but you can shoot back with Uzi Cannons and Nukes.  Collect crystals along the way to boost your speed or shields.</desc>
		<image>./images/Hydra (USA, Europe)-image.png</image>
		<marquee>./images/Hydra (USA, Europe)-marquee.png</marquee>
		<thumbnail>./images/Hydra (USA, Europe)-thumb.png</thumbnail>
		<rating>0.6</rating>
		<developer>Atari</developer>
		<publisher>Atari</publisher>
		<genre>Carreras, Conducción</genre>
	</game>
	<game>
		<path>./Ishido - The Way of Stones (USA, Europe).lnx</path>
		<name>Ishido : The Way of Stones</name>
		<desc>Introducing Ishido, the ancient and intricate Game of the Stones. You must place stones on the game board, matching colors and patterns according to centuries-old rules. It requires great skill and concentration--but if you can unlock the secret of the Oracle, its wisdom will help you!</desc>
		<image>./images/Ishido - The Way of Stones (USA, Europe)-image.png</image>
		<marquee>./images/Ishido - The Way of Stones (USA, Europe)-marquee.png</marquee>
		<thumbnail>./images/Ishido - The Way of Stones (USA, Europe)-thumb.png</thumbnail>
		<rating>0.8</rating>
		<developer>Software Resources International</developer>
		<publisher>Publishing International</publisher>
		<genre>Puzzle</genre>
	</game>
	<game>
		<path>./Jimmy Connors' Tennis (USA, Europe).lnx</path>
		<name>Jimmy Connors' Tennis</name>
		<desc>Jimmy Connors' Tennis is a Sports game, published by Atari, which was released in 1993.</desc>
		<image>./images/Jimmy Connors' Tennis (USA, Europe)-image.png</image>
		<marquee>./images/Jimmy Connors' Tennis (USA, Europe)-marquee.png</marquee>
		<thumbnail>./images/Jimmy Connors' Tennis (USA, Europe)-thumb.png</thumbnail>
		<rating>0.45</rating>
		<developer>Hand Made Software, Ltd</developer>
		<publisher>Atari</publisher>
		<genre>Deportes</genre>
		<players>4</players>
	</game>
	<game>
		<path>./Joust (USA, Europe).lnx</path>
		<name>Joust</name>
		<desc>In Joust, players take control of a knight with a lance who rides their flying ostrich (or stork, for Player 2) to do battle against computer-controlled evil knights who ride atop vultures.

Players must flap their steed's wings to hit the enemy from a higher jousting point to destroy the vulture and its rider. Once the enemy has been hit, an egg falls to one of the platforms below. The heroic knights must destroy the eggs before they hatch and release new and increasingly more difficult knights. The three strengths of enemy knights are Bounder (red knight), Hunter (white knight), and Shadow Lord (blue knight). These enemy knights are not the only challenge to be found in the game. Players must also contend with crumbling platforms, lava trolls who attempt to pull knights into the fire, and the dreaded "unbeatable"(?) pterodactyl.

The game was novel for its time for being one of the few two-player simultaneous games in the arcade.</desc>
		<image>./images/Joust (USA, Europe)-image.png</image>
		<marquee>./images/Joust (USA, Europe)-marquee.png</marquee>
		<thumbnail>./images/Joust (USA, Europe)-thumb.png</thumbnail>
		<rating>0.9</rating>
		<developer>Shadowsoft</developer>
		<publisher>Williams</publisher>
		<genre>Plataforma</genre>
		<players>2</players>
	</game>
	<game>
		<path>./Klax (USA, Europe).lnx</path>
		<name>Klax</name>
		<desc>An action/puzzle game, the object is to catch assorted color falling tiles and create rows, columns, or diagonals of a single color. Each level requires a different pattern to be made, and the tiles fall faster, more at a time, and in an increasing number of colors as the game progresses.</desc>
		<image>./images/Klax (USA, Europe)-image.png</image>
		<marquee>./images/Klax (USA, Europe)-marquee.png</marquee>
		<thumbnail>./images/Klax (USA, Europe)-thumb.png</thumbnail>
		<rating>0.8</rating>
		<developer>Atari</developer>
		<publisher>Atari</publisher>
		<genre>Puzzle</genre>
	</game>
	<game>
		<path>./Krazy Ace - Miniature Golf (USA, Europe).lnx</path>
		<name>Krazy Ace Miniature Golf</name>
		<desc>Krazy Ace Miniature Golf is a miniature golf game for one to four players. You must hit the golf ball into the hole in the fewest shots while avoiding obstacles and traps. Try to get a better score than your opponent(s) or at least get within the number of shots per hole (par).</desc>
		<image>./images/Krazy Ace - Miniature Golf (USA, Europe)-image.png</image>
		<marquee>./images/Krazy Ace - Miniature Golf (USA, Europe)-marquee.png</marquee>
		<thumbnail>./images/Krazy Ace - Miniature Golf (USA, Europe)-thumb.png</thumbnail>
		<rating>0.65</rating>
		<developer>Telegames</developer>
		<publisher>Telegames</publisher>
		<genre>Deportes</genre>
		<players>4</players>
	</game>
	<game>
		<path>./Kung Food (USA, Europe).lnx</path>
		<name>Kung Food</name>
		<desc>The ultimate food fight!  Mutant munchies from your freezer invade your kitchen, your life and your world.  Speed and your martial arts skills are required to overcome the vicious veggies!</desc>
		<image>./images/Kung Food (USA, Europe)-image.png</image>
		<marquee>./images/Kung Food (USA, Europe)-marquee.png</marquee>
		<thumbnail>./images/Kung Food (USA, Europe)-thumb.png</thumbnail>
		<rating>0.9</rating>
		<developer>Atari</developer>
		<publisher>Atari</publisher>
		<genre>Acción</genre>
	</game>
	<game>
		<path>./Lemmings (USA, Europe).lnx</path>
		<name>Lemmings</name>
		<desc>Your task is to rescue the Lemmings across 120 levels of fast-paced puzzling. These creatures simply walk blindly through the world in the hope of reaching safety at the end of the level - unfortunately these levels include steep drops, gaps in the ground, barriers and rivers amongst other hazards.

You are in control not of any individual Lemming, but of a cross-hair, which can be moved over any of the Lemmings. Along the bottom are a selection of functions which can be assigned to a Lemming, including climbing, floating and bashing. You must click to select the appropriate function, then click on the Lemming to activate it. Each level has a different range of skills on offer, a different amount of Lemmings, and a different percentage target in order to progress.</desc>
		<image>./images/Lemmings (USA, Europe)-image.png</image>
		<marquee>./images/Lemmings (USA, Europe)-marquee.png</marquee>
		<thumbnail>./images/Lemmings (USA, Europe)-thumb.png</thumbnail>
		<rating>0.7</rating>
		<developer>DMA Design</developer>
		<publisher>Psygnosis</publisher>
		<genre>Puzzle</genre>
	</game>
	<game>
		<path>./Lexis (USA, Europe).lnx</path>
		<name>Lexis</name>
		<desc>This is much like the game Tetris but instead of falling blocks, you have to make words out of falling letters. Some words will give you cheats or unlock a bonus game. Keep going until the letters reach the top of the screen, at which point the game is over. Words can be formed horizontally, vertically, forwards or backwards.</desc>
		<image>./images/Lexis (USA, Europe)-image.png</image>
		<marquee>./images/Lexis (USA, Europe)-marquee.png</marquee>
		<thumbnail>./images/Lexis (USA, Europe)-thumb.png</thumbnail>
		<rating>0.5</rating>
		<releasedate>19990101T000000</releasedate>
		<developer>Shadowsoft</developer>
		<publisher>Songbird Productions</publisher>
		<genre>Puzzle</genre>
	</game>
	<game>
		<path>./Lynx Casino (USA, Europe).lnx</path>
		<name>Lynx Casino</name>
		<desc>Este juego es una colección de juegos de casino a los que se accede moviendo al jugador por el casino y seleccionando la mesa o máquina de juego preferida para jugar a ese juego. Comienza con $ 1,000 para apostar, aunque puede obtener dos préstamos de $ 500 si los necesitas. Una vez que pierdas todo tu dinero, se acabó el juego.

Los 5 juegos disponibles son:

1. Blackjack
2. Craps
3. Roulette
4. Slot Machines (Fruit Machines)
5. Video Poker</desc>
		<image>./images/Lynx Casino (USA, Europe)-image.png</image>
		<marquee>./images/Lynx Casino (USA, Europe)-marquee.png</marquee>
		<thumbnail>./images/Lynx Casino (USA, Europe)-thumb.png</thumbnail>
		<rating>0.65</rating>
		<developer>Atari</developer>
		<publisher>Atari</publisher>
		<genre>Juegos de mesa</genre>
		<players>2</players>
	</game>
	<game>
		<path>./Malibu Bikini Volleyball (USA, Europe).lnx</path>
		<name>Malibu Bikini Volleyball</name>
		<desc>Bienvenido a Malibu: Capital del mundo del voleibol. Aquí es donde los mejores vienen a jugar - y mostrar su bronceado. Si quieres, regístrate. Pero mantener los ojos en la bola ... habrá mucho tiempo para ver bikinis después del partido!</desc>
		<image>./images/Malibu Bikini Volleyball (USA, Europe)-image.png</image>
		<marquee>./images/Malibu Bikini Volleyball (USA, Europe)-marquee.png</marquee>
		<thumbnail>./images/Malibu Bikini Volleyball (USA, Europe)-thumb.png</thumbnail>
		<rating>0.6</rating>
		<developer>Hand Made Software, Ltd</developer>
		<publisher>Atari</publisher>
		<genre>Deportes</genre>
		<players>4</players>
	</game>
	<game>
		<path>./Ms. Pac-Man (USA, Europe).lnx</path>
		<name>Ms. Pac-man</name>
		<desc>In 1982, a sequel to the  incredibly popular Pac-Man was introduced in the form of his girlfriend, Ms. Pac-Man.  This sequel continued on the "eat the dots/avoid the ghosts" gameplay of the original game, but added new features to keep the title fresh.

Like her boyfriend, Ms. Pac-Man attempts to clear four various and challenging mazes filled with dots and ever-moving bouncing fruit  while avoiding Inky, Blinky, Pinky and Sue, each with their own personalities and tactics.  One touch from any of these ghosts means a loss of life for Ms. Pac-Man.

Ms. Pac-Man can turn the tables on her pursuers by eating one of the four Energizers located within the maze. During this time, the ghosts turn blue, and Ms. Pac-Man can eat them for bonus points (ranging from 200, 400, 800 and 1600, progressively). The Energizer power only lasts for a limited amount of time, as the ghost's eyes float back to their center box, and regenerate to chase after Ms. Pac-Man again.

Survive a few rounds of gameplay, and the player will be treated to humorous intermissions showing the growing romantic relationship between Pac-Man and Ms. Pac-Man, leading all the way up to the arrival of "Junior".</desc>
		<image>./images/Ms. Pac-Man (USA, Europe)-image.png</image>
		<marquee>./images/Ms. Pac-Man (USA, Europe)-marquee.png</marquee>
		<thumbnail>./images/Ms. Pac-Man (USA, Europe)-thumb.png</thumbnail>
		<rating>0.8</rating>
		<developer>Atari</developer>
		<publisher>Namco</publisher>
		<genre>Acción</genre>
	</game>
	<game>
		<path>./NFL Football (USA, Europe).lnx</path>
		<name>Nfl Football</name>
		<desc>NFL Football is an officially licensed NFL Americal football game. The game is played by holding the Lynx vertically and sports zooming and scaling graphical features, with an overhead, top-down view. Games last for four 15-minute quarters and it contains circa 25 offensive plays. Passing is done by holding down the B button and then moving a cross-hair to an open receiver, and then releasing the button to throw. Strategies can be changed in real-time. Two players can compete head-to-head with the ComLynx cable.</desc>
		<image>./images/NFL Football (USA, Europe)-image.png</image>
		<marquee>./images/NFL Football (USA, Europe)-marquee.png</marquee>
		<thumbnail>./images/NFL Football (USA, Europe)-thumb.png</thumbnail>
		<rating>0.4</rating>
		<developer>Atari</developer>
		<publisher>Atari</publisher>
		<genre>Deportes</genre>
		<players>2</players>
	</game>
	<game>
		<path>./Ninja Gaiden (USA, Europe).lnx</path>
		<name>Ninja Gaiden</name>
		<desc>Ninja Gaiden comienza con una animación cinematográfica en la que 2 ninjas se enfrentan en duelo a muerte; uno cae y Se revela que el ninja condenado es el padre de Ryu Hayabusa. Cuando Ryu se entera de esto, se embarca en una búsqueda para descubrir quién mató a su padre y por qué. Esta búsqueda lo lleva a América para encontrar un arqueólogo con quien el padre de Ryu estaba trabajando. A partir de ahí, Ryu se ve envuelto en una conspiración malvada y sobrenatural que involucra a un villano llamado Jaquio que tiene planes de usar un antiguo castillo y algunas reliquias para desatar un mal aterrador sobre el mundo.
</desc>
		<image>./images/Ninja Gaiden (USA, Europe)-image.png</image>
		<marquee>./images/Ninja Gaiden (USA, Europe)-marquee.png</marquee>
		<thumbnail>./images/Ninja Gaiden (USA, Europe)-thumb.png</thumbnail>
		<rating>0.7</rating>
		<releasedate>19910101T000000</releasedate>
		<developer>Tecmo</developer>
		<publisher>Atari</publisher>
		<genre>Beat'em Up</genre>
	</game>
	<game>
		<path>./Ninja Gaiden III - The Ancient Ship of Doom (USA, Europe).lnx</path>
		<name>Ninja Gaiden III : The Ancient Ship of Doom</name>
		<desc>Immerse yourself in action-acked Ninja adventure as you help Ryu through his greatest challenge. Battle the hideous ancient forces of darkness to save mankind, with the epic adventure unfolding as you complete each level.</desc>
		<image>./images/Ninja Gaiden III - The Ancient Ship of Doom (USA, Europe)-image.png</image>
		<marquee>./images/Ninja Gaiden III - The Ancient Ship of Doom (USA, Europe)-marquee.png</marquee>
		<thumbnail>./images/Ninja Gaiden III - The Ancient Ship of Doom (USA, Europe)-thumb.png</thumbnail>
		<rating>0.8</rating>
		<releasedate>19910101T000000</releasedate>
		<developer>Tecmo</developer>
		<publisher>Tecmo</publisher>
		<genre>Beat'em Up</genre>
	</game>
	<game>
		<path>./Pac-Land (USA, Europe).lnx</path>
		<name>Pac-land</name>
		<desc>Pac-Land is a side-scrolling 1-2 player game with a cartoony feel to it. Now equipped with arms, face, and legs, Pac must guide a fairy back to her home in Fairy Land, but this task will not be easy because Inky, Blinky, Pinky, Clyde, and Sue will pursue Pac-Man as he travels through Pac-Land. When he finally transports the fairy back to her home, Pac is given some magic shoes, which will help him get to his own home, where he will be greeted by his family: Ms. Pac-Man, Baby Pac-Man, Chomp Chomp, and Sourpuss. 

There are sixteen rounds to complete, with four trips each. During each round, he can grab a power pellet, which cause ghosts to turn blue, allowing Pac-Man to eat them for points. Points are also awarded by collecting fruit that appear, like cherries and strawberries. In some rounds, Pac must use a springboard to jump over a lake. He must also make it to the end of each round before time runs out, otherwise a ghost will chase him.</desc>
		<image>./images/Pac-Land (USA, Europe)-image.png</image>
		<marquee>./images/Pac-Land (USA, Europe)-marquee.png</marquee>
		<thumbnail>./images/Pac-Land (USA, Europe)-thumb.png</thumbnail>
		<rating>0.55</rating>
		<developer>Atari</developer>
		<publisher>Atari</publisher>
		<genre>Plataforma</genre>
	</game>
	<game>
		<path>./Paperboy (USA, Europe).lnx</path>
		<name>Paperboy</name>
		<desc>Based on the arcade game, the object of Paperboy is to deliver papers to your customers while inflicting as much damage as possible to the houses of your non-customers. To make things more difficult, numerous obstacles get in your way including construction workers, rogue tires, skateboarders, dogs and cats, cars, and even the occasional tornado.</desc>
		<image>./images/Paperboy (USA, Europe)-image.png</image>
		<marquee>./images/Paperboy (USA, Europe)-marquee.png</marquee>
		<thumbnail>./images/Paperboy (USA, Europe)-thumb.png</thumbnail>
		<rating>0.75</rating>
		<developer>Atari</developer>
		<publisher>Atari</publisher>
		<genre>Acción</genre>
	</game>
	<game>
		<path>./Pinball Jam (USA, Europe).lnx</path>
		<name>Pinball Jam</name>
		<desc>Pinball Jam is a Lynx conversion of two pinball tables:  "Elvira and the Party Monsters" (Midway, 1989), and "Police Force" (Williams, 1989).  Both feature authentic table layouts, targets, and bonuses; the conversion of Elvira and the Party Monsters also features digitzed sound effects, including the voice of Cassandra Peterson (Elvira).

Each table scrolls up and down during gameplay (as opposed to just "snapping" to a new area as the ball reaches it).</desc>
		<image>./images/Pinball Jam (USA, Europe)-image.png</image>
		<marquee>./images/Pinball Jam (USA, Europe)-marquee.png</marquee>
		<thumbnail>./images/Pinball Jam (USA, Europe)-thumb.png</thumbnail>
		<rating>0.9</rating>
		<developer>Atari</developer>
		<publisher>Atari</publisher>
		<genre>Pinball</genre>
	</game>
	<game>
		<path>./Pit Fighter - The Ultimate Competition (USA, Europe).lnx</path>
		<name>Fidelity Ultimate Chess Challenge</name>
		<desc>On your own against the Fidelity Ultimate Chess Challenge - the world's most powerful hand-held chess game - or against a friend, the stunning 3D graphics and advanced technology of this latest game from Telegames has to be played to be believed.
The Fidelity Ultimate Chess Challenge uses the most powerful chess playing technology from the laboratories of Fidelity - the premier manufacturers of dedicated chess computers are developers of the world's only USCF certified Master rated (2325) chess program.
Switch from 3D to overhead view for the final attack - or use one of the many options available to review the game to date.
Full on-screen statistics giving score, times, moves etc. and many other features on this the world's fastest color hand-held chess game.</desc>
		<image>./images/Pit Fighter - The Ultimate Competition (USA, Europe)-image.png</image>
		<marquee>./images/Pit Fighter - The Ultimate Competition (USA, Europe)-marquee.png</marquee>
		<thumbnail>./images/Pit Fighter - The Ultimate Competition (USA, Europe)-thumb.png</thumbnail>
		<rating>0.7</rating>
		<developer>Telegames</developer>
		<publisher>Telegames</publisher>
		<genre>Puzzle</genre>
		<players></players>
	</game>
	<game>
		<path>./Power Factor (USA, Europe).lnx</path>
		<name>Power Factor</name>
		<desc>Power Factor is an action-platformer starring the single campily-named hero, Redd Ace, fighting alien creatures known as the Ceegarians from the Ceeg dimension.  Of course, aliens being played out, the Ceegarians are actually referred to as "transdimensional intruders," and the Ceegarian creatures the player faces off against are referred to as evil invading "Sinlendo Techmods."  

The primary goal of the game is to work through stages and bosses essentially to build a bomb to destroy the Ceegarians. Pertaining to the bomb, there are six components.  The entire game takes place within, as the box refers to it, "our dimension's reactor."  As such, the environments of the game are aimed to look like the inside of a machine.  To further convolute the storyline, the instruction manual actually refers to the game itself as a Virtual Reality simulation the player is experiencing in the future, based on the exploits of Redd Ace, and you’re meandering through this simulator on the “famous Atarian Leisure Moon.”  

Stages are fairly small, but designed like a maze à la Metroid.  However, unlike Metroid, completed areas cannot be revisited.  Each stage ends with a boss battle showcasing enemy characters that are often two screens high.

Redd Ace is armed with a multi-use weapon known as the "Tmat MOW."  Tmat MOW is intended to be short for “TRANSMAT Multi-Ordinance Weapon.”  Four different weapons may be acquired and used for both the A and B buttons, with eight total weapons in the game, and one gun as a standard.  Other weapons include lasers, a flame thrower, missiles, bombs, and the like.  Weapons must be picked up through playing the stages and collecting various weapon icons.  Once the ammunition is used, the weapon is gone and must be recollected.  As such, weapon pick-ups must be used sparingly, especially since most contain very small numbers of ammunition, often as low as two shots.  Choosing weapons is awkwardly assigned to the Directional-pad, which is also where character movement is assigned.  Tapping the D-pad allows the player to select different weapons, while holding it down moves Redd.

Controlling Redd Ace is somewhat different from a typical platformer of the era. There is no jump button, as both the A and B buttons have weapons assigned to them.  Instead, our hero is also armed with a levitation pack on his back, which allows flight.  Tapping "up" on the D-Pad allows Redd to jump, while holding "up" activates the levitator and allows Redd to fly.  Aside from a health bar, there is also a fuel bar showing that flight isn't a luxury to be wasted.  When crouching, Redd automatically aims upwards at a 45-degree angle, rather than straight ahead.

Pressing the "Option 2" button allows the player to see a menu with information about the bomb pieces the player is collecting, as well as details on the various weapons.  If the player is standing in front of a computer monitor when Option 2 is pressed, the menu shows a map of the current area, and information on enemy characters.

The player starts with three lives, and there are no continues.  There are, however, three difficulty modes--Easy, Normal, and Hard—which may be selected prior to gameplay.</desc>
		<image>./images/Power Factor (USA, Europe)-image.png</image>
		<marquee>./images/Power Factor (USA, Europe)-marquee.png</marquee>
		<thumbnail>./images/Power Factor (USA, Europe)-thumb.png</thumbnail>
		<rating>0.5</rating>
		<developer>Hand Made Software, Ltd</developer>
		<publisher>Atari</publisher>
		<genre>Acción</genre>
		<players>2</players>
	</game>
	<game>
		<path>./Qix (USA, Europe).lnx</path>
		<name>Qix</name>
		<desc>In this game, you guide a marker which must draw rectangles and other weird objects in order to claim your territory, and you can either draw these rectangles fast or slow. Drawing the rectangles using the "slow" method awards you the most points. Once a rectangle has been made, it will be colored in to show that you have claimed your territory. While drawing the rectangles, you need to watch out for Qix (pronounced "kicks"), a series of colored lines that crawl the screen. In addition to Qix, you also need to avoid the Sparks who travel around the border, as well as any lines that you have made, as well as The Fuse, who travels along the line that you are drawing. Once you have claimed enough territory, you proceed to the next level.</desc>
		<image>./images/Qix (USA, Europe)-image.png</image>
		<marquee>./images/Qix (USA, Europe)-marquee.png</marquee>
		<thumbnail>./images/Qix (USA, Europe)-thumb.png</thumbnail>
		<rating>0.65</rating>
		<developer>Telegames</developer>
		<publisher>Taito</publisher>
		<genre>Puzzle</genre>
		<players>2</players>
	</game>
	<game>
		<path>./Raiden (USA) (v3.0).lnx</path>
		<name>Raiden</name>
		<desc>In the year 2090, Earth is invaded by extra-terrestrials. The World Alliance of Nations has developed a supersonic attack fighter, Raiden, to defend the Earth. A pilot must take control of the experimental fighter to destroy the alien warships that just happen to look like odd variations of typical military tanks and planes with gadgets attached to them. 

Raiden (called Raiden Trad on the Genesis and SNES) is an over-head vertical-scrolling shooter, based on an arcade game of the same title. It features two forms of weapon upgrades and two types of missiles (normal or homing). You start the game with several bombs which you can use to destroy most enemies on the screen to get yourself out of a jam. Each level ends with a large boss or bosses.</desc>
		<image>./images/Raiden (USA) (v3.0)-image.png</image>
		<marquee>./images/Raiden (USA) (v3.0)-marquee.png</marquee>
		<thumbnail>./images/Raiden (USA) (v3.0)-thumb.png</thumbnail>
		<rating>0.45</rating>
		<releasedate>19970101T000000</releasedate>
		<developer>Fabtek</developer>
		<publisher>Atari</publisher>
		<genre>Shoot'em Up</genre>
	</game>
	<game>
		<path>./Rampage (USA, Europe).lnx</path>
		<name>Rampage</name>
		<desc>George, Lizzy and Ralph were just ordinary Americans, until an experiment went wrong, turning them into a Gorilla, Lizard and Werewolf respectively. Following this, the three of them plan to go round destroying buildings, and up to 3 human players can join in.

Smashing at the edges of the buildings for long enough will make them collapse. The police and military are after you, and will shoot at you, so try to destroy them (failing that, you can avoid the bullets). You will need to eat regularly, with things like plants on offer, to avoid shrinking back to being human</desc>
		<image>./images/Rampage (USA, Europe)-image.png</image>
		<marquee>./images/Rampage (USA, Europe)-marquee.png</marquee>
		<thumbnail>./images/Rampage (USA, Europe)-thumb.png</thumbnail>
		<rating>0.7</rating>
		<developer>Atari</developer>
		<publisher>Midway</publisher>
		<genre>Acción</genre>
	</game>
	<game>
		<path>./Chip's Challenge (USA, Europe).lnx</path>
		<name>Chip's Challenge</name>
		<desc>Nerdy Chip desperately wants to join the "Bit Busters" computer club, led by Melinda the Mental Marvel.  However, before she'll let him in, he must prove his intelligence by passing the initiation test.  149 increasingly difficult levels, including a few hidden ones, await Chip in this tile-based puzzle game.  Use tools such as keys, and special shoes to bypass obstacles.  Manipulate switches to and use dirt blocks to build bridges across waterways.  Avoid enemy creatures, grab all the computer chips in the level, and hurry to the exit: On top of everything else, there's a time limit!</desc>
		<image>./images/Chip's Challenge (USA, Europe)-image.png</image>
		<marquee>./images/Chip's Challenge (USA, Europe)-marquee.png</marquee>
		<thumbnail>./images/Chip's Challenge (USA, Europe)-thumb.png</thumbnail>
		<rating>0.7</rating>
		<publisher>Atari</publisher>
		<genre>Puzzle</genre>
	</game>
	<game>
		<path>./Gauntlet - The Third Encounter (USA, Europe).lnx</path>
		<name>Gauntlet : The Third Encounter</name>
		<desc>Gauntlet: The Third Encounter is an arcade-style action game by Atari, that was released on the Atari Lynx handheld in 1990. The game can be played by one to four players simultaneously. It introduced new character classes like ?Nerd? or ?Punkrocker? and was one of a few games that used the ?vertical mode? of the Atari Lynx, another being the port of Klax. The story: a crystal falls from the sky and lands in a castle, and it must be retrieved from within its 40 mazes type area. A year later U.S. Gold and Tengen would release another completely different game called Gauntlet III: The Final Quest.</desc>
		<image>./images/Gauntlet - The Third Encounter (USA, Europe)-image.png</image>
		<marquee>./images/Gauntlet - The Third Encounter (USA, Europe)-marquee.png</marquee>
		<thumbnail>./images/Gauntlet - The Third Encounter (USA, Europe)-thumb.png</thumbnail>
		<rating>0.9</rating>
		<developer>Tengen</developer>
		<publisher>Atari</publisher>
		<genre>Aventura</genre>
		<players>4</players>
	</game>
	<game>
		<path>./Rampart (USA, Europe).lnx</path>
		<name>Rampart</name>
		<desc>Tetris meets shoot-'em-up, Rampart was originally a one or two-player arcade game combining strategy and artillery action. Build your castle from Tetris-style pieces, place your cannons, bombard the enemy, try to repair, do it all over again. Later arcade revisions incorporated 3-player,  and the PC conversion does as well, making it a faithful, entertaining classic for multiple players on the same PC.</desc>
		<image>./images/Rampart (USA, Europe)-image.png</image>
		<marquee>./images/Rampart (USA, Europe)-marquee.png</marquee>
		<thumbnail>./images/Rampart (USA, Europe)-thumb.png</thumbnail>
		<rating>0.75</rating>
		<developer>Atari</developer>
		<publisher>Tengen</publisher>
		<genre>Estrategia</genre>
		<players>2</players>
	</game>
	<game>
		<path>./RoadBlasters (USA, Europe).lnx</path>
		<name>Roadblasters</name>
		<desc>RoadBlasters is a futuristic racing action game. The goal is to reach the finish line in one piece throughout each of 50 levels. Numerous enemies are out on the road to try and stop you, including armored cars, motorcycles, canons on the side of the road, landmines, and more. 

Your vehicle is equipped with a machine gun to help you out, and occasionally a weapons plane will fly in and drop additional power ups that can be collected. Some of these are the U.Z. canon, cruise missiles, and speed boost. Your car has a very limited amount of fuel, however more can be picked up along the way by crossing the halfway point of a level, or by collecting the red and green fuel spheres that appear in the road or after destroying certain enemies.  On many levels collecting fuel is critical otherwise you won't be able to reach the finish line.</desc>
		<image>./images/RoadBlasters (USA, Europe)-image.png</image>
		<marquee>./images/RoadBlasters (USA, Europe)-marquee.png</marquee>
		<thumbnail>./images/RoadBlasters (USA, Europe)-thumb.png</thumbnail>
		<rating>0.9</rating>
		<developer>Atari</developer>
		<publisher>Atari</publisher>
		<genre>Carreras, Conducción</genre>
	</game>
	<game>
		<path>./Robo-Squash (USA, Europe).lnx</path>
		<name>Robo-squash</name>
		<desc>Experience the Ultimate Zero-G Futuresport.

Take the challenge of multi-dimensional competition. Control and aim your racquet to deflect the ball as it comes at you. Hit exploding bricks and special items for power ups. Miss the ball and you'll be splattered!

You and a friend can "Lynx up" for an awesome two player challenge.

- Two player "Comlynx" Capability!</desc>
		<image>./images/Robo-Squash (USA, Europe)-image.png</image>
		<marquee>./images/Robo-Squash (USA, Europe)-marquee.png</marquee>
		<thumbnail>./images/Robo-Squash (USA, Europe)-thumb.png</thumbnail>
		<rating>0.3</rating>
		<developer>Atari</developer>
		<publisher>Atari</publisher>
		<genre>Acción</genre>
		<players>2</players>
	</game>
	<game>
		<path>./Robotron 2084 (USA, Europe).lnx</path>
		<name>Robotron : 2084</name>
		<desc>In 2084, man creates a species of super-advanced cyborgs known as Robotrons. Recognizing the imperfect nature of their creators, the Robotrons conclude that the inefficient human race must be exterminated. Only you and a single family of clones remain. If mankind is to survive, you must destroy the Grunts, Brains, Enforcers, and Tanks - but avoid the indestructible Hulks at all cost. Can you withstand wave after wave of android invasion... before it's too late?</desc>
		<image>./images/Robotron 2084 (USA, Europe)-image.png</image>
		<marquee>./images/Robotron 2084 (USA, Europe)-marquee.png</marquee>
		<thumbnail>./images/Robotron 2084 (USA, Europe)-thumb.png</thumbnail>
		<rating>0.85</rating>
		<developer>Shadowsoft</developer>
		<publisher>Williams</publisher>
		<genre>Tiro</genre>
	</game>
	<game>
		<path>./Rygar - Legendary Warrior (USA, Europe).lnx</path>
		<name>Rygar</name>
		<desc>An evil being known as Ligar is about to conquer the land of Argool. Such is his power that no living creature dares to cross paths with him. But the legendary warrior Rygar rises from his grave to restore peace and justice. Armed with his famed weapon Diskarmor, Rygar begins to traverse the vast lands that lead to the lair of the demon, as his minions are trying in vain to stop him...

Originally released on the arcades, Rygar is a side-scrolling action game. The player controls the titular hero, advancing through stages populated by hostile creatures. Beside the Diskarmor, a weapon that looks like a shield with a chain attached to it, the hero can use a variety of other weapons, including projectiles that can be fired in four directions. Various "powers" are scattered through the levels and can be collected. The effects of these powers include increasing the fire power of the equipped weapon, adding time to the clock, temporary invisibility, extra points, etc.</desc>
		<image>./images/Rygar - Legendary Warrior (USA, Europe)-image.png</image>
		<marquee>./images/Rygar - Legendary Warrior (USA, Europe)-marquee.png</marquee>
		<thumbnail>./images/Rygar - Legendary Warrior (USA, Europe)-thumb.png</thumbnail>
		<rating>0.65</rating>
		<developer>Tecmo</developer>
		<publisher>Atari</publisher>
		<genre>Plataforma</genre>
	</game>
	<game>
		<path>./S.T.U.N. Runner (USA, Europe).lnx</path>
		<name>S.t.u.n. Runner</name>
		<desc>Based on the 1989 Atari Games (not to be confused with Atari Corporation, producers of the Lynx) coin-op by Ed Rotberg.  It's 2492 and you must pilot your Sub-Terranean Underground Network (S.T.U.N.) craft at speeds over 900 miles per hour through a series of courses to retain your title as S.T.U.N. Runner, completing each course before time runs out.

There are also enemies on each course, such as cycles, indestructible armored drones, and flying bird-like craft.  Shoot or avoid them.  If you hit them, you lose one of your shields (your craft has six total) and are slowed down temporarily.  The more shields you have at the finish line, the more bonus points you get.  Getting hit with no shields does not kill you, however.  There are no lives in this game.  The only way to lose is to fail to cross the finish line.

Along the way you'll encounter Boost Pads that temporarily speed you up to incredible speeds and make you indestructible.  By running over enough green stars on each course, you can also earn Shockwaves, which destroy all enemies in your path.

Note that there is no accelerator in this game.  Your craft always goes full speed, unless you hit something.  Then you will slow down, but quickly accelerate back to full speed.  Other than that, you cannot slow down and the only way to speed up is to run over a Boost Pad.  Your only controls are steering left and right and aiming the gun on top of your craft up and down.</desc>
		<image>./images/S.T.U.N. Runner (USA, Europe)-image.png</image>
		<marquee>./images/S.T.U.N. Runner (USA, Europe)-marquee.png</marquee>
		<thumbnail>./images/S.T.U.N. Runner (USA, Europe)-thumb.png</thumbnail>
		<rating>0.8</rating>
		<developer>Tengen</developer>
		<publisher>Atari</publisher>
		<genre>Carreras, Conducción</genre>
	</game>
	<game>
		<path>./Scrapyard Dog (USA, Europe).lnx</path>
		<name>Scrapyard Dog</name>
		<desc>In Scrapyard Dog you play the role of Louie, the junkyard guy, who's companion Scraps has been dognapped by the dastardly Mr. Big. Louie has bombs and cans at his disposal to use against the enemies, which include gangsters, rats, and mice. He can also use shields to protect himself on route to the sixteen checkpoints in the game. Louie must reach each checkpoint in a certain amount of time in order to save Scraps.</desc>
		<image>./images/Scrapyard Dog (USA, Europe)-image.png</image>
		<marquee>./images/Scrapyard Dog (USA, Europe)-marquee.png</marquee>
		<thumbnail>./images/Scrapyard Dog (USA, Europe)-thumb.png</thumbnail>
		<rating>0.55</rating>
		<developer>CSD</developer>
		<publisher>Atari</publisher>
		<genre>Aventura</genre>
	</game>
	<game>
		<path>./Shadow of the Beast (USA, Europe).lnx</path>
		<name>Shadow Of The Beast</name>
		<desc>While very young, Aarbron was kidnapped and enslaved by the Priests of the Beast Lord. He grew up on drugs made to destroy his own will and turn him into the Beast Messenger, a powerful creature serving Maletoth, The Beast Lord himself. He did his job, until one day he noticed a man about to be sacrificed in a ritual, his face triggering ancient memories... and as the sacrificial knife descended into the man's body, Aarbron recognizes the face. Of his father.
As his father dies in the altar, memories of his childhood and tormented past at the hands of the Beast Lord emerged, and as feelings of hate over his captors took over him, he swore revenge and fled the temple, knowing the road to avenge his father and redemption would be hard.

Shadow of the Beast, one of Psygnosis most popular titles during the 16-bit computer era is a side-scrolling platformer best known for the use of parallax scrolling along lush graphics, a musical score  by David Whittaker, a iconic cover by Roger Dean and what many consider to be unforgiving gameplay, balancing between the "very challenging" and the "impossible". The player has to navigate through several areas filled with enemies and traps, collecting keys and activating triggers than open new areas or give Aarbron the means to overcome a sub-boss. The number of moves the player has at disposal is limited: duck, jump and only two attacks: punch and a flying kick. While most enemies die with just one hit, the player must time each attack accurately. However, there are also traps of objects that cannot be destroyed, and these require the player to jump, duck or move according the sequence. The player has only one life with 12 hit points that can be replenished by collecting some objects hidden in the level (like an off-route location or a under a megalith), which also contributes to the difficulty level.</desc>
		<image>./images/Shadow of the Beast (USA, Europe)-image.png</image>
		<marquee>./images/Shadow of the Beast (USA, Europe)-marquee.png</marquee>
		<thumbnail>./images/Shadow of the Beast (USA, Europe)-thumb.png</thumbnail>
		<rating>0.3</rating>
		<developer>Reflections Interactive Limited</developer>
		<publisher>Psygnosis</publisher>
		<genre>Beat'em Up</genre>
	</game>
	<game>
		<path>./Shanghai (USA, Europe).lnx</path>
		<name>Shanghai</name>
		<desc>Shanghai is a tile-based game based on the ancient Chinese game of Mah-Jong - this was the first of many computer versions.

The gameplay involves 144 tiles, each depicting different images, which have to be removed by matching them into pairs. The tiles are arranged in a gridded pattern, which is higher near the centre. A tile can only be removed if it has no tile next to it on at least one side.

This computer implementation can generate a random board layout to take on, as well as featuring 5 preset challenges, some of which have time limits of 5 or 10 minutes, as well as a multiplayer mode.</desc>
		<image>./images/Shanghai (USA, Europe)-image.png</image>
		<marquee>./images/Shanghai (USA, Europe)-marquee.png</marquee>
		<thumbnail>./images/Shanghai (USA, Europe)-thumb.png</thumbnail>
		<rating>0.85</rating>
		<developer>Atari</developer>
		<publisher>Atari</publisher>
		<genre>Juegos de mesa</genre>
	</game>
	<game>
		<path>./Steel Talons (USA, Europe).lnx</path>
		<name>Steel Talons</name>
		<desc>Steel Talons brought realism-oriented helicopter combat to the arcades, and later to home systems. The action is viewed from behind your helicopter, with the 3D polygon world rotating around you, taking in mountains, rivers and deserts. 

There are 12 missions in total, each of which requires you to destroy targets in a set time limit. There are also training and head-to-head (against a CPU-controlled drone) modes. 

You have a limited number of automatically-targeting missiles as well as a cannon. A tracking map tells you where you are on the level, and where the enemies are.Contact with the ground, mountains or other vehicles will damage or destroy your helicopter.</desc>
		<image>./images/Steel Talons (USA, Europe)-image.png</image>
		<marquee>./images/Steel Talons (USA, Europe)-marquee.png</marquee>
		<thumbnail>./images/Steel Talons (USA, Europe)-thumb.png</thumbnail>
		<rating>0.8</rating>
		<developer>Tengen</developer>
		<publisher>Atari</publisher>
		<genre>Shoot'em Up</genre>
	</game>
	<game>
		<path>./Super Asteroids, Missile Command (USA, Europe).lnx</path>
		<name>Super Asteroids &amp; Missile Command</name>
		<desc>Two classic Atari arcade games were updated for this compilation. This Lynx version of Asteroids and Missile Command contains some enhanced features to justify the "super" in the title.

Super Asteroids has all new graphics to replace the vector outlines of the original. Your ship has a shield that can absorb several collisions before it blows up. There are also power ups to increase your firepower.

Super Missile Command also has all new graphics. Between rounds, you can trade credits earned during gameplay to purchase special weapons that will help you later in the game.</desc>
		<image>./images/Super Asteroids, Missile Command (USA, Europe)-image.png</image>
		<marquee>./images/Super Asteroids, Missile Command (USA, Europe)-marquee.png</marquee>
		<thumbnail>./images/Super Asteroids, Missile Command (USA, Europe)-thumb.png</thumbnail>
		<rating>0.7</rating>
		<developer>Atari</developer>
		<publisher>Atari</publisher>
		<genre>Compilación</genre>
	</game>
	<game>
		<path>./Super Off-Road (USA, Europe).lnx</path>
		<name>Super Off Road</name>
		<desc>Pile into the pickup and head for the stadium, it's time for some mud-
stompin' action with SUPER OFF-ROAD.  In this Lynx version of the Tradewest
arcade game, four racers drive monster trucks around a variety of dirt tracks.
Players must deal with ramps, hills, valleys, and more as they race for the
finish, while trying to pick up extra money and nitro boosts along the way.
Then they take those winnings to the shop to buy better equipment before the
next race begins.  Up to four Lynxes can be connected for multi-player
competition.</desc>
		<image>./images/Super Off-Road (USA, Europe)-image.png</image>
		<marquee>./images/Super Off-Road (USA, Europe)-marquee.png</marquee>
		<thumbnail>./images/Super Off-Road (USA, Europe)-thumb.png</thumbnail>
		<rating>0.5</rating>
		<developer>Telegames</developer>
		<publisher>Telegames</publisher>
		<genre>Carreras, Conducción</genre>
		<players>4</players>
	</game>
	<game>
		<path>./Super Skweek (USA, Europe).lnx</path>
		<name>Super Skweek</name>
		<desc>Super Skweek is a game inspired by the wide success of Chip's Challenge, and share some elements of that puzzler while combining other elements from games such as Pengo.

In Super Skweek, you play the title character who must walk around and either paint all the tiles of the game board pink, complete a specific mission, or both.  Some tiles react in various ways when you walk on them, like exploding.  

Unlike Chip's Challenge, the game plays in realtime and you can pick up and use weapons to keep away certain monsters as you paint the tiles.  There is also a shop you can enter to purchase items.  Finally, levels have a time limit for completion.</desc>
		<image>./images/Super Skweek (USA, Europe)-image.png</image>
		<marquee>./images/Super Skweek (USA, Europe)-marquee.png</marquee>
		<thumbnail>./images/Super Skweek (USA, Europe)-thumb.png</thumbnail>
		<rating>0.85</rating>
		<developer>Loriciels</developer>
		<publisher>Atari</publisher>
		<genre>Estrategia</genre>
		<players>2</players>
	</game>
	<game>
		<path>./Switchblade II (USA, Europe).lnx</path>
		<name>SwitchBlade II</name>
		<desc>As Hiro, you must once again defeat the ninja lord Havok.  Using ninja throwing stars and other weapons, you must defeat the minions of Havok to reach him.

Switchblade II is a side-scrolling platform action game.  One key aspect of the game is obtaining coins from defeated enemies, which can be traded at shops for extra lives, energy, and weapons.</desc>
		<image>./images/Switchblade II (USA, Europe)-image.png</image>
		<marquee>./images/Switchblade II (USA, Europe)-marquee.png</marquee>
		<thumbnail>./images/Switchblade II (USA, Europe)-thumb.png</thumbnail>
		<rating>0.6</rating>
		<developer>Gremlin Interactive</developer>
		<publisher>Gremlin Interactive</publisher>
		<genre>Plataforma</genre>
	</game>
	<game>
		<path>./Todd's Adventures in Slime World (USA, Europe).lnx</path>
		<name>Todd's Adventures In Slime World</name>
		<desc>While flying your spaceship, you crash land on a planet covered entirely in slime.  You and a friend explore the labyrinthine planet of slime, armed with a water pistol and all manner of gadgets you find along the way in an effort to find your way back out.  The game world is a giant maze with quirky hidden areas and plenty of original layout ideas.  Depending on the game mode, you are either cooperating or competing with your "friend" to find and get to an exit first.  Due to the massive sizes of the slime worlds (about 6 entries to choose from), games often take several hours to complete.

The basis of the game is exploration, with varying game modes further focusing on competition, puzzle solving, speed, exploration, or cooperation.</desc>
		<image>./images/Todd's Adventures in Slime World (USA, Europe)-image.png</image>
		<marquee>./images/Todd's Adventures in Slime World (USA, Europe)-marquee.png</marquee>
		<thumbnail>./images/Todd's Adventures in Slime World (USA, Europe)-thumb.png</thumbnail>
		<rating>0.75</rating>
		<releasedate>19920101T000000</releasedate>
		<publisher>Atari</publisher>
		<genre>Plataforma</genre>
		<players>8</players>
	</game>
	<game>
		<path>./Toki (USA, Europe).lnx</path>
		<name>Toki</name>
		<desc>The hero of the game is a young jungle-man named Toki. One day the evil wizard Dr. Stark kidnaps his girlfriend Wanda. When Toki tries to save her, he is turned into a monkey! Now Toki has to find Dr. Stark in his palace, to rescue Wanda, and to become a human being again!

It is a platform game with a lot of various levels: jungle, underwater, volcanic caves, on the ice... Toki's only weapons are spitting on the enemies or jumping on them and crashing them. There are many possibilities to upgrade his spitting "weapon";  for example, if he finds an upgrade, he can spit fireballs. 

This game is ported from an older arcade version.</desc>
		<image>./images/Toki (USA, Europe)-image.png</image>
		<marquee>./images/Toki (USA, Europe)-marquee.png</marquee>
		<thumbnail>./images/Toki (USA, Europe)-thumb.png</thumbnail>
		<rating>0.7</rating>
		<developer>Tad Corporation</developer>
		<publisher>Atari</publisher>
		<genre>Plataforma</genre>
	</game>
	<game>
		<path>./Tournament Cyberball 2072 (USA, Europe).lnx</path>
		<name>Tournament Cyberball 2072</name>
		<desc>Journey into the future of football with this cult, arcade classic. Enjoy robotic action against the computer or ComLynx? up to four players and play head-to-head with your friends. Earn money for completed plays which can be used to power-up your team, replace broken players, and upgrade to bigger and more advanced players. Awesome football action!</desc>
		<image>./images/Tournament Cyberball 2072 (USA, Europe)-image.png</image>
		<marquee>./images/Tournament Cyberball 2072 (USA, Europe)-marquee.png</marquee>
		<thumbnail>./images/Tournament Cyberball 2072 (USA, Europe)-thumb.png</thumbnail>
		<rating>0.6</rating>
		<developer>Atari</developer>
		<publisher>Atari</publisher>
		<genre>Estrategia</genre>
		<players>4</players>
	</game>
	<game>
		<path>./Turbo Sub (USA, Europe).lnx</path>
		<name>Turbo Sub</name>
		<desc>Turbo Sub released in 1985 as an arcade shooter game by Entertainment Sciences. Then later in 1991 for the Atari Lynx. The arcade version was a one player game set in the future where you control a submersible ship against a horde of aliens. The Atari Lynx version is the same but can be played with two players and tells us the story is set in the 28th century on Earth. The planet has been invaded and the goal of the game is that the player must destroy all the aliens.</desc>
		<image>./images/Turbo Sub (USA, Europe)-image.png</image>
		<marquee>./images/Turbo Sub (USA, Europe)-marquee.png</marquee>
		<thumbnail>./images/Turbo Sub (USA, Europe)-thumb.png</thumbnail>
		<rating>0.7</rating>
		<developer>Atari</developer>
		<publisher>Atari</publisher>
		<genre>Shoot'em Up</genre>
		<players>2</players>
	</game>
	<game>
		<path>./Viking Child (USA, Europe).lnx</path>
		<name>Viking Child</name>
		<desc>Mainly titled Prophecy I - The Viking Child is a game created by Imagitec Design Limited on Amiga, Atari ST, Atari Lynx, Game Boy, Game Gear and the PC.

This video game was based on a Viking Child called Brian who must enter the Halls of Valhalla and do battle against an evil god Loki and his minions.

The game closely resembled Sega's Wonder Boy in Monster Land, as certain elements like collecting hidden gold, upgrading the character's weapons and visiting shops were practically identical, despite the difference in release times.

Programming of the Lead version (Atari ST version) was done by Mark Fisher (a.k.a. Fish, Mr Fish) Original graphics were created by Anthony Rosbottom (a.k.a. Bliz, Blizzard) Music was written by Barry Leitch &amp; Ian Howe</desc>
		<image>./images/Viking Child (USA, Europe)-image.png</image>
		<marquee>./images/Viking Child (USA, Europe)-marquee.png</marquee>
		<thumbnail>./images/Viking Child (USA, Europe)-thumb.png</thumbnail>
		<rating>0.6</rating>
		<developer>Imagitec Design</developer>
		<publisher>Atari</publisher>
		<genre>Aventura</genre>
	</game>
	<game>
		<path>./Warbirds (USA, Europe).lnx</path>
		<name>Warbirds</name>
		<desc>A combat flight action/simulation with colorful graphics and pretty straight-forward gameplay.

Step inside the cockpit of a World War I plane, when there were no sophisticated weaponry, and try to gun down the enemy. Simple as that.

The graphics were faux-3D, as the planes were 2D sprites (natural, considering the release date), but the sky seemed very vast and you could fly around freely.</desc>
		<image>./images/Warbirds (USA, Europe)-image.png</image>
		<marquee>./images/Warbirds (USA, Europe)-marquee.png</marquee>
		<thumbnail>./images/Warbirds (USA, Europe)-thumb.png</thumbnail>
		<rating>0.6</rating>
		<developer>Atari</developer>
		<publisher>Atari</publisher>
		<genre>Simulación</genre>
		<players>4</players>
	</game>
	<game>
		<path>./World Class Soccer (USA, Europe).lnx</path>
		<name>World Class Soccer</name>
		<desc>"World Class Soccer" is a soccer video game, C"omputer Gaming World" criticized the game for only displaying about 10% of the field at a time without a "radar" screen to show the rest, but liked the animation. The magazine concluded that "World Class Soccer should prove an informative and reasonably entertaining way to prepare for the event".</desc>
		<image>./images/World Class Soccer (USA, Europe)-image.png</image>
		<marquee>./images/World Class Soccer (USA, Europe)-marquee.png</marquee>
		<thumbnail>./images/World Class Soccer (USA, Europe)-thumb.png</thumbnail>
		<rating>0.5</rating>
		<developer>Atari</developer>
		<publisher>Atari</publisher>
		<genre>Deportes</genre>
		<players>2</players>
	</game>
	<game>
		<path>./Xenophobe (USA, Europe).lnx</path>
		<name>Xenophobe</name>
		<desc>Xenos.  The very name strikes fear into every colonist's heart.  A distress call is received from space stations orbiting your homeworld, then silence.  A single ship escapes, piloted by a battered man who tells the tale of pods that hatch into acid-spitting Xenos.

A small band of engineers has been dispatched to combat the Xeno threat before it takes over all the space stations and, eventually, your homeworld.  Assemble your band of engineers and fight the Xenos on each station, striving to either clear it or abandon it.  You start out with a standard issue laser, but can pick up additiona weapons as you find them, including Phasers, Lightning Rifles, Poofer guns, and bombs.

Xenophobe was originally an arcade coin-op by Bally/Midway, released in 1987.  Gameplay premise and setting is heavily inspired/influenced by the movie Aliens.</desc>
		<image>./images/Xenophobe (USA, Europe)-image.png</image>
		<marquee>./images/Xenophobe (USA, Europe)-marquee.png</marquee>
		<thumbnail>./images/Xenophobe (USA, Europe)-thumb.png</thumbnail>
		<rating>0.7</rating>
		<developer>Atari</developer>
		<publisher>Atari</publisher>
		<genre>Acción</genre>
		<players>4</players>
	</game>
	<game>
		<path>./Xybots (USA, Europe).lnx</path>
		<name>Xybots</name>
		<desc>Xybots is either an unusually simple computer game or an unusually complex coin-op shoot 'em up, depending on your point of view. With either one or two players, you must move through a series of Gauntlet-style underground mazes, killing the bad guys and collecting health and other bonuses from flying saucers (underground? SLIGHT logic gap there, methinks).It's designed to be played co-operatively, although bullets from one player can harm the other.

The Xybots are out to stop you, of course, and many have advanced attack patterns as well as bullets to fire at you. Being able to view round corners is useful, allowing you to plan a strategy - often it's good to send one player forward and let the other play the waiting game, as in Gauntlet.</desc>
		<image>./images/Xybots (USA, Europe)-image.png</image>
		<marquee>./images/Xybots (USA, Europe)-marquee.png</marquee>
		<thumbnail>./images/Xybots (USA, Europe)-thumb.png</thumbnail>
		<rating>0.7</rating>
		<developer>Atari</developer>
		<publisher>Atari</publisher>
		<genre>Acción</genre>
		<players>2</players>
	</game>
	<game>
		<path>./Zarlor Mercenary (USA, Europe).lnx</path>
		<name>Zarlor Mercenary</name>
		<desc>WANTED: Hot gun for hire. Travel to several exotic and dangerous places. Discover several exotic and dangerous aliens and kill them. Kill lots. For cash. Buy more weapons and kill again. Bring up to 3 friends along and kill even more.</desc>
		<image>./images/Zarlor Mercenary (USA, Europe)-image.png</image>
		<marquee>./images/Zarlor Mercenary (USA, Europe)-marquee.png</marquee>
		<thumbnail>./images/Zarlor Mercenary (USA, Europe)-thumb.png</thumbnail>
		<rating>0.9</rating>
		<developer>Atari</developer>
		<publisher>Atari</publisher>
		<genre>Shoot'em Up</genre>
		<players>4</players>
	</game>
</gameList>
