<?xml version="1.0"?>
<gameList>
	<game id="162272">
		<path>./ABBAYE.TZX</path>
		<name>Abbaye Des Morts L'</name>
		<image>./images/ABBAYE-image.png</image>
		<marquee>./images/ABBAYE-marquee.png</marquee>
		<thumbnail>./images/ABBAYE-thumb.png</thumbnail>
		<publisher>Jerri</publisher>
		<playcount>2</playcount>
		<lastplayed>20210804T132248</lastplayed>
		<crc32>2BDB3DB6</crc32>
		<md5>2d7230ec574246fb7bf9d4991559f5ba</md5>
		<gametime>10</gametime>
		<lang>en</lang>
	</game>
	<game>
		<path>./007 - Licence to Kill (Europe).tzx</path>
		<name>007 - Licence to Kill (Europe)</name>
		<playcount>2</playcount>
		<lastplayed>20220427T230940</lastplayed>
		<lang>en</lang>
		<region>eu</region>
	</game>
	<game>
		<path>./007 - Live and Let Die (Europe).tzx</path>
		<name>007 - Live and Let Die (Europe)</name>
		<lang>en</lang>
		<region>eu</region>
	</game>
</gameList>
