<?xml version="1.0"?>
<gameList>
	<game>
		<path>./Super Mario 3D World.wiiu</path>
		<name>Super Mario 3D World</name>
		<desc>Whilst exploring the Mushroom Kingdom, Mario, Luigi, Princess Peach, and Toad come across a strange clear pipe, which a curious green fairy-like creature, called a Sprixie, pops out of. Suddenly, Bowser appears and captures the fairy before escaping through the pipe. Thus, Mario and friends enter the pipe to pursue Bowser, and find themselves in the strange new Sprixie Kingdom as they search for the Sprixie, along with some of her other companions.</desc>
		<image>./images/Super Mario 3D World-image.png</image>
		<marquee>./images/Super Mario 3D World-marquee.png</marquee>
		<thumbnail>./images/Super Mario 3D World-thumb.png</thumbnail>
		<rating>0.9</rating>
		<releasedate>20131122T000000</releasedate>
		<developer>Nintendo</developer>
		<publisher>Nintendo</publisher>
		<players>4+</players>
		<playcount>6</playcount>
		<lastplayed>20220808T161127</lastplayed>
		<gametime>2349</gametime>
		<lang>eu</lang>
	</game>
	<game>
		<path>./New Super Mario Bros U.wiiu</path>
		<name>New Super Mario Bros. U</name>
		<desc>Mario salta a Wii U en New Super Mario Bros.U, una nueva aventura de desplazamiento lateral que presenta nuevas transformaciones para Mario y la capacidad de los jugadores para jugar como sus personajes Mii. El juego también presenta el nuevo modo Boost, que se puede usar para agregar bloques, ayudar a los jugadores a evitar enemigos, permitir que Mario descubra secretos o permitir que varios jugadores trabajen juntos para realizar una carrera de velocidad en un tiempo récord.</desc>
		<image>./images/New Super Mario Bros U-image.png</image>
		<marquee>./images/New Super Mario Bros U-marquee.png</marquee>
		<thumbnail>./images/New Super Mario Bros U-thumb.png</thumbnail>
		<rating>0.8</rating>
		<releasedate>20121118T000000</releasedate>
		<developer>Nintendo</developer>
		<publisher>Nintendo</publisher>
		<players>5</players>
		<playcount>40</playcount>
		<lastplayed>20220809T215342</lastplayed>
		<gametime>11421</gametime>
		<lang>eu</lang>
	</game>
	<game>
		<path>./Mario Kart 8.wiiu</path>
		<name>Mario Kart 8</name>
		<desc>Mario Kart 8 is the 8th installment of the Mario Kart series, for the Wii U console.

The gameplay includes thirty-two circuits (sixteen brand new ones and sixteen retro ones) on which the characters race riding a variety of vehicles like the returning motorcycles from Mario Kart Wii or the karts, which can be customized.</desc>
		<image>./images/Mario Kart 8-image.png</image>
		<marquee>./images/Mario Kart 8-marquee.png</marquee>
		<thumbnail>./images/Mario Kart 8-thumb.png</thumbnail>
		<rating>0.85</rating>
		<releasedate>20140530T000000</releasedate>
		<developer>Nintendo</developer>
		<publisher>Nintendo</publisher>
		<family>Mario Kart</family>
		<players>4+</players>
		<playcount>34</playcount>
		<lastplayed>20220811T151738</lastplayed>
		<gametime>8940</gametime>
		<lang>es</lang>
	</game>
</gameList>
