<?xml version="1.0"?>
<gameList>
	<game>
		<path>./Neo Geo Cup '98 (Japan, Europe) (En,Ja).ngp</path>
		<name>Neo Geo Cup '98</name>
		<desc>En el modo historia, eliges uno de los mejores equipos del mundo con el objetivo de ganar la famosa Copa Neo Geo. Esto no es fácil, sin embargo, ganar el título requerirá largas horas de intensa competencia.
Cada reunión le dará derecho a una cierta cantidad de puntos que luego se pueden usar en la tienda, lo que agrega un pequeño RPG lateral no despreciable. Comprar pantalones cortos, crampones, jerseys y muchos otros artículos de una selección seleccionada aumentará las habilidades de tu equipo de acuerdo con varios criterios y hará que tus jugadores sean más rápidos o más hábiles frente a la portería.</desc>
		<image>./images/Neo Geo Cup '98 (Japan, Europe) (En,Ja)-image.png</image>
		<marquee>./images/Neo Geo Cup '98 (Japan, Europe) (En,Ja)-marquee.png</marquee>
		<thumbnail>./images/Neo Geo Cup '98 (Japan, Europe) (En,Ja)-thumb.png</thumbnail>
		<rating>0.6</rating>
		<releasedate>19981028T000000</releasedate>
		<developer>SNK</developer>
		<publisher>SNK</publisher>
		<genre>Deportes / Fútbol</genre>
		<players>2</players>
	</game>
	<game>
		<path>./Pocket Tennis - Pocket Sports Series (Japan, Europe) (En,Ja).ngp</path>
		<name>Pocket Tennis</name>
		<desc>Pocket Tennis dispone de dos modos: Exposición y Torneo.

Exposición es un solo partido contra computadora o oponente humano (requiere cable de enlace). Existen ocho personajes jugadores con diferentes habilidades (el jugador humano también debe seleccionar uno de esos ocho personajes) y cuatro (cinco en la versión en color) diferentes. También se puede seleccionar la cantidad de juegos por juego (1, 3 o 5).

El torneo es solo en contra de la computadora. El jugador humano puede elegir su personaje pero no el oponente de la computadora. Además, falta la selección de cantidades pequeñas y cortas. Se jugarán tres juegos: cuarto y semifinales y carrera final.</desc>
		<image>./images/Pocket Tennis - Pocket Sports Series (Japan, Europe) (En,Ja)-image.png</image>
		<marquee>./images/Pocket Tennis - Pocket Sports Series (Japan, Europe) (En,Ja)-marquee.png</marquee>
		<thumbnail>./images/Pocket Tennis - Pocket Sports Series (Japan, Europe) (En,Ja)-thumb.png</thumbnail>
		<rating>0.65</rating>
		<releasedate>19981028T000000</releasedate>
		<developer>Yumekobo</developer>
		<publisher>SNK</publisher>
		<genre>Deportes</genre>
		<players>2</players>
	</game>
	<game>
		<path>./Renketsu Puzzle Tsunagete Pon! (Japan).ngp</path>
		<name>Puzzle Link</name>
		<desc>Renketsu Puzzle Tsunagete Pon! es un juego donde los bloques deben ser disueltos. Nuevos bloques que se desplazan constantemente a través de la pantalla desde la parte superior.</desc>
		<image>./images/Renketsu Puzzle Tsunagete Pon! (Japan)-image.png</image>
		<marquee>./images/Renketsu Puzzle Tsunagete Pon! (Japan)-marquee.png</marquee>
		<thumbnail>./images/Renketsu Puzzle Tsunagete Pon! (Japan)-thumb.png</thumbnail>
		<rating>0.75</rating>
		<releasedate>19981028T000000</releasedate>
		<developer>Yumekobo</developer>
		<publisher>SNK</publisher>
		<genre>Puzzle</genre>
		<players>2</players>
	</game>
	<game>
		<path>./Shougi no Tatsujin (Japan).ngp</path>
		<name>Shougi No Tatsujin</name>
		<desc>Shogi es el equivalente japonés de ajedrez. De hecho, como en el ajedrez, ¡el objetivo del juego es someter al rey enemigo! Sin embargo, hay varias diferencias entre el Shogi y nuestro juego de ajedrez, ya sea en la naturaleza de las piezas, sus posiciones o sus movimientos.</desc>
		<image>./images/Shougi no Tatsujin (Japan)-image.png</image>
		<marquee>./images/Shougi no Tatsujin (Japan)-marquee.png</marquee>
		<thumbnail>./images/Shougi no Tatsujin (Japan)-thumb.png</thumbnail>
		<releasedate>19981120T000000</releasedate>
		<developer>ADK</developer>
		<publisher>SNK</publisher>
		<genre>Juegos de mesa asiático</genre>
		<players>2</players>
		<playcount>1</playcount>
		<lastplayed>20210909T233100</lastplayed>
		<gametime>14</gametime>
		<lang>jp</lang>
		<region>jp</region>
	</game>
	<game>
		<path>./Samurai Shodown! - Pocket Fighting Series (Japan, Europe) (En,Ja).ngp</path>
		<name>Samurai Shodown!</name>
		<desc>Samurai Shodown! Pocket es esencialmente una versión "de bolsillo" de Samurai Shodown 4. Al igual que el resto de los juegos de lucha en el Neo Geo Pocket, los personajes se dibujan en estilo chibi súper-deformado (cabezas grandes y cuerpos pequeños). Este título es también uno de los primeros juegos para el Neo Geo Pocket, por lo que el juego fue solo en blanco y negro ... irónicamente apto para un juego "samurai". El estilo de arte está definitivamente en el lado "cursi" y es muy diferente a cualquier otro juego de Samurai Shodown anterior, pero puede crecer en ti si le das una oportunidad.

El clásico juego de Samurai Shodown dio el salto al diseño de la computadora de mano bastante bien, pero no es tan suave como el clásico de Neo Geo. El juego es particularmente más lento y muy simplificado en esta versión. Los personajes conservan su juego y el juego se ha ido mucho. Básicamente es un juego nuevo, no es nada espectacular, pero es divertido para un título portátil.</desc>
		<image>./images/Samurai Shodown! - Pocket Fighting Series (Japan, Europe) (En,Ja)-image.png</image>
		<marquee>./images/Samurai Shodown! - Pocket Fighting Series (Japan, Europe) (En,Ja)-marquee.png</marquee>
		<thumbnail>./images/Samurai Shodown! - Pocket Fighting Series (Japan, Europe) (En,Ja)-thumb.png</thumbnail>
		<rating>0.8</rating>
		<releasedate>19980101T000000</releasedate>
		<developer>Saurus</developer>
		<publisher>SNK</publisher>
		<genre>Lucha</genre>
		<playcount>1</playcount>
		<lastplayed>20220318T095021</lastplayed>
		<lang>jp,en</lang>
		<region>jp</region>
	</game>
	<game>
		<path>./Dokodemo Mahjong (Japan).ngp</path>
		<name>Doko Demo Mahjong</name>
		<desc>Doko Demo Mahjong es un juego misceláneo, desarrollado y publicado por ADK, que fue lanzado en Japón en 1999.
Juego de Mahjong en el que participas en partidas de 4 jugadores y juegas por dinero. El juego termina una vez que se agota nuestra bodega inicial.</desc>
		<image>./images/Dokodemo Mahjong (Japan)-image.png</image>
		<marquee>./images/Dokodemo Mahjong (Japan)-marquee.png</marquee>
		<thumbnail>./images/Dokodemo Mahjong (Japan)-thumb.png</thumbnail>
		<rating>0.6</rating>
		<releasedate>19990429T000000</releasedate>
		<developer>ADK</developer>
		<publisher>ADK</publisher>
		<genre>Juegos de mesa asiático</genre>
		<playcount>3</playcount>
		<lastplayed>20220427T230031</lastplayed>
		<lang>jp</lang>
		<region>jp</region>
	</game>
	<game>
		<path>./King of Fighters R-1 (Japan, Europe) (En,Ja).ngp</path>
		<name>King of Fighters - R-1</name>
		<desc>The King of Fighters: R1 marca la primera vez que SNK lleva la serie KOF a una consola portátil, y ¿qué mejor sistema que su propio Neo Geo Pocket para hacer eso? 14 de los personajes más conocidos de KOF hacen su aparición en KOF: R-1, junto con algunos fondos reconocibles y características de juego basadas en The King of Fighters '97. Los jugadores pueden elegir modos de juego "Extra" y "Avanzado" similares a KOF '97, y la mayoría de los personajes juegan de cerca a sus versiones originales.</desc>
		<image>./images/King of Fighters R-1 (Japan, Europe) (En,Ja)-image.png</image>
		<marquee>./images/King of Fighters R-1 (Japan, Europe) (En,Ja)-marquee.png</marquee>
		<thumbnail>./images/King of Fighters R-1 (Japan, Europe) (En,Ja)-thumb.png</thumbnail>
		<rating>0.85</rating>
		<releasedate>19981028T000000</releasedate>
		<developer>SNK</developer>
		<publisher>SNK</publisher>
		<genre>Lucha</genre>
		<players>2</players>
		<lang>jp,en</lang>
		<region>jp</region>
	</game>
	<game>
		<path>./Melon-chan no Seichou Nikki (Japan).ngp</path>
		<name>Melon Chan's Growth Diary</name>
		<desc>Melon-chan no Seichouki es un juego de simulación de vida similar al Tamagotchi y otros juegos de simulación de vida virtual. En este juego, el jugador cría y alimenta a la niña Melon Chan. El juego fue lanzado solo en Japón y fue uno de los primeros títulos que se lanzaron en el Neo Geo Pocket.</desc>
		<image>./images/Melon-chan no Seichou Nikki (Japan)-image.png</image>
		<marquee>./images/Melon-chan no Seichou Nikki (Japan)-marquee.png</marquee>
		<thumbnail>./images/Melon-chan no Seichou Nikki (Japan)-thumb.png</thumbnail>
		<rating>0.5</rating>
		<releasedate>19981028T000000</releasedate>
		<developer>ADK</developer>
		<publisher>SNK</publisher>
		<genre>Simulación</genre>
		<lang>jp</lang>
		<region>jp</region>
	</game>
	<game>
		<path>./Neo Cherry Master - Real Casino Series (Japan, Europe) (En,Ja).ngp</path>
		<name>Neo Cherry Master - Real Casino Series</name>
		<desc>Neo Cherry master es un juego de casino en el que el jugador inserta fichas virtuales</desc>
		<image>./images/Neo Cherry Master - Real Casino Series (Japan, Europe) (En,Ja)-image.png</image>
		<marquee>./images/Neo Cherry Master - Real Casino Series (Japan, Europe) (En,Ja)-marquee.png</marquee>
		<thumbnail>./images/Neo Cherry Master - Real Casino Series (Japan, Europe) (En,Ja)-thumb.png</thumbnail>
		<releasedate>19981225T000000</releasedate>
		<developer>Dyna Corporation</developer>
		<publisher>SNK</publisher>
		<genre>Casino / Máquina tragaperras</genre>
		<lang>jp,en</lang>
		<region>jp</region>
	</game>
</gameList>
