<?xml version="1.0"?>
<gameList>
	<game>
		<path>./Bedlam (USA, Europe).vec</path>
		<name>Bedlam</name>
		<desc>Su galaxia natal ha sido invadida por colonos extranjeros que esperan poder reclamar como suyos todos los mundos habitados, A usted le ha sido confiada la protección de sus vecinos galácticos de los invasores. Al hacer blanco, su asombroso cañón antimolecular transporta a los extranjeros a millones de años-luz desde donde ya no causarán más estragos. Pero cuidado, los invasores se torman cada vez más implacables.</desc>
		<image>./images/Bedlam (USA, Europe)-image.png</image>
		<marquee>./images/Bedlam (USA, Europe)-marquee.png</marquee>
		<thumbnail>./images/Bedlam (USA, Europe)-thumb.png</thumbnail>
		<rating>0.7</rating>
		<releasedate>19820101T000000</releasedate>
		<developer>GCE</developer>
		<publisher>Milton Bradley Co.</publisher>
		<genre>Shooter</genre>
		<players>2</players>
		<lang>en</lang>
		<region>eu</region>
	</game>
	<game>
		<path>./Berzerk (World).vec</path>
		<name>Berzerk</name>
		<desc>Conduzca a su humanoide a través de los laberintos electrificados de compartimentos poblados de robots. Podrás matar al primer grupo de robots, pero el éxito inicial no significa la supervivencia... nuevos grupos de robots empezarán a dispararle. Un peligro adicional le espera cuando entra Otto el Malo. El puede saltar sobre las paredes del laberinto y aplastarle si permanece demasiado tiempo en un mismo sitio.</desc>
		<image>./images/Berzerk (World)-image.png</image>
		<marquee>./images/Berzerk (World)-marquee.png</marquee>
		<thumbnail>./images/Berzerk (World)-thumb.png</thumbnail>
		<rating>0.75</rating>
		<releasedate>19820101T000000</releasedate>
		<developer>Stern Electronics, Inc.</developer>
		<publisher>GCE</publisher>
		<genre>Acción</genre>
		<players>2</players>
		<lang>en</lang>
		<region>wr</region>
	</game>
	<game>
		<path>./Blitz! - Action Football (USA, Europe) (0F11CE0C).vec</path>
		<name>Blitz! - Action Football</name>
		<desc>Métase en el mundo rudo y veloz del fútbol americano. Experimente toda la emoción de un verdadero partido como jugador estrella de su equipo. equipo. Corra, pase, chute y cree goles... esforzándose por marcar tantos. Juegue contra la enconada defensa del computador o rete a un jugador contrario a un verdadero desafío.</desc>
		<image>./images/Blitz! - Action Football (USA, Europe) (0F11CE0C)-image.png</image>
		<marquee>./images/Blitz! - Action Football (USA, Europe) (0F11CE0C)-marquee.png</marquee>
		<thumbnail>./images/Blitz! - Action Football (USA, Europe) (0F11CE0C)-thumb.png</thumbnail>
		<rating>0.7</rating>
		<releasedate>19820101T000000</releasedate>
		<developer>GCE</developer>
		<publisher>GCE</publisher>
		<genre>Deportes / Fútbol americano</genre>
		<players>2</players>
		<lang>en</lang>
		<region>eu</region>
	</game>
	<game>
		<path>./Clean Sweep (World).vec</path>
		<name>Clean Sweep</name>
		<desc>Ladrones malignos acaban de volar su banco. Como director del banco sólo cuenta con una aspiradora para recoger el dinero esparcido entre los escombros antes de que los ladrones le destruyan a usted. Los ladrones se ponen cada vez más nerviosos. Pero... para mayor reto o dificultad, desconecte las luces de los corredores del banco y recoja el dinero a ciegas.</desc>
		<image>./images/Clean Sweep (World)-image.png</image>
		<marquee>./images/Clean Sweep (World)-marquee.png</marquee>
		<thumbnail>./images/Clean Sweep (World)-thumb.png</thumbnail>
		<rating>0.55</rating>
		<releasedate>19820101T000000</releasedate>
		<developer>GCE</developer>
		<publisher>GCE</publisher>
		<genre>Acción</genre>
		<players>2</players>
		<lang>en</lang>
		<region>wr</region>
	</game>
	<game>
		<path>./Cosmic Chasm (World).vec</path>
		<name>Cosmic Chasm</name>
		<desc>¿Podrá usted salvar la galaxia haciendo estallar un planeta habitado por enemigos, y salir del planeta antes de estallar con él? Debe encontrar el camino a través de un profundo laberinto subterráneo mientras lucha contra los defensores del planeta. Si logra llegar al centro, ponga su bomba e intente encontrar la salida. Es cuestión de segundos antes de que el planeta estalle.</desc>
		<image>./images/Cosmic Chasm (World)-image.png</image>
		<marquee>./images/Cosmic Chasm (World)-marquee.png</marquee>
		<thumbnail>./images/Cosmic Chasm (World)-thumb.png</thumbnail>
		<rating>0.75</rating>
		<releasedate>19820101T000000</releasedate>
		<developer>GCE</developer>
		<publisher>Milton Bradley Co.</publisher>
		<genre>Shooter</genre>
		<players>2</players>
		<lang>en</lang>
		<region>wr</region>
	</game>
	<game>
		<path>./Fortress of Narzod (USA, Europe).vec</path>
		<name>Fortress of Narzod</name>
		<desc>Hace muchos años, en tiempos de magia y aventuras, el terrible mago Narzod logró el poder para esclavizar a toda la humanidad haciéndose con la supremacía de la tierra quitándosela a los buenos magos. Usted es el único mago bueno que permanece, y tiene sabiduría para encausar las fuerzas del bien y destruir la siniestra Fortaleza de Narzod. Pero su reino lo guarda con las mortíferas criaturas de las tinieblas. Cuídese del Lanzador Místico al acercarse a la Fortaleza de Narzod. ¡Una gran aventura!</desc>
		<image>./images/Fortress of Narzod (USA, Europe)-image.png</image>
		<marquee>./images/Fortress of Narzod (USA, Europe)-marquee.png</marquee>
		<thumbnail>./images/Fortress of Narzod (USA, Europe)-thumb.png</thumbnail>
		<rating>0.8</rating>
		<releasedate>19820101T000000</releasedate>
		<developer>GCE</developer>
		<publisher>GCE</publisher>
		<genre>Shooter / Vehículo, Diagonal</genre>
		<players>2</players>
		<lang>en</lang>
		<region>eu</region>
	</game>
	<game>
		<path>./Heads-Up - Action Soccer (USA).vec</path>
		<name>Heads Up: Action Soccer</name>
		<desc>Acepte el último reto de fútbol... sin levantarse de su silla. Juegue con un amigo o enfréntese a la computadora en un partido lleno de acción en la cual necesitará la concentración, la estrategia y las rápidas reacciones de los grandes futbolistas. Prepárese para el gran partido. ¡Usted es el capitán del equipo!</desc>
		<image>./images/Heads-Up - Action Soccer (USA)-image.png</image>
		<marquee>./images/Heads-Up - Action Soccer (USA)-marquee.png</marquee>
		<thumbnail>./images/Heads-Up - Action Soccer (USA)-thumb.png</thumbnail>
		<releasedate>19830101T000000</releasedate>
		<developer>GCE</developer>
		<publisher>Milton Bradley Co.</publisher>
		<genre>Deportes / Fútbol</genre>
		<players>2</players>
		<lang>en</lang>
		<region>us</region>
	</game>
	<game>
		<path>./HyperChase - Auto Race (World).vec</path>
		<name>HyperChase - Auto Race</name>
		<desc>¡Cuidado con las barreras! Está usted al volante de su coche fórmula uno, a punto de empezar el Grand Prix, la carrera más difícil y dura del mundo. Conduzca a través de sus cuatro marchas mientras intenta sobrevivir a través de las calles de la ciudad y los caminos del campo. Acelere a fondo su motor. La cuenta atrás ya ha empezado.</desc>
		<image>./images/HyperChase - Auto Race (World)-image.png</image>
		<marquee>./images/HyperChase - Auto Race (World)-marquee.png</marquee>
		<thumbnail>./images/HyperChase - Auto Race (World)-thumb.png</thumbnail>
		<rating>0.7</rating>
		<releasedate>19820101T000000</releasedate>
		<developer>GCE</developer>
		<publisher>GCE</publisher>
		<genre>Carreras, Conducción</genre>
		<players>2</players>
		<lang>en</lang>
		<region>wr</region>
	</game>
	<game>
		<path>./Mine Storm (World).vec</path>
		<name>Mine Storm</name>
		<desc>El juego comienza con un gran barco enemigo lanzando minas al campo mientras suena un siniestro tintineo, y se mueve desde la parte superior a la parte inferior de la pantalla, donde desaparece. La nave del jugador comienza en el medio del campo con 5 vidas. Numerosas minas comienzan a aparecer. El jugador debe destruir todas las minas para avanzar al siguiente campo minado. Todas las minas se pueden destruir con un solo disparo, o golpear con la nave del jugador, lo que le cuesta la vida al jugador. Hay 4 tipos de minas.</desc>
		<image>./images/Mine Storm (World)-image.png</image>
		<marquee>./images/Mine Storm (World)-marquee.png</marquee>
		<thumbnail>./images/Mine Storm (World)-thumb.png</thumbnail>
		<releasedate>19820101T000000</releasedate>
		<developer>GCE</developer>
		<publisher>GCE</publisher>
		<genre>Shooter</genre>
		<players>2</players>
		<lang>en</lang>
		<region>wr</region>
	</game>
	<game>
		<path>./Mine Storm II (USA) (Rev 2).vec</path>
		<name>Mine Storm II</name>
		<desc>¡Vete con cuidado! Los carriles de transporte del espacio intergaláctico han sido sembrados con minas de una nave alienígena. ¡Usa tu desintegrador destructor de minas para volar las minas antes de que te aniquilen! Puede sobrevivir a las minas flotantes, pero tenga cuidado con las minas magnéticas de bola de fuego, magnéticas y traicioneras. . . ¡13 campos, cada uno más difícil, te esperan!</desc>
		<image>./images/Mine Storm II (USA) (Rev 2)-image.png</image>
		<marquee>./images/Mine Storm II (USA) (Rev 2)-marquee.png</marquee>
		<thumbnail>./images/Mine Storm II (USA) (Rev 2)-thumb.png</thumbnail>
		<releasedate>19830101T000000</releasedate>
		<developer>GCE</developer>
		<publisher>GCE</publisher>
		<genre>Shooter</genre>
		<players>2</players>
		<lang>en</lang>
		<region>us</region>
	</game>
	<game>
		<path>./Polar Rescue (USA).vec</path>
		<name>Polar Rescue</name>
		<desc>Viaje a las aguas heladas debajo del Polo Norte. Como comandante de un submarino poderoso y altamente maniobrable, debes rescatar a los sobrevivientes de una expedición desafortunada.

¡Busca a los sobrevivientes en la pantalla de tu sonar y pilota tu submarino para rescatarlos! ¡Para completar tu misión, debes evitar campos minados mortales, submarinos enemigos y el terror de la vorágine! ¡Controle su suministro de oxígeno cuidadosamente y apúrate! ¡Hay vidas en juego!</desc>
		<image>./images/Polar Rescue (USA)-image.png</image>
		<marquee>./images/Polar Rescue (USA)-marquee.png</marquee>
		<thumbnail>./images/Polar Rescue (USA)-thumb.png</thumbnail>
		<rating>0.75</rating>
		<releasedate>19830101T000000</releasedate>
		<developer>GCE</developer>
		<publisher>GCE</publisher>
		<genre>Shooter</genre>
		<players>2</players>
		<lang>en</lang>
		<region>us</region>
	</game>
	<game>
		<path>./Pole Position (USA) (A00ED3D6).vec</path>
		<name>Pole Position</name>
		<desc>¡El espectacular juego de arcade, Pole Position, adquiere una nueva y emocionante mirada a través de la magia de Vectrex! ¡Experimenta todo el desafío de un evento de carreras de Grand Prix con una acción continua que te dejará sin aliento!
¿Posees la habilidad, la destreza y el coraje para retirarte de la multitud para clasificarte en una de las posiciones iniciales exclusivas ... o terminarás como un corredor?</desc>
		<image>./images/Pole Position (USA) (A00ED3D6)-image.png</image>
		<marquee>./images/Pole Position (USA) (A00ED3D6)-marquee.png</marquee>
		<thumbnail>./images/Pole Position (USA) (A00ED3D6)-thumb.png</thumbnail>
		<rating>0.8</rating>
		<releasedate>19830101T000000</releasedate>
		<developer>Namco</developer>
		<publisher>GCE</publisher>
		<genre>Carreras 3ª persona</genre>
		<lang>en</lang>
		<region>us</region>
	</game>
	<game>
		<path>./Rip Off (World).vec</path>
		<name>Rip-Off</name>
		<desc>Cuídese de los piratas saqueadores que intentan robarle sus valiosos tanques de combustible. Cuantos más piratas destruyas, más rápidos serán los que los sustituyan. Cuide bien sus tanques de combustible... siempre estará en desventaja numérica.</desc>
		<image>./images/Rip Off (World)-image.png</image>
		<marquee>./images/Rip Off (World)-marquee.png</marquee>
		<thumbnail>./images/Rip Off (World)-thumb.png</thumbnail>
		<rating>0.5</rating>
		<releasedate>19820101T000000</releasedate>
		<developer>Cinematronics</developer>
		<publisher>GCE</publisher>
		<genre>Shooter</genre>
		<players>2</players>
		<lang>en</lang>
		<region>wr</region>
	</game>
	<game>
		<path>./Scramble (USA, Europe).vec</path>
		<name>Scramble</name>
		<desc>Cuidado con la próxima montaña. Conduzca su nave sobre terreno escarpado en un esfuerzo de destruir la base enemiga. Pilotar con destreza solamente no le llevará a su destino... Debe desafiar cohetes, OVNIs incendiarios, y unos túneles muy estrechos. Pocas personas han visto la base enemiga, y menos aún han logrado destruirla. ¿Será usted uno de los pocos elegidos?</desc>
		<image>./images/Scramble (USA, Europe)-image.png</image>
		<marquee>./images/Scramble (USA, Europe)-marquee.png</marquee>
		<thumbnail>./images/Scramble (USA, Europe)-thumb.png</thumbnail>
		<rating>0.8</rating>
		<releasedate>19820101T000000</releasedate>
		<developer>Konami</developer>
		<publisher>GCE</publisher>
		<genre>Shooter / Vehículo, Horizontal</genre>
		<players>2</players>
		<lang>en</lang>
		<region>eu</region>
	</game>
	<game>
		<path>./Solar Quest (World).vec</path>
		<name>Solar Quest</name>
		<desc>¿Cuántos tipos de naves enemigas podrá destruir? Siete tipos distintos de naves le persiguen. Primero debe destruir las naves, y luego intentar rescatar los supervivientes antes de que "floten" hasta el sol. Pero no se acerquen demasiado al sol... Sus altas temperaturas pueden destruirle a usted.</desc>
		<image>./images/Solar Quest (World)-image.png</image>
		<marquee>./images/Solar Quest (World)-marquee.png</marquee>
		<thumbnail>./images/Solar Quest (World)-thumb.png</thumbnail>
		<rating>0.75</rating>
		<releasedate>19820101T000000</releasedate>
		<developer>GCE</developer>
		<publisher>GCE</publisher>
		<genre>Shooter</genre>
		<players>2</players>
		<lang>en</lang>
		<region>wr</region>
	</game>
	<game>
		<path>./Space Wars (World).vec</path>
		<name>Space Wars</name>
		<desc>Quién dice que no hay reglas en la guerra intergaláctica. Elija su propio rebote, universo expandido, agujero negro, mientras se embarca en una pelea de perros mortal.</desc>
		<image>./images/Space Wars (World)-image.png</image>
		<marquee>./images/Space Wars (World)-marquee.png</marquee>
		<thumbnail>./images/Space Wars (World)-thumb.png</thumbnail>
		<rating>0.75</rating>
		<releasedate>19820101T000000</releasedate>
		<developer>Cinematronics</developer>
		<publisher>GCE</publisher>
		<genre>Shooter</genre>
		<players>2</players>
		<lang>en</lang>
		<region>wr</region>
	</game>
	<game>
		<path>./Spike (USA, Europe).vec</path>
		<name>Spike</name>
		<desc>El villano Spud ha raptado a la bella Molly, nuestra heroína, y la tiene secuestrada en su escondite secreto "¡Eek, help (socorro), Spike!"
Nuestro valiente héroe,Spike, el gran amor de Molly, corre a rescatarla. Spike dependerá de usted, de su habilidad y su sentido del tiempo para ayudarle en su rescate. Evite los secuaces peligrosos cuando conduzca a Spike por el azaroso camino del escondite de Spud. Si tiene éxito, Spike rescatará a Molly y los dos vivirán felices para siempre... hasta que Spud ataque de nuevo. "¡Oh, no!"</desc>
		<image>./images/Spike (USA, Europe)-image.png</image>
		<marquee>./images/Spike (USA, Europe)-marquee.png</marquee>
		<thumbnail>./images/Spike (USA, Europe)-thumb.png</thumbnail>
		<rating>0.75</rating>
		<releasedate>19820101T000000</releasedate>
		<developer>GCE</developer>
		<publisher>GCE</publisher>
		<genre>Plataforma</genre>
		<players>2</players>
		<lang>en</lang>
		<region>eu</region>
	</game>
	<game>
		<path>./Spin ball (USA).vec</path>
		<name>Spin Ball</name>
		<desc>Prepárese para más emoción y acciones más rápidas que en el juego tradicional de Pinball de las máquinas recreativas. Las características especiales de  Flipper-Pinball, como el lanza-bolas, blancos que caen y recupera-bolas le brindarán lo más avanzado en retos del Pinball. ¡Hasta se inclina! La acción es rápida y fantástica. Necesitará sus mejores reflejos para mantener la bola en juego y acumular puntos de bonificación. ¡Un reto de tanteo!</desc>
		<image>./images/Spin ball (USA)-image.png</image>
		<marquee>./images/Spin ball (USA)-marquee.png</marquee>
		<thumbnail>./images/Spin ball (USA)-thumb.png</thumbnail>
		<releasedate>19830101T000000</releasedate>
		<developer>GCE</developer>
		<publisher>GCE</publisher>
		<genre>Pinball</genre>
		<players>2</players>
		<lang>en</lang>
		<region>us</region>
	</game>
	<game>
		<path>./Star Castle (USA).vec</path>
		<name>Star Castle</name>
		<desc>La leyenda del Castillo de Inicio es realmente famosa: una misteriosa fortaleza en una galaxia muy lejana llena de riquezas increíbles y rodeada de Wats giratorios de oro sólido brillante. Sin embargo, nadie, hasta ahora, ha visto el Castillo, ¡ni ha vivido para contarlo!
A medida que te acercas, te abruma la belleza del castillo, pero de repente te das cuenta de que los Wats dorados esconden un arsenal mortal. Para sobrevivir debes destruir los Wats y el poderoso cañón de energía que protegen. Quizás serás el primero en sobrevivir al arsenal del Castillo de las Estrellas y demostrar que la leyenda es verdadera. ¡Tal vez no!</desc>
		<image>./images/Star Castle (USA)-image.png</image>
		<marquee>./images/Star Castle (USA)-marquee.png</marquee>
		<thumbnail>./images/Star Castle (USA)-thumb.png</thumbnail>
		<rating>0.75</rating>
		<releasedate>19830101T000000</releasedate>
		<developer>Cinematronics</developer>
		<publisher>GCE</publisher>
		<genre>Shooter</genre>
		<players>2</players>
		<lang>en</lang>
		<region>us</region>
	</game>
	<game>
		<path>./Star Ship (Europe).vec</path>
		<name>Star Trek: The Motion Picture</name>
		<desc>Bienvenido, capitán, al mando de Starship. Su misión es buscar y destruir la nave nodriza enemiga. Viaje a través de los nueve sectores del espacio, cada uno más peligroso que el anterior, o tome un atajo a través de un agujero negro. Cuidado... Los enemigos están escondidos en el espacio, esperando para destruirle en cada momento.</desc>
		<image>./images/Star Ship (Europe)-image.png</image>
		<marquee>./images/Star Ship (Europe)-marquee.png</marquee>
		<thumbnail>./images/Star Ship (Europe)-thumb.png</thumbnail>
		<rating>0.8</rating>
		<releasedate>19820101T000000</releasedate>
		<developer>GCE</developer>
		<publisher>GCE</publisher>
		<genre>Shooter / Vehículo 1ª persona</genre>
		<players>2</players>
		<lang>en</lang>
		<region>eu</region>
	</game>
	<game>
		<path>./Star Trek - The Motion Picture (USA).vec</path>
		<name>Star Trek: The Motion Picture</name>
		<desc>Bienvenido, capitán, al mando de Starship. Su misión es buscar y destruir la nave nodriza enemiga. Viaje a través de los nueve sectores del espacio, cada uno más peligroso que el anterior, o tome un atajo a través de un agujero negro. Cuidado... Los enemigos están escondidos en el espacio, esperando para destruirle en cada momento.</desc>
		<image>./images/Star Trek - The Motion Picture (USA)-image.png</image>
		<marquee>./images/Star Trek - The Motion Picture (USA)-marquee.png</marquee>
		<thumbnail>./images/Star Trek - The Motion Picture (USA)-thumb.png</thumbnail>
		<rating>0.8</rating>
		<releasedate>19820101T000000</releasedate>
		<developer>GCE</developer>
		<publisher>GCE</publisher>
		<genre>Shooter / Vehículo 1ª persona</genre>
		<players>2</players>
		<lang>en</lang>
		<region>us</region>
	</game>
	<game>
		<path>./StarHawk (World).vec</path>
		<name>Star Hawk</name>
		<desc>Abróchese el cinturón... usted es el piloto que defiende la soberanía de su planeta. No parpadee... podría pasarle por desapercibida una nave enemiga.</desc>
		<image>./images/StarHawk (World)-image.png</image>
		<marquee>./images/StarHawk (World)-marquee.png</marquee>
		<thumbnail>./images/StarHawk (World)-thumb.png</thumbnail>
		<rating>0.65</rating>
		<releasedate>19820101T000000</releasedate>
		<developer>Cinematronics</developer>
		<publisher>GCE</publisher>
		<genre>Shooter / Vehículo 1ª persona</genre>
		<players>2</players>
		<lang>en</lang>
		<region>wr</region>
	</game>
	<game>
		<path>./WebWarp (Europe).vec</path>
		<name>Web Warp</name>
		<desc>Intérnese en una galaxia del futuro llena de aventura y peligro - una galaxia distinta a cualquiera que haya imaginado anteriormente. Usted se transforma en el Halcón Rey - un personaje capaz de ostentar una velocidad y fuerza increíble - al intentar capturar las criaturas que habitan la veloz Red de Fantasía. Las 20 criaturas están protegidas por guardianes y el temible Dragón Cósmico. Cada una será progresivamente más difícil de capturar. ¿Será usted uno de los pocos que logren capturar la huidiza criatura 20? ¡Inténtelo!</desc>
		<image>./images/WebWarp (Europe)-image.png</image>
		<marquee>./images/WebWarp (Europe)-marquee.png</marquee>
		<thumbnail>./images/WebWarp (Europe)-thumb.png</thumbnail>
		<rating>0.8</rating>
		<releasedate>19820101T000000</releasedate>
		<developer>GCE</developer>
		<publisher>GCE</publisher>
		<genre>Shooter / Vehículo, Diagonal</genre>
		<players>2</players>
		<lang>en</lang>
		<region>eu</region>
	</game>
	<game>
		<path>./Armor..Attack (World).vec</path>
		<name>Armor Attack</name>
		<desc>Conduzca su jeep a través de las calles y callejones de un pueblo ocupado militarmente. Escóndase de los tanques enemigos tras los edificios y lance su propio ataque sorpresa. Aumente sus posibilidades de sobrevivir jugando con un compañero. Protéjase del helicóptero que le sobrevuela... no hay sitio a salvo de este enemigo.</desc>
		<image>./images/Armor..Attack (World)-image.png</image>
		<marquee>./images/Armor..Attack (World)-marquee.png</marquee>
		<thumbnail>./images/Armor..Attack (World)-thumb.png</thumbnail>
		<rating>0.75</rating>
		<releasedate>19820101T000000</releasedate>
		<developer>Cinematronics</developer>
		<publisher>GCE</publisher>
		<genre>Shooter / Vehículo, 3ª persona</genre>
		<players>2</players>
		<playcount>4</playcount>
		<lastplayed>20220811T184708</lastplayed>
		<gametime>21</gametime>
		<lang>en</lang>
		<region>wr</region>
	</game>
</gameList>
