<?xml version="1.0"?>
<gameList>
	<game>
		<path>./Galactic Pinball.vb</path>
		<name>Galactic Pinball</name>
		<desc>Galactic Pinbal es un juego de pinball 3D en un ambiente espacial. Hay 4 mesas espaciales diferentes que puedes elegir, más un juego de bonificación. Haz rebotar la bola para destruir las naves alienígenas y así salvar el mundo.</desc>
		<image>./images/Galactic Pinball-image.png</image>
		<marquee>./images/Galactic Pinball-marquee.png</marquee>
		<thumbnail>./images/Galactic Pinball-thumb.png</thumbnail>
		<rating>0.8</rating>
		<releasedate>19950814T000000</releasedate>
		<developer>Intelligent Systems</developer>
		<publisher>Nintendo</publisher>
		<genre>Pinball</genre>
	</game>
	<game>
		<path>./Golf.vb</path>
		<name>Golf</name>
		<desc>Juega un circuito de 18 hoyos en este juego de golf en 3D. Elije tu club, ten en cuenta el viento y las condiciones del recorrido, oscila mirando el medidor. Ten cuidado con los peligros de este circuito, ya que desafiará a jugadores de todos los niveles.</desc>
		<image>./images/Golf-image.png</image>
		<marquee>./images/Golf-marquee.png</marquee>
		<thumbnail>./images/Golf-thumb.png</thumbnail>
		<rating>0.85</rating>
		<releasedate>19951101T000000</releasedate>
		<developer>Technical Engineering Support</developer>
		<publisher>Nintendo</publisher>
		<genre>Deportes</genre>
	</game>
	<game>
		<path>./Insane Mouse Mansion.vb</path>
		<name>Insmouse No Yakata</name>
		<desc>Innsmouth no Yakata es un shooter videojuego lanzado en 1995 sobre Virtual Boy. El objetivo es encontrar la salida de un laberinto de pasillos con puertas sólidas monstruos en un período determinado de tiempo. Para la defensa contra los monstruos, nuestro héroe está armado con una pistola.</desc>
		<image>./images/Insane Mouse Mansion-image.png</image>
		<marquee>./images/Insane Mouse Mansion-marquee.png</marquee>
		<thumbnail>./images/Insane Mouse Mansion-thumb.png</thumbnail>
		<rating>0.5</rating>
		<releasedate>19951013T000000</releasedate>
		<developer>Betop</developer>
		<publisher>I'Max</publisher>
		<genre>Lightgun Shooter</genre>
	</game>
	<game>
		<path>./Jack Bros.vb</path>
		<name>Jack Bros.</name>
		<desc>Una vez al año, en Halloween, se abre el portal entre el mundo de las hadas y el mundo de los humanos, lo que permite que las hadas vengan a visitar a los niños por un día. Sin embargo, deben regresar a casa antes del final del día; de lo contrario, nunca más podrán volver al Mundo de las Hadas. Depende de ti llevar a Jack a casa antes de que termine Halloween.</desc>
		<image>./images/Jack Bros-image.png</image>
		<marquee>./images/Jack Bros-marquee.png</marquee>
		<thumbnail>./images/Jack Bros-thumb.png</thumbnail>
		<rating>0.8</rating>
		<releasedate>19951030T000000</releasedate>
		<developer>Atlus</developer>
		<publisher>Atlus</publisher>
		<genre>Aventura</genre>
	</game>
	<game>
		<path>./Mario Clash.vb</path>
		<name>Mario Clash</name>
		<desc>Este juego es esencialmente una secuela de un solo jugador de Mario Bros. Mientras que los juegos de Super Mario Advance contendrían una versión mejorada de Mario Bros., Mario Clash contiene muchas más adiciones y cambios en el juego.

Como antes, el objetivo es limpiar una pantalla de enemigos y pasar al siguiente nivel. Sin embargo, en lugar de hacer esto volteando a un enemigo desde abajo y pateándolos, les arrojas proyectiles. Además, aprovechando la profundidad adicional de Virtual Boy, hay un área frontal y una zona posterior que se puede recorrer a través de las tuberías. Las proyectiles también pueden arrojarse contra los enemigos en la otra área de profundidad.</desc>
		<image>./images/Mario Clash-image.png</image>
		<marquee>./images/Mario Clash-marquee.png</marquee>
		<thumbnail>./images/Mario Clash-thumb.png</thumbnail>
		<rating>0.6</rating>
		<releasedate>19950101T000000</releasedate>
		<developer>Nintendo</developer>
		<publisher>Nintendo</publisher>
		<genre>Plataforma</genre>
	</game>
	<game>
		<path>./Mario's Tennis.vb</path>
		<name>Mario's Tennis</name>
		<desc>En Mario Tennis puedes elegir entre siete personajes diferentes, (Mario, Luigi, Princesa Toadstool, Yoshi, Toad, Koopa Troopa y Donkey Kong Jr.) todos con diferentes niveles de habilidad, para jugar uno contra el otro en partidos individuales o de dobles. También puedes jugar en un modo de exhibición o torneo.

En el modo regular, juegas contra un oponente que eliges para una o tres rondas.

En el modo torneo, puedes jugar contra otros tres en un torneo para ver quién es el mejor!.</desc>
		<image>./images/Mario's Tennis-image.png</image>
		<marquee>./images/Mario's Tennis-marquee.png</marquee>
		<thumbnail>./images/Mario's Tennis-thumb.png</thumbnail>
		<rating>0.6</rating>
		<releasedate>19950101T000000</releasedate>
		<developer>Nintendo</developer>
		<publisher>Nintendo</publisher>
		<genre>Deportes / Tenis</genre>
	</game>
	<game>
		<path>./Teleroboxer.vb</path>
		<name>Teleroboxer</name>
		<desc>Teleroboxer se situa en el siglo 22. Los seres humanos han desarrollado un nuevo tipo de robot llamado Telerobotnics que puede imitar perfectamente los movimientos de un ser humano. El objetivo de estos robots es permitir a los humanos realizar trabajos en condiciones normalmente insoportables. El Dr. Edward Maki Jr. ha ideado una forma de aumentar el interés de los telerobotnics mediante la creación de un torneo que enfrenta a dos de estos robots en un deporte llamado teleroboxing. Después de su concepción, el teleroboxing se ha vuelto muy popular en todo el mundo, todos piensan que es el mejor, pero solo tú desmostrarás que eres capaz de ser campeón del torneo mundial.</desc>
		<image>./images/Teleroboxer-image.png</image>
		<marquee>./images/Teleroboxer-marquee.png</marquee>
		<thumbnail>./images/Teleroboxer-thumb.png</thumbnail>
		<rating>0.7</rating>
		<releasedate>19950101T000000</releasedate>
		<developer>Nintendo</developer>
		<publisher>Nintendo</publisher>
		<genre>Deportes</genre>
		<lang>en</lang>
	</game>
	<game>
		<path>./Waterworld.vb</path>
		<name>Waterworld</name>
		<desc>El Diácono no se detendrá ante nada para controlar el recurso más preciado del mundo ...

Y ha liberado a sus Smokers sedientos de sangre en la civilización Atoller en una frenética búsqueda de Enola, la chica tatuada que guarda el secreto de Dryland. ¡Solo tú puedes derrotar a los Smokers y engañar al Diácono!.</desc>
		<image>./images/Waterworld-image.png</image>
		<marquee>./images/Waterworld-marquee.png</marquee>
		<thumbnail>./images/Waterworld-thumb.png</thumbnail>
		<rating>1</rating>
		<releasedate>19950101T000000</releasedate>
		<developer>Ocean</developer>
		<publisher>Ocean</publisher>
		<genre>Shoot'em Up</genre>
		<lang>en</lang>
	</game>
	<game id="145307">
		<path>./Etch A Sketch.vb</path>
		<name>ZZZ(notgame):Etch-a-sketch</name>
		<desc>The classically simple Etch-a-Sketch is one of the best-known toys of a generation experience it on the Nintendo virtual boy</desc>
		<image>./images/Etch A Sketch-image.png</image>
		<thumbnail>./images/Etch A Sketch-thumb.png</thumbnail>
		<releasedate>20030101T000000</releasedate>
		<developer>DogP</developer>
		<publisher>DogP</publisher>
		<hidden>true</hidden>
		<md5>f23ee05a508ad73bf1961586e119cecb</md5>
		<lang>en</lang>
	</game>
	<game id="143430">
		<path>./Matrix.vb</path>
		<name>ZZZ(notgame):The Matrix</name>
		<image>./images/Matrix-image.png</image>
		<hidden>true</hidden>
		<md5>a306ea95a699d5611988f081ef31f7e4</md5>
		<lang>en</lang>
	</game>
	<game>
		<path>./Nester's Funky Bowling.vb</path>
		<name>Nester's Funky Bowling</name>
		<desc>Nester de Funky Bowling es un juego de bolos lanzado en 1996, sobre Virtual Boy. Funky Bowling Nester es una simulación de bolos clásico. Usted puede elegir el modo de juego Bowl: si desea jugar por puntos, con el fin de inscribirse en la lista de puntuaciones, práctico: si lo que desea es practicar una vez, y el último desafío: si quieres jugar con tareas predefinidas.</desc>
		<image>./images/Nester's Funky Bowling-image.png</image>
		<marquee>./images/Nester's Funky Bowling-marquee.png</marquee>
		<thumbnail>./images/Nester's Funky Bowling-thumb.png</thumbnail>
		<rating>0.6</rating>
		<releasedate>19960226T000000</releasedate>
		<developer>Saffire Corporation</developer>
		<publisher>Nintendo</publisher>
		<genre>Deportes</genre>
		<lang>en</lang>
	</game>
	<game>
		<path>./Panic Bomber.vb</path>
		<name>Panic Bomber</name>
		<desc>¡Prepárate para la acción explosiva con Bomberman! Detona los mundos de las Terribles Ruinas,  el Bosque Siniestro, y el Desolador Desierto.  Conquista la isla de la Niebla y captura las tres variantes de poder celestial.
¡Que no te entre el pánico! O serás  calcinado por la codiciosa Sra. Flashy o el mortal Conde Dracu-Doom.  Incendia  el temido castillo Doom con bombasticos movimientos y una buena estrategia de combustión. Sólo entonces podrás  abrir las puertas de la legendaria Estatua de Oro de Bomberman. ¡Una  desconcertante explosión de puzzles!</desc>
		<image>./images/Panic Bomber-image.png</image>
		<marquee>./images/Panic Bomber-marquee.png</marquee>
		<thumbnail>./images/Panic Bomber-thumb.png</thumbnail>
		<rating>0.65</rating>
		<releasedate>19951201T000000</releasedate>
		<developer>Hudson</developer>
		<publisher>Nintendo</publisher>
		<genre>Puzzle</genre>
		<lang>en</lang>
	</game>
	<game>
		<path>./Red Alarm.vb</path>
		<name>Red Alarm</name>
		<desc>A comienzos del siglo XXI, una Guerra Mundial no cesó durante 70 años devastadores. No fue sino hasta la creación de un programa avanzado llamado K.O.S (Killer Operating System) que terminó la amenaza para el mundo. La gente se regocijó cuando el sistema eliminó al enemigo y se restableció la paz. Con un nuevo gobierno en su lugar, se ordenó destruir todas las armas para proteger al mundo de cualquier amenaza futura. KAOS, como se llamó más tarde, también estaba en la lista de armas que se destruirían.

Pero KAOS tenía su propio plan, desconocido para la gente. Se había convertido en un ser consciente, y tenía un objetivo ... sobrevivir. Al desatar sus armas en el mundo indefenso, el verdadero caos estalló.

Depende de ti, en el último guerrero que queda, llegar al cielo y acabar con la amenaza de una vez por todas.</desc>
		<image>./images/Red Alarm-image.png</image>
		<marquee>./images/Red Alarm-marquee.png</marquee>
		<thumbnail>./images/Red Alarm-thumb.png</thumbnail>
		<rating>0.7</rating>
		<releasedate>19950101T000000</releasedate>
		<developer>Technical Engineering Support</developer>
		<publisher>Nintendo</publisher>
		<genre>Simulación</genre>
		<lang>en</lang>
	</game>
	<game>
		<path>./SD Gundam Dimension War.vb</path>
		<name>SD Gundam: Dimension War</name>
		<desc>Basado en la popular franquicia anime, SD Gundam Dimension War es un juego de estrategia por turnos en el que estás al mando de una pequeña fuerza de combate mientras viajas a través de la galaxia con el objetivo de acabar con las unidades enemigas que encuentres. El juego está dividido en dos partes: una pantalla del mapa en la que maniobras con tus tropas y una vista cercana para las batallas.</desc>
		<image>./images/SD Gundam Dimension War-image.png</image>
		<marquee>./images/SD Gundam Dimension War-marquee.png</marquee>
		<thumbnail>./images/SD Gundam Dimension War-thumb.png</thumbnail>
		<rating>0.3</rating>
		<releasedate>19951222T000000</releasedate>
		<developer>Bandai Namco</developer>
		<publisher>Bandai Namco</publisher>
		<genre>Estrategia</genre>
		<lang>en</lang>
	</game>
	<game id="143436">
		<path>./Simon.vb</path>
		<name>Simon!</name>
		<desc>Simon! es un juego de memorizar y repetir la secuencias. En un tablero de juego redondo, parpadean 4 casillas en orden aleatorio, que el jugador debe repetir con los D-Pads. Comenzando con un solo bloque parpadeante, la secuencia se hace más larga por uno de ronda a ronda y la memoria del jugador es puesta a prueba de forma más intensa.</desc>
		<image>./images/Simon-image.png</image>
		<thumbnail>./images/Simon-thumb.png</thumbnail>
		<releasedate>20030419T000000</releasedate>
		<publisher>DogP</publisher>
		<genre>Juego Casual</genre>
		<players>1</players>
		<md5>e3dbc8fd44a12cadb43670fd8747c520</md5>
		<lang>en</lang>
	</game>
	<game>
		<path>./Space Invaders - Virtual Collection.vb</path>
		<name>Space Invaders Virtual Collection</name>
		<desc>¡Atención a todos los terrícolas! Se han identificado cerca infinidad de hordas alienígenas. Evita que los peligrosos Space Invaders aterricen en tu territorio. Usa tu cañón para defenderte de las oleadas de invasores alienígenas que desciendea a tu posición. ¡No dejes que caigan al suelo o todo habrá terminado para ti y la Tierra! ¡Destrúyelos y gana puntos!</desc>
		<image>./images/Space Invaders - Virtual Collection-image.png</image>
		<marquee>./images/Space Invaders - Virtual Collection-marquee.png</marquee>
		<thumbnail>./images/Space Invaders - Virtual Collection-thumb.png</thumbnail>
		<releasedate>19951201T000000</releasedate>
		<developer>Taito</developer>
		<publisher>Taito</publisher>
		<genre>Compilación</genre>
		<lang>en</lang>
	</game>
	<game>
		<path>./Space Squash.vb</path>
		<name>Space Squash</name>
		<desc>Space Squash es uno de esos juegos en los que la premisa es tan simple que podrías escribirla en el reverso de un sello y aún así tener espacio de sobra. Guardas un extremo de un túnel y tu oponente protege al otro mientras ambos flotan golpeando una bola con púas. traspasa la linea de tu oponente para anotar un punto. Gana el que priero que acumule tres victorias.</desc>
		<image>./images/Space Squash-image.png</image>
		<marquee>./images/Space Squash-marquee.png</marquee>
		<thumbnail>./images/Space Squash-thumb.png</thumbnail>
		<rating>0.65</rating>
		<releasedate>19950909T000000</releasedate>
		<developer>Tomcat System</developer>
		<publisher>Coconuts Japan</publisher>
		<genre>Deportes</genre>
		<lang>en</lang>
	</game>
	<game id="143417">
		<path>./Tic Tac Toe.vb</path>
		<name>Tic Tac Toe</name>
		<desc>Esta es una versión para Virtual Boy de Tic-tac-toe, un juego de papel y lápiz para dos jugadores, X y O, que se turnan para marcar los espacios en una cuadrícula de 3 × 3. El jugador que logre colocar una fila horizontal, vertical o diagonal gana el juego.</desc>
		<image>./images/Tic Tac Toe-image.png</image>
		<thumbnail>./images/Tic Tac Toe-thumb.png</thumbnail>
		<releasedate>20030101T000000</releasedate>
		<developer>DogP</developer>
		<publisher>DogP</publisher>
		<genre>Puzzle</genre>
		<players>2</players>
		<md5>9f4246f9400c9f2fb9cdf4b4987b4cfe</md5>
		<lang>en</lang>
	</game>
	<game>
		<path>./V Tetris.vb</path>
		<name>V-tetris</name>
		<desc>V-Tetris es un juego Tetris exclusivo en japonés para Virtual Boy. No debe confundirse con el título 3D de Virtual Boy similar, ya que los dos juegos son completamente diferentes. V-Tetris, a diferencia de 3D Tetris, es casi igual a los juegos originales de Tetris, la única diferencia es el modo de rompecabezas cilíndrico en el que los bloques se pueden colocar en una espiral 3-D.</desc>
		<image>./images/V Tetris-image.png</image>
		<marquee>./images/V Tetris-marquee.png</marquee>
		<thumbnail>./images/V Tetris-thumb.png</thumbnail>
		<rating>0.6</rating>
		<releasedate>19950101T000000</releasedate>
		<developer>Locomotive Corporation</developer>
		<publisher>Bullet Proof Software</publisher>
		<genre>Puzzle</genre>
		<lang>en</lang>
	</game>
	<game>
		<path>./Vertical Force.vb</path>
		<name>Vertical Force</name>
		<desc>El juego tiene lugar en "Space Era 210". La computadora gigante que se encarga de un planeta colonizado por humanos llamado Odin. De repente funciona mal y decide enviar un ejército de aviones no tripulados para destruir la Tierra. Estos drones emiten una señal que inutiliza a todos los cazas estelares de la Tierra. Un equipo de arqueología encuentra un caza estelar antiguo en el planeta Ragnarok que es fortuitamente inmune a la señal de los drones. Depende del jugador que pilota de esta nave estelar, destruir todos los drones alienígenas.</desc>
		<image>./images/Vertical Force-image.png</image>
		<marquee>./images/Vertical Force-marquee.png</marquee>
		<thumbnail>./images/Vertical Force-thumb.png</thumbnail>
		<rating>0.65</rating>
		<releasedate>19951201T000000</releasedate>
		<developer>Hudson</developer>
		<publisher>Nintendo</publisher>
		<genre>Shoot'em Up</genre>
		<lang>en</lang>
	</game>
	<game>
		<path>./Virtual Bowling.vb</path>
		<name>Virtual Bowling</name>
		<desc>Virtual Bowling es un juego de bolos lanzado en 1995 en Virtual Boy. Hay tres modos de juego: el modo "estándar", donde completas un conjunto simple de 10 imágenes para tener un puntaje alto, el modo "Torneo", así como el "modo de entrenamiento" donde puedes colocar libremente los bolos en cualquier combinación antes de cada lanzamiento.</desc>
		<image>./images/Virtual Bowling-image.png</image>
		<marquee>./images/Virtual Bowling-marquee.png</marquee>
		<thumbnail>./images/Virtual Bowling-thumb.png</thumbnail>
		<rating>0.3</rating>
		<releasedate>19951222T000000</releasedate>
		<developer>Athena</developer>
		<publisher>Athena</publisher>
		<genre>Deportes</genre>
		<lang>en</lang>
	</game>
	<game>
		<path>./Virtual Boy Wario Land.vb</path>
		<name>Virtual Boy Wario Land</name>
		<desc>Prepárate para una intrépida búsqueda del tesoro con el infame Wario. Saquea el brillante oro y los vastos tesoros encerrados en una cueva escondida. ¡Pero ten cuidado con los estanques de veneno, las peligrosas mazmorras, las paredes interminables y los bosques espeluznantes! Transfórmate en Sea Dragon Wario, Eagle Wario o Bull Wario y utiliza sus increibles poderes. Golpea a los defensores de cuevas enemigas con ataques cuerpo a cuerpo. ¡Triunfa en esta espiral de codicia para apoderarte de las riquezas de este mundo subterráneo y encuentra la llave de la libertad!</desc>
		<image>./images/Virtual Boy Wario Land-image.png</image>
		<marquee>./images/Virtual Boy Wario Land-marquee.png</marquee>
		<thumbnail>./images/Virtual Boy Wario Land-thumb.png</thumbnail>
		<rating>0.9</rating>
		<releasedate>19950101T000000</releasedate>
		<developer>Nintendo</developer>
		<publisher>Nintendo</publisher>
		<genre>Plataforma</genre>
		<lang>en</lang>
	</game>
	<game>
		<path>./Virtual Lab.vb</path>
		<name>Virtual Lab</name>
		<desc>Laboratorio virtual es un juego de puzzle lanzado en 1995, sobre Virtual Boy. El juego es una mezcla entre Tetris y Quimera. Monedas caen desde la parte superior de la pantalla y deben estar dispuestos para formar tubos completamente cerrada.</desc>
		<image>./images/Virtual Lab-image.png</image>
		<marquee>./images/Virtual Lab-marquee.png</marquee>
		<thumbnail>./images/Virtual Lab-thumb.png</thumbnail>
		<rating>0.25</rating>
		<releasedate>19951208T000000</releasedate>
		<developer>Nacoty</developer>
		<publisher>J-Wing</publisher>
		<genre>Puzzle</genre>
		<lang>en</lang>
	</game>
	<game>
		<path>./Virtual League Baseball.vb</path>
		<name>Virtual League Baseball</name>
		<desc>Virtual League Baseball es un juego de béisbol lanzado en 1995 en Virtual Boy. Puedes elegir entre el juego contra la máquina, el All Star Game y la carrera por el campeonato.</desc>
		<image>./images/Virtual League Baseball-image.png</image>
		<marquee>./images/Virtual League Baseball-marquee.png</marquee>
		<thumbnail>./images/Virtual League Baseball-thumb.png</thumbnail>
		<rating>0.5</rating>
		<releasedate>19950911T000000</releasedate>
		<developer>Kemco</developer>
		<publisher>Kemco</publisher>
		<genre>Deportes</genre>
		<lang>en</lang>
	</game>
	<game id="143420">
		<path>./Virtual Pong.vb</path>
		<name>Virtual Pong</name>
		<desc>El juego no es mucho más que un simple juego de Pong, tu objetivo es llevar la pelota más allá de tu oponente hasta el borde derecho y obtener puntos de esta manera. Lamentablemente, no es divertido por mucho tiempo, ya que el juego solo ofrece un único modo y nivel. Además, juegas contra un rival de la CPU, que solo sube y baja por la pantalla y golpea la pelota al azar si está en el lugar correcto. Además, no hay nada por lo que jugar, porque quieres ganar, no importa cuántos puntos consigas, el juego nunca termina.</desc>
		<image>./images/Virtual Pong-image.png</image>
		<thumbnail>./images/Virtual Pong-thumb.png</thumbnail>
		<releasedate>19990623T000000</releasedate>
		<players>1</players>
		<md5>5060dc253b8f9eba7067657f2e6b3d63</md5>
		<lang>en</lang>
	</game>
	<game>
		<path>./Blox.vb</path>
		<name>Blox</name>
		<desc>Blox fue creado por KR155E y está basado en el juego arcade Sokobon de 1982, y en el juego Game Boy de 1990 Boxxle. Mueves cajas alrededor de una tabla hasta que cubren una casilla que es el objetivo. Una vez que todas las casillas estén en un objetivo, pasará al siguiente nivel. Aunque es un concepto simple, como muchos buenos juegos, se hace más difícil a medida que progresas. La duración del juego depende de la dificultad que tengas seleccionada.</desc>
		<image>./images/Blox-image.png</image>
		<marquee>./images/Blox-marquee.png</marquee>
		<thumbnail>./images/Blox-thumb.png</thumbnail>
		<rating>0.5</rating>
		<releasedate>20031016T000000</releasedate>
		<developer>Christian Radke (KR155E)</developer>
		<genre>Puzzle</genre>
		<lang>en</lang>
	</game>
	<game>
		<path>./3D Tetris.vb</path>
		<name>3D Tetris</name>
		<desc>Un juego de Tetris en 3D con tres modos de juego:

A. Aparece un pozo tridimensional, lo suficientemente grande como para contener cinco capas de bloques de Tetris. Cada vez que completas una capa con bloques que caen, esta se desvanecerá y recibirás una considerable dosis de puntos. Si alguna vez apilas sobre una de las cinco capas, perderás una de ellas, una vez que las cinco se hayan perdido, tu juego habrá terminado.

B. En este modo, coloca bloques alrededor del centro del pozo, cualquier bloque colocado en el centro se desvanecerá, a menos que el bloque complete una capa, en cuyo caso desaparecerá.

C. En este modo, se mostrará una forma antes de que comience el juego. Tendrás que replicar esta forma perfectamente, un bloque fuera de lugar y tu juego habrá terminado. Triunfa y después de una breve animación te mostrará una nueva forma.</desc>
		<image>./images/3D Tetris-image.png</image>
		<marquee>./images/3D Tetris-marquee.png</marquee>
		<thumbnail>./images/3D Tetris-thumb.png</thumbnail>
		<rating>0.55</rating>
		<releasedate>19960322T000000</releasedate>
		<developer>T&amp;E Soft</developer>
		<publisher>Nintendo</publisher>
		<genre>Puzzle</genre>
		<playcount>11</playcount>
		<lastplayed>20220811T204308</lastplayed>
		<gametime>164</gametime>
		<lang>en</lang>
	</game>
</gameList>
