<?xml version="1.0"?>
<gameList>
	<game>
		<path>./Space Harrier (32X) (JU) [!].32x</path>
		<name>Space Harrier</name>
		<desc>Space Harrier en Megadrive 32X es un juego de acción. El personaje al que manejamos en tercera persona puede correr o volar, y debe evitar los obstáculos y el fuego enemigo. Tu habilidad te permitirá llegar al final de cada uno de los 18 niveles, en donde no espera el enfrentamiento con un jefe.</desc>
		<image>./images/Space Harrier (32X) (JU) [!]-image.png</image>
		<marquee>./images/Space Harrier (32X) (JU) [!]-marquee.png</marquee>
		<thumbnail>./images/Space Harrier (32X) (JU) [!]-thumb.png</thumbnail>
		<rating>0.7</rating>
		<releasedate>19940101T000000</releasedate>
		<developer>SEGA</developer>
		<publisher>SEGA</publisher>
		<genre>Acción</genre>
	</game>
	<game>
		<path>./Metal Head (32X) (JU) (M2) [!].32x</path>
		<name>Metal Head</name>
		<desc>Han pasado 5 años desde la formación de la Federación Mundial. Aunque la guerra ha sido evitada, las células terroristas en todo el mundo amenazan la estabilidad de la federación. Para combatir a esta amenaza, la Federación ha creado un tanque blindado de dos pedales conocido como el "Metal Head". Usted es piloto de un "Metal Head", y usted tiene que usar todas las armas a su disposición para derrotar a los terroristas.

"Metal Head" es un poco diferente a los habituales juegos de combate de robots gigantes. Las áreas de misión del juego se parecen más a un shooter en primera persona que a una simulación. Los gráficos se representan en polígonos con mapeado de textura, lo que es inusual para un juego de 32X.</desc>
		<image>./images/Metal Head (32X) (JU) (M2) [!]-image.png</image>
		<marquee>./images/Metal Head (32X) (JU) (M2) [!]-marquee.png</marquee>
		<thumbnail>./images/Metal Head (32X) (JU) (M2) [!]-thumb.png</thumbnail>
		<rating>0.6</rating>
		<releasedate>19950201T000000</releasedate>
		<developer>SEGA</developer>
		<publisher>SEGA</publisher>
		<genre>Simulación</genre>
	</game>
	<game>
		<path>./Mortal Kombat II (32X) (W) (Jan 1995) [!].32x</path>
		<name>Mortal Kombat II</name>
		<desc>Los luchadores de Mortal Kombat, regresan junto a caras nuevas a un torneo organizado por el malvado Shang Tsung. La acción es uno-a-uno como antes, famoso por su alto nivel de violencia y sangre. Incluye 5 niveles de dificultad y créditos opcionales, así como el modo habitual de dos jugadores incluyendo duelos con los mismos personajes.</desc>
		<image>./images/Mortal Kombat II (32X) (W) (Jan 1995) [!]-image.png</image>
		<marquee>./images/Mortal Kombat II (32X) (W) (Jan 1995) [!]-marquee.png</marquee>
		<thumbnail>./images/Mortal Kombat II (32X) (W) (Jan 1995) [!]-thumb.png</thumbnail>
		<rating>0.85</rating>
		<releasedate>19940101T000000</releasedate>
		<developer>Probe Software Ltd.</developer>
		<publisher>Acclaim</publisher>
		<genre>Lucha</genre>
		<players>2</players>
	</game>
	<game>
		<path>./Motocross Championship (32X) (JU) [!].32x</path>
		<name>Motocross Championship</name>
		<desc>Motocross Championships es el único juego de carreras de motos de cross para 32X. La acción se lleva a cabo desde una perspectiva detrás de la moto, y hace uso de la escala de bits de 32X para presentar un efecto gráfico en 3D. El modo de juego principal es un campeonato basado en puntos. Puedes competir en una de las 3 clases sobre 12 pistas interiores y exteriores. También hay modo de pantalla dividida para 2 jugadores con quien compartir diversión fuera de la carretera.</desc>
		<image>./images/Motocross Championship (32X) (JU) [!]-image.png</image>
		<marquee>./images/Motocross Championship (32X) (JU) [!]-marquee.png</marquee>
		<thumbnail>./images/Motocross Championship (32X) (JU) [!]-thumb.png</thumbnail>
		<rating>0.6</rating>
		<releasedate>19950101T000000</releasedate>
		<developer>Artech Studios</developer>
		<publisher>SEGA</publisher>
		<genre>Carreras de moto, 3ª persona</genre>
		<players>2</players>
	</game>
	<game>
		<path>./NBA Jam Tournament Edition (32X) (W) [!].32x</path>
		<name>NBA Jam : Tournament Edition</name>
		<desc>Juego arcade de baloncesto con jugadores de todos los equipos de la NBA en partidos de dos contra dos. El juego es rápido y está lleno de acción, nada realista, con pocas reglas (No hay faltas, y se puede obstruir deliberadamente). Los jugadores se clasifican en ocho categorías de habilidades, robos, tapones, mates tiros de 3 ... Pueden jugar hasta cuatro jugadores, controlando cada uno un solo jugador.</desc>
		<image>./images/NBA Jam Tournament Edition (32X) (W) [!]-image.png</image>
		<marquee>./images/NBA Jam Tournament Edition (32X) (W) [!]-marquee.png</marquee>
		<thumbnail>./images/NBA Jam Tournament Edition (32X) (W) [!]-thumb.png</thumbnail>
		<rating>0.8</rating>
		<releasedate>19950101T000000</releasedate>
		<developer>Iguana Entertainment</developer>
		<publisher>Acclaim</publisher>
		<genre>Deportes / Baloncesto</genre>
		<players>4</players>
	</game>
	<game>
		<path>./NFL Quarterback Club (32X) (W) [!].32x</path>
		<name>NFL Quarterback Club</name>
		<desc>Uno de los primeros en la serie NFL Quarterback, esta versión cuenta con los modos de juego estándar Exhibición, Temporada, Playoffs, etc y con una licencia completa de la NFL con los jugadores y sus respectivos nombres de equipos y logotipos. Una característica que está presente en este juego es el Quarterback Skills Challenge donde el jugador puede elegir entre 13 quarterbacks diferentes como John Elway, Steve Young, Dan Marino y muchos otros. Cuenta con una opción para dos jugadores donde los amigos podrán competir cara a cara.</desc>
		<image>./images/NFL Quarterback Club (32X) (W) [!]-image.png</image>
		<marquee>./images/NFL Quarterback Club (32X) (W) [!]-marquee.png</marquee>
		<thumbnail>./images/NFL Quarterback Club (32X) (W) [!]-thumb.png</thumbnail>
		<rating>0.6</rating>
		<releasedate>19950101T000000</releasedate>
		<developer>Iguana Entertainment</developer>
		<publisher>Acclaim</publisher>
		<genre>Simulación</genre>
		<players>4</players>
	</game>
	<game>
		<path>./Primal Rage (32X) (W) [!].32x</path>
		<name>Primal Rage</name>
		<desc>Primal Rage es un juego de lucha uno contra uno con dinosaurios y monos gigantes. Los gráficos se realizan con una animación de stop-motion digitalizada. La jugabilidad, similar a Mortal Kombat con una perspectiva lateral, y presenta movimientos finales mortales al final de cada partida.</desc>
		<image>./images/Primal Rage (32X) (W) [!]-image.png</image>
		<marquee>./images/Primal Rage (32X) (W) [!]-marquee.png</marquee>
		<thumbnail>./images/Primal Rage (32X) (W) [!]-thumb.png</thumbnail>
		<rating>0.7</rating>
		<releasedate>19951114T000000</releasedate>
		<developer>Time Warner Interactive</developer>
		<publisher>SEGA</publisher>
		<genre>Acción</genre>
		<players>2</players>
	</game>
	<game>
		<path>./RBI Baseball 95 (32X) (U) [!].32x</path>
		<name>RBI Baseball '95</name>
		<desc>Esta versión es una actualización de la serie R.B.I. Muchas de las características de otros juegos de béisbol están presentes, tiene tres modos de juego diferentes para elegir: exhibición, playoff, y home run derby, pero lo que hace que esta versión sea diferente es la ausencia de la licencia MLB, aunque sí cuenta con una licencia MLBPA con los mejores jugadores de la época como Roger Clemens, Otis Nixon, Bobby Larkin entre muchos otros.</desc>
		<image>./images/RBI Baseball 95 (32X) (U) [!]-image.png</image>
		<marquee>./images/RBI Baseball 95 (32X) (U) [!]-marquee.png</marquee>
		<thumbnail>./images/RBI Baseball 95 (32X) (U) [!]-thumb.png</thumbnail>
		<rating>0.5</rating>
		<releasedate>19950101T000000</releasedate>
		<developer>Atari</developer>
		<publisher>Time Warner Interactive</publisher>
		<genre>Deportes</genre>
		<players>2</players>
	</game>
	<game>
		<path>./Sangokushi IV (32X) (J) [!].32x</path>
		<name>Sangokushi 4</name>
		<desc>Romance of the Three Kingdoms IV: Wall of Fire (lanzado como Sangokushi IV en Japón) es el cuarto de la serie del romance de los Tres Reinos de los juegos de estrategia por turnos producidos por Koei y basado en la novela histórica Romance de los Tres Reinos. Fue el último juego de la serie que se estrenará en PC en los Estados Unidos hasta el Romance of the Three Kingdoms XI.</desc>
		<image>./images/Sangokushi IV (32X) (J) [!]-image.png</image>
		<marquee>./images/Sangokushi IV (32X) (J) [!]-marquee.png</marquee>
		<thumbnail>./images/Sangokushi IV (32X) (J) [!]-thumb.png</thumbnail>
		<rating>0.35</rating>
		<releasedate>19950707T000000</releasedate>
		<developer>Koei</developer>
		<publisher>Koei</publisher>
		<genre>Acción</genre>
	</game>
	<game>
		<path>./Spear Of Destiny.32x</path>
		<name>Spear Of Destiny</name>
		<desc>Wolfenstein 3D: Spear of Destiny (también conocido como Spear of Destiny: A Wolfenstien 3D Adventure o simplemente Spear of Destiny), es una precuela de Wolfenstein 3D, desarrollada por id Software, publicada por FormGen Corporation y publicada el 18 de septiembre de 1992. Utilizó el motor de juego 3D Wolfenstein, con ligeras mejoras y modificaciones. Utiliza la mayoría de los recursos del original y agrega nuevas texturas, música, objetos, enemigos y jefes. El juego en sí consta de 21 niveles, incluidos dos secretos y un nivel de jefe. Dos paquetes de misión, que sirven como secuelas y conversiones totales para el juego, se lanzaron más tarde.</desc>
		<image>./images/Spear Of Destiny-image.png</image>
		<marquee>./images/Spear Of Destiny-marquee.png</marquee>
		<thumbnail>./images/Spear Of Destiny-thumb.png</thumbnail>
		<publisher>FormGen Corporation</publisher>
		<genre>Shooter / 1ª persona</genre>
	</game>
	<game>
		<path>./Star Trek - Starfleet Academy Bridge Simulator (32X) (U) [!].32x</path>
		<name>Star Trek, Starfleet Academy : Starship Bridge Simulator</name>
		<desc>Dos años antes del conocido juego de ordenador llegó este título, en el que el objetivo es completar con éxito el entrenamiento de combate de la Flota Estelar. Lucharás con Klingons, repararás y encontrarás situaciones peligrosas, pero intenta permanecer dentro de las directivas de Starfleet. El juego se ve desde nuestra perspectiva (hay 5 diferentes en total), con polígonos utilizados para mostrar la acción. Hay misiones rápidas que traen escenas de las películas de Star Trek a la vida.</desc>
		<image>./images/Star Trek - Starfleet Academy Bridge Simulator (32X) (U) [!]-image.png</image>
		<marquee>./images/Star Trek - Starfleet Academy Bridge Simulator (32X) (U) [!]-marquee.png</marquee>
		<thumbnail>./images/Star Trek - Starfleet Academy Bridge Simulator (32X) (U) [!]-thumb.png</thumbnail>
		<rating>0.7</rating>
		<releasedate>19950101T000000</releasedate>
		<developer>High Voltage</developer>
		<publisher>SEGA</publisher>
		<genre>Simulación</genre>
		<players>2</players>
	</game>
	<game>
		<path>./36 Great Holes Starring Fred Couples (32X) (JU) [!].32x</path>
		<name>Golf Magazine presents 36 Great Holes starring Fred Couples</name>
		<desc>Elige entre 36 campos de golf digitalizados de Estados Unidos seleccionados po la GOLF MAGAZINE®. Puedes ser el mismo Fred Couples o competir contra él. La technologia de 32X te proporciona: Un contrl de los tiros. Una jugabilidad ultra-realista. Siete formas de jugar incluyendo Torneo, Juego de Skins y Scramble. Miles de combinaciones de campo. Una batería de backup para grabar tus estadísticas.</desc>
		<image>./images/36 Great Holes Starring Fred Couples (32X) (JU) [!]-image.png</image>
		<marquee>./images/36 Great Holes Starring Fred Couples (32X) (JU) [!]-marquee.png</marquee>
		<thumbnail>./images/36 Great Holes Starring Fred Couples (32X) (JU) [!]-thumb.png</thumbnail>
		<rating>0.3</rating>
		<releasedate>19950102T000000</releasedate>
		<developer>Flashpoint Productions</developer>
		<publisher>SEGA</publisher>
		<genre>Deportes / Golf</genre>
		<players>8</players>
		<lang>en</lang>
	</game>
	<game>
		<path>./BC Racers (32X) (W) [c][!].32x</path>
		<name>BC Racers</name>
		<desc>¡Es prehistórico! El hombre de las cavernas millonario playboy Millstone Rockafella organiza una carrera de bicicleta BC n 'wacky, el ganador de la cual recibe la ULTIMATE BOULDERDASH BIKE. Cool n 'crazy CLIFF ACE ha puesto sus gafas de sol en una bicicleta de montaña desde que estaba a la altura de la rodilla, por lo que se inscribe en la carrera, llevando consigo a su bebé de la cueva, ROXY. El 32X lleva los gráficos al límite con 256 colores para los gráficos del juego y 24 bits completos para la visualización estática. ¡La edad de piedra nunca se vio mejor!</desc>
		<image>./images/BC Racers (32X) (W) [c][!]-image.png</image>
		<marquee>./images/BC Racers (32X) (W) [c][!]-marquee.png</marquee>
		<thumbnail>./images/BC Racers (32X) (W) [c][!]-thumb.png</thumbnail>
		<rating>0.55</rating>
		<releasedate>19950601T000000</releasedate>
		<developer>Core Design</developer>
		<publisher>Front Street Publishing</publisher>
		<genre>Carreras, Conducción</genre>
		<players>2</players>
		<lang>en,fr</lang>
		<region>wr</region>
	</game>
	<game>
		<path>./Blackthorne (32X) (U) [!].32x</path>
		<name>Blackthorne</name>
		<desc>Blackthorne es un juego de acción y aventura que tiene lugar en el planeta Tuul. Tuul era un lugar pacífico, hasta que el malvado guerrero Sarlac usó el poder de la Piedra Oscura para tomar el control. El padre de Blackthorne, el buen rey Vlaros, lo envió a la Tierra justo cuando su reino se desmoronaba a su alrededor. Ahora, 20 años más tarde, Blackthorne ha crecido y debe volver a Tuul para liberarlo de las garras de Sarlac.

Este juego se juega desde una vista lateral con fondos sin desplazamiento. Tiene fuertes similitudes con Prince of Persia.</desc>
		<image>./images/Blackthorne (32X) (U) [!]-image.png</image>
		<marquee>./images/Blackthorne (32X) (U) [!]-marquee.png</marquee>
		<thumbnail>./images/Blackthorne (32X) (U) [!]-thumb.png</thumbnail>
		<rating>0.7</rating>
		<releasedate>19951001T000000</releasedate>
		<developer>Interplay</developer>
		<publisher>SEGA</publisher>
		<genre>Acción</genre>
		<lang>en</lang>
		<region>us</region>
	</game>
	<game>
		<path>./Cosmic Carnage (32X) (JU) [!].32x</path>
		<name>Cosmic Carnage</name>
		<desc>Cosmic Carnage es un juego de lucha uno contra uno en el espacio exterior. La historia comienza cuando la barcaza de la prisión es secuestrada por su carga en un intento de escape. El caos resultante hace que la barcaza chocara contra un crucero militar. El impacto causó daños extensos a ambos barcos. Había solamente 8 sobrevivientes, 4 de cada nave. Lo peor, sólo hay una vaina de escape. Controlarás a uno de los 8 supervivientes, y tendrás que terminar con todos los demás para escapar con vida.</desc>
		<image>./images/Cosmic Carnage (32X) (JU) [!]-image.png</image>
		<marquee>./images/Cosmic Carnage (32X) (JU) [!]-marquee.png</marquee>
		<thumbnail>./images/Cosmic Carnage (32X) (JU) [!]-thumb.png</thumbnail>
		<rating>0.45</rating>
		<releasedate>19941121T000000</releasedate>
		<developer>Givro</developer>
		<publisher>SEGA</publisher>
		<genre>Acción</genre>
		<players>2</players>
		<lang>en</lang>
	</game>
	<game>
		<path>./Darxide (32X) (E) (M4) [!].32x</path>
		<name>Darxide</name>
		<desc>Uno de los últimos juegos de 32X (exclusivo en Europa), DarXide es un shooter espacial tridimensional, inspirado en parte por el juego arcade Asteroids. Es uno de los pocos juegos de 32X que utilizan polígonos con formato de textura. Los jugadores controlan una solitaria nave espacial que se apresura a destruir a los asteroides y aliens antes de aniquilar a los mineros y colonias humanas. Los asteroides se dividen en rocas más pequeñas, que también pueden ser perseguidas y destruidas.</desc>
		<image>./images/Darxide (32X) (E) (M4) [!]-image.png</image>
		<marquee>./images/Darxide (32X) (E) (M4) [!]-marquee.png</marquee>
		<thumbnail>./images/Darxide (32X) (E) (M4) [!]-thumb.png</thumbnail>
		<rating>0.45</rating>
		<releasedate>19960101T000000</releasedate>
		<developer>Frontier Developments</developer>
		<publisher>SEGA</publisher>
		<genre>Shoot'em Up</genre>
		<lang>en</lang>
		<region>eu</region>
	</game>
	<game>
		<path>./ECCO the Dolphin CinePak Demo (32X) (JU).32x</path>
		<name>ZZZ(notgame):Ecco The Dolphin Cinepak Demo</name>
		<desc>This is an unfinished and unreleased Ecco the Dolphin game for the Sega 32X. It only consists of a title screen. The name "CinePak Demo" derives from the fact that the title screen uses a video in the CinePak format.</desc>
		<image>./images/ECCO the Dolphin CinePak Demo (32X) (JU)-image.png</image>
		<marquee>./images/ECCO the Dolphin CinePak Demo (32X) (JU)-marquee.png</marquee>
		<thumbnail>./images/ECCO the Dolphin CinePak Demo (32X) (JU)-thumb.png</thumbnail>
		<developer>Novotrade</developer>
		<publisher>SEGA</publisher>
		<genre>Acción</genre>
		<lang>en</lang>
	</game>
	<game>
		<path>./FIFA International Soccer 96 (32X) (UE) (M6) [c][!].32x</path>
		<name>Fifa Soccer 96</name>
		<desc>FIFA 96 es la tercera entrega de la serie FIFA. Fue la primera vez en la serie donde se nos ofrecían gráficos 3D en tiempo real, utilizando la tecnología "Estadio Virtual". También es el primero de la serie con nombres de jugadores reales y posiciones, herramientas de clasificación, de transferencia y de personalización del equipo.</desc>
		<image>./images/FIFA International Soccer 96 (32X) (UE) (M6) [c][!]-image.png</image>
		<marquee>./images/FIFA International Soccer 96 (32X) (UE) (M6) [c][!]-marquee.png</marquee>
		<thumbnail>./images/FIFA International Soccer 96 (32X) (UE) (M6) [c][!]-thumb.png</thumbnail>
		<rating>0.5</rating>
		<releasedate>19950101T000000</releasedate>
		<developer>Extended Play Productions</developer>
		<publisher>Electronic Arts</publisher>
		<genre>Deportes / Fútbol</genre>
		<players>4</players>
		<lang>fr</lang>
		<region>wr</region>
	</game>
	<game>
		<path>./Zaxxon's Motherbase 2000 (32X) (JU) [!].32x</path>
		<name>Zaxxon's Motherbase 2000</name>
		<desc>Shooter de ciencia ficción exclusivo de 32X, parecido al clásico arcade de Sega Zaxxon. Los gráficos consisten en un campo de juego de desplazamiento diagonal que crea un entorno tipo 3D. Los fondos se dibujan usando los planos de desplazamiento 2D, pero los objetos del enemigo y de la nave se dibujan usando polígonos 3D. El objetivo básico de cada uno de los 9 niveles es disparar a todo sin recibir un disparo, aunque el juego tiene también un elemento estratégico.</desc>
		<image>./images/Zaxxon's Motherbase 2000 (32X) (JU) [!]-image.png</image>
		<marquee>./images/Zaxxon's Motherbase 2000 (32X) (JU) [!]-marquee.png</marquee>
		<thumbnail>./images/Zaxxon's Motherbase 2000 (32X) (JU) [!]-thumb.png</thumbnail>
		<rating>0.65</rating>
		<releasedate>19950601T000000</releasedate>
		<developer>CSK Research Institute Corp.</developer>
		<publisher>SEGA</publisher>
		<genre>Acción</genre>
		<players>2</players>
		<lang>en</lang>
	</game>
	<game>
		<path>./Spider-Man - Web of Fire (32X) (W) [!].32x</path>
		<name>The Amazing Spider-Man : Web of Fire</name>
		<desc>Una red eléctrica de plasma ha dejado Nueva York en un estado de caos, y sólo Spider-Man y Daredevil pueden salvar a la ciudad de la destrucción total. Conduce a Spidey a través de los diferentes niveles, llenos de una gama de enemigos y puzzles y toma HYDRA, la fuente del mal.</desc>
		<image>./images/Spider-Man - Web of Fire (32X) (W) [!]-image.png</image>
		<marquee>./images/Spider-Man - Web of Fire (32X) (W) [!]-marquee.png</marquee>
		<thumbnail>./images/Spider-Man - Web of Fire (32X) (W) [!]-thumb.png</thumbnail>
		<rating>0.8</rating>
		<releasedate>19960101T000000</releasedate>
		<developer>BlueSky Software</developer>
		<publisher>SEGA</publisher>
		<genre>Plataforma</genre>
		<lang>en</lang>
		<region>wr</region>
	</game>
	<game>
		<path>./Star Wars Arcade (32X) (U) [!].32x</path>
		<name>Star Wars Arcade</name>
		<desc>Star Wars Arcade es un juego 3D de disparos ambientado en los episodios 4, 5 y 6 de la guerra de las galaxias. Tomaremos el control de un X-Wing o un Y-Wing, y nos pondremos en medio del combate espacial. En algunos niveles, debemos derribar un número específico de enemigos antes de que acabe el tiempo. En otros niveles, el objetivo es simplemente llegar hasta el final sin ser aniquilado. Las misiones tienen lugar en el espacio, alrededor de asteroides, o cerca de Destructores Estelares. Otras tienen lugar en la superficie de la Estrella de la Muerte y recrean la famosa trinchera de Luke Skywalker.</desc>
		<image>./images/Star Wars Arcade (32X) (U) [!]-image.png</image>
		<marquee>./images/Star Wars Arcade (32X) (U) [!]-marquee.png</marquee>
		<thumbnail>./images/Star Wars Arcade (32X) (U) [!]-thumb.png</thumbnail>
		<rating>0.7</rating>
		<releasedate>19941121T000000</releasedate>
		<developer>LucasArts</developer>
		<publisher>SEGA</publisher>
		<genre>Shooter</genre>
		<players>2</players>
		<lang>en</lang>
		<region>us</region>
	</game>
	<game>
		<path>./T-MEK (32X) (W) [!].32x</path>
		<name>T-Mek</name>
		<desc>T-Mek es esencialmente un Battlezone actualizado. Eres un guerrero que lucha en la competición de T-Mek, un acontecimiento enormemente popular en el futuro. A los mandos de un aerodeslizador trataremos de volar a todos los demás. La acción se muestra desde nuestra perspectiva. Las superficies del terreno y las características varían en cada batalla. En la mayoría de los niveles se necesita una cierta puntuación para alcanzar el progreso.</desc>
		<image>./images/T-MEK (32X) (W) [!]-image.png</image>
		<marquee>./images/T-MEK (32X) (W) [!]-marquee.png</marquee>
		<thumbnail>./images/T-MEK (32X) (W) [!]-thumb.png</thumbnail>
		<rating>0.7</rating>
		<releasedate>19950101T000000</releasedate>
		<developer>Time Warner Interactive</developer>
		<publisher>SEGA</publisher>
		<genre>Shooter</genre>
		<players>2</players>
		<lang>en</lang>
		<region>wr</region>
	</game>
	<game>
		<path>./Tempo (32X) (JU) [!].32x</path>
		<name>Tempo</name>
		<desc>Tempo es un saltamontes que vive en el planeta Rythmia, el mundo de la música. Desafortunadamente, el maligno Rey Dirge está tratando de robar todo el ritmo del planeta. No está claro cómo una criatura sin aprecio por la música se convirtió en rey, pero ahora le toca a Tempo detenerlo! El juego es un plataformas de desplazamiento lateral con 7 niveles para un solo jugador, aunque puedes recolectar poderes de "danza" que te permitiran llamar a tu amigo, una mariposa, para ayudarte a derrotar a tus enemigos usando movimientos de baile asesinos.</desc>
		<image>./images/Tempo (32X) (JU) [!]-image.png</image>
		<marquee>./images/Tempo (32X) (JU) [!]-marquee.png</marquee>
		<thumbnail>./images/Tempo (32X) (JU) [!]-thumb.png</thumbnail>
		<rating>0.75</rating>
		<releasedate>19950101T000000</releasedate>
		<developer>SEGA</developer>
		<publisher>SEGA</publisher>
		<genre>Acción</genre>
		<lang>en</lang>
	</game>
	<game>
		<path>./Toughman Contest (32X) (W) [!].32x</path>
		<name>Toughman Contest</name>
		<desc>Toughman Contest es un juego basado en la mundialmente famosa competición de boxeo que lleva el mismo nombre. Podremos elegir uno de los 24 luchadores y competir en una de 5 ubicaciones de todo el mundo. La acción está situada detrás del luchador que controlas. Tu luchador se representa como un contorno, para que puedas ver lo que tu oponente está haciendo y reaccionar en consecuencia. Los combates de Toughman constan de tres rondas de un minuto. Tu objetivo es hacer un K.O. a tu oponente, intentando que su medidor de resistencia disminuya hasta el punto en el que se caiga, o golpearlo lo suficiente para que al final de la tercera ronda seas el ganador.</desc>
		<image>./images/Toughman Contest (32X) (W) [!]-image.png</image>
		<marquee>./images/Toughman Contest (32X) (W) [!]-marquee.png</marquee>
		<thumbnail>./images/Toughman Contest (32X) (W) [!]-thumb.png</thumbnail>
		<rating>0.5</rating>
		<releasedate>19950606T000000</releasedate>
		<developer>Visual Concepts</developer>
		<publisher>Electronic Arts</publisher>
		<genre>Deportes / Boxeo</genre>
		<players>8</players>
		<lang>en</lang>
		<region>wr</region>
	</game>
	<game>
		<path>./World Series Baseball '95 (32X) (U) [!].32x</path>
		<name>World Series Baseball Starring Deion Sanders</name>
		<desc>Cuenta con una licencia completa MLBPA, que le permite tener a los 28 equipos y 700 jugadores reales. Hay 3 modos de juego principales: exhibición, temporada completa y playoff.</desc>
		<image>./images/World Series Baseball '95 (32X) (U) [!]-image.png</image>
		<marquee>./images/World Series Baseball '95 (32X) (U) [!]-marquee.png</marquee>
		<thumbnail>./images/World Series Baseball '95 (32X) (U) [!]-thumb.png</thumbnail>
		<rating>0.6</rating>
		<releasedate>19950101T000000</releasedate>
		<developer>Blue Sky Software</developer>
		<publisher>SEGA</publisher>
		<genre>Deportes / Béisbol</genre>
		<players>2</players>
		<lang>en</lang>
		<region>us</region>
	</game>
	<game>
		<path>./WWF RAW (32X) (W) [!].32x</path>
		<name>WWF Raw</name>
		<desc>WWF Raw es un juego profesional de lucha libre con 10 superestrellas de la World Wrestling Federation. Los luchadores de los que puede elegir incluyen Bret "Hit Man" Hart, Bam Bam Bigelow, 1-2-3 Kid, Diesel, Doink, Lex Luger, Luna Vachon, Owen Hart, Razor Ramon, Shawn Michaels, Undertaker y Yokozuna. Hay un gran número de movimientos para realizar, incluyendo las maniobras de estiramiento y actos "ilegales" como golpear a tu oponente con una silla de metal. El juego admite hasta 4 jugadores simultáneos.</desc>
		<image>./images/WWF RAW (32X) (W) [!]-image.png</image>
		<marquee>./images/WWF RAW (32X) (W) [!]-marquee.png</marquee>
		<thumbnail>./images/WWF RAW (32X) (W) [!]-thumb.png</thumbnail>
		<rating>0.7</rating>
		<releasedate>19950131T000000</releasedate>
		<developer>Sculptured Software</developer>
		<publisher>Acclaim</publisher>
		<genre>Acción</genre>
		<players>4</players>
		<lang>en</lang>
		<region>wr</region>
	</game>
	<game>
		<path>./WWF Wrestlemania Arcade (32X) (W) [!].32x</path>
		<name>WWF WrestleMania : The Arcade Game</name>
		<desc>WWF Wrestlemania fusiona las personalidades y la acción de los personajes populares de la serie de televisión WWF con un juego de lucha estilo Mortal Kombat. Este título cuenta con gráficos digitalizados de 8 superestrellas de WWF: Doink, Razor Ramon, Bret "Hit Man" Hart, Shawn Michaels, The Undertaker, Yokozuna, Bam Bam Bigelow y Lex Luger. Aunque se trata de un título de lucha libre, el juego se estructura como un uno contra uno. Es muy rápido, y cuenta con movimientos especiales locos.</desc>
		<image>./images/WWF Wrestlemania Arcade (32X) (W) [!]-image.png</image>
		<marquee>./images/WWF Wrestlemania Arcade (32X) (W) [!]-marquee.png</marquee>
		<thumbnail>./images/WWF Wrestlemania Arcade (32X) (W) [!]-thumb.png</thumbnail>
		<rating>0.7</rating>
		<releasedate>19950101T000000</releasedate>
		<developer>Sculptured Software</developer>
		<publisher>Acclaim</publisher>
		<genre>Deportes</genre>
		<players>2</players>
		<lang>en</lang>
		<region>wr</region>
	</game>
	<game>
		<path>./Doom (32X) (JU) [!].32x</path>
		<name>Doom</name>
		<desc>¡El Infierno se ha vuelto loco! Monstruos de otra dimensión utilizan sus talentos espantosos para convertir su estación espacial en un matadero de sangre. Doom es un juego de acción en primera persona inspirado en el título lanzado en 1993 en PC. Disponemos de 8 armas para sobrevivir a los ataques en las complejidades de los laberintos, todos los ingredientes están en su lugar para lanzar el ataque a las criaturas malignas.</desc>
		<image>./images/Doom (32X) (JU) [!]-image.png</image>
		<marquee>./images/Doom (32X) (JU) [!]-marquee.png</marquee>
		<thumbnail>./images/Doom (32X) (JU) [!]-thumb.png</thumbnail>
		<rating>0.55</rating>
		<releasedate>19941121T000000</releasedate>
		<developer>id Software</developer>
		<publisher>SEGA</publisher>
		<genre>Shooter / 1ª persona</genre>
		<lang>en</lang>
	</game>
	<game>
		<path>./Kolibri (32X) (W) [!].32x</path>
		<name>Kolibri</name>
		<desc>En lo más profundo del corazón de la tierra, hay un cristal de otro mundo. Este cristal es la fuerza vital de la tierra, y es esencial para su supervivencia. Un día, un cristal oscuro cae del cielo y daña el cristal de la tierra. Desesperado, los cohetes de cristal de la tierra a la superficie y le da poder a Kolibri con las habilidades que necesita para derrotar el cristal oscuro. Este juego cuenta con 19 niveles establecidos en una variedad de configuraciones naturales detalladas. Su meta en algunos niveles es destruir bichos enemigos, en otros su objetivo es simplemente sobrevivir.</desc>
		<image>./images/Kolibri (32X) (W) [!]-image.png</image>
		<marquee>./images/Kolibri (32X) (W) [!]-marquee.png</marquee>
		<thumbnail>./images/Kolibri (32X) (W) [!]-thumb.png</thumbnail>
		<rating>0.8</rating>
		<releasedate>19951001T000000</releasedate>
		<developer>Novotrade</developer>
		<publisher>SEGA</publisher>
		<genre>Shoot'em Up / Horizontal</genre>
		<players>2</players>
		<lang>en</lang>
		<region>wr</region>
	</game>
	<game>
		<path>./Virtua Fighter (32X) (JU) [!].32x</path>
		<name>Virtua Fighter</name>
		<desc>Virtua Fighter fue el primero de su clase: un juego de lucha uno contra uno con entornos y personajes totalmente 3D. Los combatientes y arenas se representan en polígonos de sombras planas. A diferencia de muchos juegos de lucha, Virtua Fighter se enfoca en una jugabilidad profunda basada en estilos de pelea reales, en lugar de movimientos especiales extravagantes y argumentos.

Hay 8 combatientes para elegir en Virtua Fighter, y un número igual de escenarios de lucha para competir. Cada luchador tiene un estilo de lucha distintivo, y su propio conjunto de movimientos caracteristicos.</desc>
		<image>./images/Virtua Fighter (32X) (JU) [!]-image.png</image>
		<marquee>./images/Virtua Fighter (32X) (JU) [!]-marquee.png</marquee>
		<thumbnail>./images/Virtua Fighter (32X) (JU) [!]-thumb.png</thumbnail>
		<rating>0.7</rating>
		<releasedate>19951020T000000</releasedate>
		<developer>SEGA</developer>
		<publisher>SEGA</publisher>
		<genre>Lucha</genre>
		<players>2</players>
		<lang>en</lang>
	</game>
	<game>
		<path>./Virtua Racing Deluxe (32X) (U) [!].32x</path>
		<name>Virtua Racing Deluxe</name>
		<desc>Virtua Racing Deluxe es una conversión mejorada del arcada de carreras 3D de Sega. Los jugadores compiten en una carrera de 5 vueltas con puntos de control cronometrados. También es posible jugar con 2 jugadores en modo de pantalla dividida. La versión 32X de Virtua Racing añade un par de nuevas características. Ahora hay 3 diferentes tipos de coches para conducir. Además, hay dos pistas totalmente nuevas.</desc>
		<image>./images/Virtua Racing Deluxe (32X) (U) [!]-image.png</image>
		<marquee>./images/Virtua Racing Deluxe (32X) (U) [!]-marquee.png</marquee>
		<thumbnail>./images/Virtua Racing Deluxe (32X) (U) [!]-thumb.png</thumbnail>
		<rating>0.75</rating>
		<releasedate>19941121T000000</releasedate>
		<developer>SEGA</developer>
		<publisher>SEGA</publisher>
		<genre>Carreras, Conducción</genre>
		<players>2</players>
		<lang>en</lang>
		<region>us</region>
	</game>
	<game>
		<path>./Wolfenstein 3D.32x</path>
		<name>Wolfenstein 3d</name>
		<desc>En Wolfenstein 3D, el jugador asume el rol del espía aliado William "B.J." Blazkowicz durante la Segunda Guerra Mundial mientras escapa de la prisión nazi alemana Castle Wolfenstein y lleva a cabo una serie de misiones cruciales contra los nazis. El jugador atraviesa cada uno de los niveles del juego para encontrar un ascensor al siguiente nivel o matar a un jefe final, luchando contra soldados nazis, perros y otros enemigos con cuchillos, pistolas y otras armas.</desc>
		<image>./images/Wolfenstein 3D-image.png</image>
		<marquee>./images/Wolfenstein 3D-marquee.png</marquee>
		<thumbnail>./images/Wolfenstein 3D-thumb.png</thumbnail>
		<developer>JLF65</developer>
		<publisher>JLF65</publisher>
		<genre>Shooter / 1ª persona</genre>
		<lang>en</lang>
	</game>
	<game>
		<path>./Knuckles' Chaotix (32X) (JU) [!].32x</path>
		<name>Knuckles' Chaotix</name>
		<desc>Knuckles Chaotix es un spin-off de la serie Sonic the Hedgehog. El personaje protagonista de este título es Knuckles. La jugabilidad es similar a los videojuegos de Sonic de 16 bits pero con la gran diferencia que en este título se escogen a dos personajes: uno principal que será controlado directamente por el jugador, y un ayudante. Ambos personajes agarran en su mano un anillo. Los dos anillos están unidos entre sí por un campo de fuerza atrayente, que será determinante en la jugabilidad. Los nuevos personajes que aparecen son Vector el Cocodrilo, Mighty el Armadillo, Espio el Camaleón y Charmy Bee. También hay dos personajes cuyo único propósito es frenarte, Heavy the Robot y Bomb. También Chaotix añade varios nuevos power-ups y niveles de bonificación en 3D.</desc>
		<image>./images/Knuckles' Chaotix (32X) (JU) [!]-image.png</image>
		<marquee>./images/Knuckles' Chaotix (32X) (JU) [!]-marquee.png</marquee>
		<thumbnail>./images/Knuckles' Chaotix (32X) (JU) [!]-thumb.png</thumbnail>
		<rating>0.75</rating>
		<releasedate>19950320T000000</releasedate>
		<developer>Sonic Team</developer>
		<publisher>SEGA</publisher>
		<genre>Acción</genre>
		<players>2</players>
		<playcount>3</playcount>
		<lastplayed>20211109T165228</lastplayed>
		<gametime>105</gametime>
		<lang>en</lang>
	</game>
	<game>
		<path>./Pitfall (32X) (U) [!].32x</path>
		<name>Pitfall : The Mayan Adventure</name>
		<desc>Pitfall la aventura Maya es un juego de acción lateral en el que controlaremos al aventurero Harry Jr. en busca de su padre Pitfall Harry. El camino en los 13 niveles a través de las selvas mayas, cascadas y minas desiertas será duro pero emocionante. Tendrás que estar atento y rápido, o prepárate para morir.</desc>
		<image>./images/Pitfall (32X) (U) [!]-image.png</image>
		<marquee>./images/Pitfall (32X) (U) [!]-marquee.png</marquee>
		<thumbnail>./images/Pitfall (32X) (U) [!]-thumb.png</thumbnail>
		<rating>0.6</rating>
		<releasedate>19950901T000000</releasedate>
		<developer>Activision</developer>
		<publisher>Activision</publisher>
		<genre>Plataforma</genre>
		<playcount>1</playcount>
		<lastplayed>20220202T145754</lastplayed>
		<gametime>98</gametime>
		<lang>en</lang>
		<region>us</region>
	</game>
	<game>
		<path>./Shadow Squadron (32X) (UE) [!].32x</path>
		<name>Shadow Squadron</name>
		<desc>Shadow Squadron es un shooter de combate espacial en 3D. El jugador controla un luchador espacial en una serie de batallas contra enormes naves enemigas. Hay 2 tipos diferentes de naves, y 6 misiones diferentes. En la mayoría de las misiones, el jugador tiene que destruir varios lugares en una gran nave. Hay dos maneras de jugar al juego. Controlar directamente la nave y maniobrarla alrededor de los entornos de polígonos 3D o dejar a la maquina controlar el vuelo mientras nosotros disparamos desde una torreta.</desc>
		<image>./images/Shadow Squadron (32X) (UE) [!]-image.png</image>
		<marquee>./images/Shadow Squadron (32X) (UE) [!]-marquee.png</marquee>
		<thumbnail>./images/Shadow Squadron (32X) (UE) [!]-thumb.png</thumbnail>
		<rating>0.75</rating>
		<releasedate>19950101T000000</releasedate>
		<developer>SEGA</developer>
		<publisher>SEGA</publisher>
		<genre>Shoot'em Up</genre>
		<players>2</players>
		<lang>en</lang>
		<region>eu</region>
	</game>
	<game>
		<path>./Brutal Unleashed - Above the Claw (32X) (U) [!].32x</path>
		<name>Brutal Unleashed : Above the Claw</name>
		<desc>Al igual que con el original Brutal: Paws of Fury, el juego implica un torneo de artes marciales creado por el Dalai Lama. Una selección de 12 animales antropomórficos están involucrados.
Cada personaje tiene su propio estilo de lucha, movimientos e historia. A medida que avanzas en el juego, desbloquearás más movimientos para cada personaje. También hay un modo de conquista progresiva que te desafía a tomar el control de toda la Isla Brutal.</desc>
		<image>./images/Brutal Unleashed - Above the Claw (32X) (U) [!]-image.png</image>
		<marquee>./images/Brutal Unleashed - Above the Claw (32X) (U) [!]-marquee.png</marquee>
		<thumbnail>./images/Brutal Unleashed - Above the Claw (32X) (U) [!]-thumb.png</thumbnail>
		<rating>0.5</rating>
		<releasedate>19950101T000000</releasedate>
		<developer>GameTek</developer>
		<publisher>GameTek</publisher>
		<genre>Lucha</genre>
		<players>2</players>
		<lang>en</lang>
		<region>us</region>
	</game>
	<game>
		<path>./After Burner Complete (32X) (JU) [!].32x</path>
		<name>After Burner</name>
		<desc>Instálate dentro de tu arma letal, el F-14 Tomcat, arranca el dispositivo de poscombustión y enciende los cielos. Tienes misiones de vuelos durante día y noche, volando por encima de tierra y mar, destruyendo los blancos enemigos con tus mortales misiles Sidewinder.</desc>
		<image>./images/After Burner Complete (32X) (JU) [!]-image.png</image>
		<marquee>./images/After Burner Complete (32X) (JU) [!]-marquee.png</marquee>
		<thumbnail>./images/After Burner Complete (32X) (JU) [!]-thumb.png</thumbnail>
		<rating>0.7</rating>
		<releasedate>19950101T000000</releasedate>
		<developer>Rutubo Games</developer>
		<publisher>SEGA</publisher>
		<genre>Acción</genre>
		<playcount>9</playcount>
		<lastplayed>20220729T220404</lastplayed>
		<gametime>198</gametime>
		<lang>en</lang>
	</game>
</gameList>
