<?xml version="1.0"?>
<gameList>
	<game id="88045">
		<path>./Armor Battle (Mattel Electronics).mgw</path>
		<name>Armor Battle</name>
		<desc>Se encuentra en una peligrosa misión a bordo de un tanque. Para alcanzar y destruir el objetivo asignado, debe maniobrar a través de un campo lleno de minas enemigas. Aunque éstas están ocultas, el equipo de detección de minas en su tanque le advierte de su presencia mediante un zumbido. Ésta es la señal para cambiar de rumbo en la ruta hacia su objetivo. Si usted tropieza con una mina, el tanque será "destruido" y vuelve a su posición de partida original. Si consigue atravesar el campo minado y atacar exitosamente al objetivo, la computadora incorporada generará de forma automática otro reto con una nueva posición de partida, objetivo, y localización de las minas.</desc>
		<image>./images/Armor Battle (Mattel Electronics)-image.png</image>
		<marquee>./images/Armor Battle (Mattel Electronics)-marquee.png</marquee>
		<thumbnail>./images/Armor Battle (Mattel Electronics)-thumb.png</thumbnail>
		<releasedate>19780101T000000</releasedate>
		<developer>Mattel Electronics</developer>
		<publisher>Mattel Electronics</publisher>
		<genre>Acción</genre>
		<players>1</players>
		<md5>688551c48b1e0cdc4b674bccfde5e331</md5>
		<lang>en</lang>
	</game>
	<game id="88046">
		<path>./Banana (VTech, Time &amp; Fun).mgw</path>
		<name>Banana</name>
		<desc>Mueve a un basurero por la calle para limpiar las pieles de plátano. Obtendrás puntos positivos cuando los peatones estén a salvo y negativos cuando se resbalen con ellas.</desc>
		<image>./images/Banana (VTech, Time &amp; Fun)-image.png</image>
		<marquee>./images/Banana (VTech, Time &amp; Fun)-marquee.png</marquee>
		<thumbnail>./images/Banana (VTech, Time &amp; Fun)-thumb.png</thumbnail>
		<releasedate>19810101T000000</releasedate>
		<developer>VTech</developer>
		<publisher>VTech</publisher>
		<genre>Acción</genre>
		<players>1</players>
		<md5>ad0bea890cb2d0876904448ec43689bc</md5>
		<lang>en</lang>
	</game>
	<game id="88047">
		<path>./Baseball (VTech, Explorer Time &amp; Fun).mgw</path>
		<name>Baseball</name>
		<desc>Practica Beisbol moviendo al bateador a izquierda y derecha para golpear las pelotas. Cuando una caiga al suelo harás un strike; con tres strikes se acaba el juego. Sumarás 10 puntos cada vez que golpees una pelota. Se concede un breve periodo de descanso cada 1000 puntos.</desc>
		<image>./images/Baseball (VTech, Explorer Time &amp; Fun)-image.png</image>
		<marquee>./images/Baseball (VTech, Explorer Time &amp; Fun)-marquee.png</marquee>
		<thumbnail>./images/Baseball (VTech, Explorer Time &amp; Fun)-thumb.png</thumbnail>
		<releasedate>19840101T000000</releasedate>
		<developer>VTech</developer>
		<publisher>VTech</publisher>
		<genre>Acción</genre>
		<players>1</players>
		<md5>ac4199b0ab9c81262d3fb340539d0657</md5>
		<lang>en</lang>
	</game>
	<game id="88048">
		<path>./Bomb Fight (VTech, Mini Time &amp; Fun).mgw</path>
		<name>Bomb Fight</name>
		<desc>Un león enfadado lanza bombas sobre un elefante. Usted, con el elefante, deberá escupir agua para desactivar las bombas antes de que exploten. Se suman 10 puntos por cada bomba desctivada. Se perderá una vida cada vez que explote una bomba. Tras la tercera vida perdida se acaba la partida.</desc>
		<image>./images/Bomb Fight (VTech, Mini Time &amp; Fun)-image.png</image>
		<marquee>./images/Bomb Fight (VTech, Mini Time &amp; Fun)-marquee.png</marquee>
		<thumbnail>./images/Bomb Fight (VTech, Mini Time &amp; Fun)-thumb.png</thumbnail>
		<releasedate>19820101T000000</releasedate>
		<developer>VTech</developer>
		<publisher>VTech</publisher>
		<genre>Acción</genre>
		<players>1</players>
		<md5>c022260bc58a517a097643ed79ac2b5a</md5>
		<lang>en</lang>
	</game>
	<game id="88051">
		<path>./Chicky Woggy (VTech, Arcade Time &amp; Fun).mgw</path>
		<name>Chicky Woggy (time And Fun)</name>
		<desc>Ayuda a Chicky Woggy a completar el laberinto llevando los huevos, pero cuidado con los lobos.
Chicky Woggy puede moverse a través de puentes, túneles y pasos subterráneos para escapar de los lobos que le siguen. Cuando cmoas gusanos mágicos, podrás cazar y derrotar a los lobos por un corto periodo de tiempo. Cuando el laberinto se encuentra lleno de huevos podrás visitar un nuevo labrerinto. Al tercer fallo el juego se termina. Sumarás 10 puntos cada vez que coloques un huevo, 50 cada vez que comas un gusano másgico y de 200 a 400 cada vez que derrotes a un lobo. Se otorga una prueba extra cada 2.000 puntos.</desc>
		<image>./images/Chicky Woggy (VTech, Arcade Time &amp; Fun)-image.png</image>
		<marquee>./images/Chicky Woggy (VTech, Arcade Time &amp; Fun)-marquee.png</marquee>
		<thumbnail>./images/Chicky Woggy (VTech, Arcade Time &amp; Fun)-thumb.png</thumbnail>
		<releasedate>19820101T000000</releasedate>
		<developer>VTech</developer>
		<publisher>VTech</publisher>
		<genre>Acción</genre>
		<players>1</players>
		<md5>cb0a3c4406ad467224bc6c2fc1646177</md5>
		<lang>en</lang>
	</game>
	<game id="88052">
		<path>./Condor (VTech, Time &amp; Fun).mgw</path>
		<name>Condor</name>
		<desc>Mueve un hombre de las cavernas para evitar que los cóndores roben su comida para atraparlos a continuación. Cuando un cóndor roba un pedazo de comida se anota una falta. Cinco fallos y el juego acaba. Se anota 1 punto cada vez que atrapa un cóndor. La puntuación máxima visualizada es 9999.</desc>
		<image>./images/Condor (VTech, Time &amp; Fun)-image.png</image>
		<marquee>./images/Condor (VTech, Time &amp; Fun)-marquee.png</marquee>
		<thumbnail>./images/Condor (VTech, Time &amp; Fun)-thumb.png</thumbnail>
		<releasedate>19810101T000000</releasedate>
		<developer>VTech</developer>
		<publisher>VTech</publisher>
		<genre>Acción</genre>
		<players>1</players>
		<md5>59904a8919275380b2cd1bd71e446c7a</md5>
		<lang>en</lang>
	</game>
	<game id="88053">
		<path>./Crazy Chewy (VTech, Electronic Tini-Arcade).mgw</path>
		<name>Crazy Chewy</name>
		<desc>Te encuentras en un laberinto de aguas profundas. Tu tarea es superar a los monstruos marinos. En cada movimiento absorverá un punto de energía para continuar y anotar puntos. Su objetivo es limpiar el laberinto completamente. 

Los monstruos tratarán de proteger el territorio y perseguirte. Si eres capturado perderás una vida de tus tres vidas. Si logras absorber un "energizador marino" podrás perseguir y destruir a los monstruos marinos obteniendo puntos extra. Hay muchos átomos de energía, energizantes marinos y dos estrellas de bonificación (que parpadean y se apagan). Si logras limpiar el laberinto por completo podrás pasar de fase. Hay dos túneles secretos dentro del laberinto por lo que tanto Chewy como los monstruos podrán pasar. Los túneles se indican mediante flechas en la pantalla. Conseguirás 10 puntos cada vez que absorbas un átomo de energía, 200 cuando un monstruo marino sea derrotado y 2000 cada vez que absrovas una estrella de bonificación. Cada 20000 puntos se consigue una vida extra. La puntuación máxima es de 99990 puntos.</desc>
		<image>./images/Crazy Chewy (VTech, Electronic Tini-Arcade)-image.png</image>
		<marquee>./images/Crazy Chewy (VTech, Electronic Tini-Arcade)-marquee.png</marquee>
		<thumbnail>./images/Crazy Chewy (VTech, Electronic Tini-Arcade)-thumb.png</thumbnail>
		<releasedate>19820101T000000</releasedate>
		<developer>VTech</developer>
		<publisher>VTech</publisher>
		<genre>Acción</genre>
		<players>1</players>
		<md5>977d72bc01858ee843248235f8f5560c</md5>
		<lang>en</lang>
	</game>
	<game id="88054">
		<path>./Defendo (VTech, Explorer Time &amp; Fun).mgw</path>
		<name>Defendo</name>
		<desc>Los soldados enemigos se mueven continuamente hacia tu campamento desde tres caminos intentando robar el oro de tu ejército.
Mueve al valiente soldado para evitar que los soldados lleguen al campamento.
Cuando un enemigo alcanza el campamento con éxito, se pierde una oportunidad.
Si fallas cinco veces, el juego termina.
Se anota 1 punto cada vez que se golpea a un soldado enemigo.
La puntuación máxima mostrada es de 9999.</desc>
		<image>./images/Defendo (VTech, Explorer Time &amp; Fun)-image.png</image>
		<marquee>./images/Defendo (VTech, Explorer Time &amp; Fun)-marquee.png</marquee>
		<thumbnail>./images/Defendo (VTech, Explorer Time &amp; Fun)-thumb.png</thumbnail>
		<releasedate>19840101T000000</releasedate>
		<developer>VTech</developer>
		<publisher>VTech</publisher>
		<genre>Acción</genre>
		<players>1</players>
		<md5>4a15376ad381de2178459b63e8c2eb8a</md5>
		<lang>en</lang>
	</game>
	<game id="99463">
		<path>./Donkey Kong (Coleco).mgw</path>
		<name>Donkey Kong</name>
		<desc>Mueve a Mario para rescatar a su novia, secuestrada por Donkey Kong. En los niveles impares Donkey Kong lanzará barriles a Mario. Muévelo por la parte superior del edificio evitanado los barriles. En los niveles pares mueve a Mario para eliminar todos los remaches de las vigas. Hay bolas de fuego colgantes, asegúrate de que Mario no las toque.
Información adicional: no dejes que Mario se mueva demasiado a la izquierda o a la derecha de las vigas o se caerá. La escalera de la izquierda en la segunda viga es una "posición segura" para que no te alcancen los barriles. Maro puede andar, pero no saltar por encima de la reja eléctrica que proteje a Donkey Kong.</desc>
		<image>./images/Donkey Kong (Coleco)-image.png</image>
		<marquee>./images/Donkey Kong (Coleco)-marquee.png</marquee>
		<thumbnail>./images/Donkey Kong (Coleco)-thumb.png</thumbnail>
		<releasedate>20020409T000000</releasedate>
		<developer>Coleco Industries, Inc.</developer>
		<publisher>Coleco Industries, Inc.</publisher>
		<family>Donkey Kong</family>
		<players>1</players>
		<md5>0edd6829601d821199ce6b48fdb3608c</md5>
		<lang>en</lang>
	</game>
	<game id="88055">
		<path>./Donkey Kong (Nintendo, Multi Screen).mgw</path>
		<name>Donkey Kong (multi Screen)</name>
		<desc>Mario debe alcanzar la parte superior de la estructura y activar una palanca que pondrá una grúa a su alcance. Entonces deberá saltar a la grúa y demoler poco a poco la estructura sobre la que Donkey Kong está parado y así poder rescatar a Pauline.</desc>
		<image>./images/Donkey Kong (Nintendo, Multi Screen)-image.png</image>
		<marquee>./images/Donkey Kong (Nintendo, Multi Screen)-marquee.png</marquee>
		<thumbnail>./images/Donkey Kong (Nintendo, Multi Screen)-thumb.png</thumbnail>
		<releasedate>19820603T000000</releasedate>
		<developer>Nintendo</developer>
		<publisher>Nintendo</publisher>
		<genre>Acción</genre>
		<family>Donkey Kong</family>
		<players>1</players>
		<md5>b2016112cb17e4032f7b3886db4d6f6c</md5>
		<lang>en</lang>
	</game>
	<game id="99461">
		<path>./Donkey Kong Circus (Nintendo, Panorama Screen).mgw</path>
		<name>Donkey Kong Circus</name>
		<desc>Donkey Kong hace juegos malabares con piñas mientras se balancea en un barril. Coge las piñas, pero ten cuidado con las bolas de fuego. Donkey Kong lanzará automáticamente la piña que capture. Las vidas se pierden cuando una piña cae en el suelo o si Donkey Kong toca una bola de fuego. Mario se reirá de Donkey Kong cuando este falle. Tres fallos y el juego termina. Recibirás 1 punto por cada piña que Donkey Kong coja y lanze. La puntuación máxima es de 999 puntos. A los 300 puntos sonrarán fanfarrias y todas los fallos serán cancelados. Cuando se alcanzan los 300 puntos el juego entra en "Chance-Time" y todos los puntos tienen doble valor (2 puntos por piña capturadas) hasta que se cometa un fallo.</desc>
		<image>./images/Donkey Kong Circus (Nintendo, Panorama Screen)-image.png</image>
		<marquee>./images/Donkey Kong Circus (Nintendo, Panorama Screen)-marquee.png</marquee>
		<thumbnail>./images/Donkey Kong Circus (Nintendo, Panorama Screen)-thumb.png</thumbnail>
		<releasedate>19840906T000000</releasedate>
		<developer>Nintendo</developer>
		<publisher>Nintendo</publisher>
		<genre>Acción</genre>
		<family>Donkey Kong</family>
		<players>1</players>
		<md5>a2dc6900bc58aab4090ceb1cce5bf612</md5>
		<lang>en</lang>
	</game>
	<game id="88098">
		<path>./Donkey Kong Jr. (Nintendo, Panorama Screen).mgw</path>
		<name>Donkey Kong Jr. (panorama Screen)</name>
		<desc>Donkey Kong ha sido capturado por Mario.
Donkey Kong Jr. tiene que liberarlo de sus cadenas.
En el camino, Donkey Kong Jr. será atacado por pájaros.
Usa sombrillas y globos para saltar desde las alturas y alcanzar los candados.
Cuando abras los 4 candados, liberarás a Donkey Kong.
Cada vez que abre un candado, Donkey Kong Jr. tiene que empezar desde cero para recuperar la llave, y luego volver para liberar a su padre.
Después de tres intentos, el juego termina.
La mayor puntuación visualizable es 999 puntos.
Después de 999 puntos conseguidos, el juego se reanuda desde cero a una velocidad mayor.</desc>
		<image>./images/Donkey Kong Jr. (Nintendo, Panorama Screen)-image.png</image>
		<marquee>./images/Donkey Kong Jr. (Nintendo, Panorama Screen)-marquee.png</marquee>
		<thumbnail>./images/Donkey Kong Jr. (Nintendo, Panorama Screen)-thumb.png</thumbnail>
		<releasedate>19821026T000000</releasedate>
		<developer>Nintendo</developer>
		<publisher>Nintendo</publisher>
		<genre>Acción</genre>
		<family>Donkey Kong</family>
		<players>1</players>
		<md5>14df09b2218e7d70d27387b37e812d87</md5>
		<lang>en</lang>
	</game>
	<game id="88099">
		<path>./Donkey Kong Jr. (Nintendo, Table Top).mgw</path>
		<name>Donkey Kong Jr. (table Top)</name>
		<desc>Donkey Kong ha sido capturado por Mario.
Donkey Kong Jr. tiene que liberarlo de sus cadenas.
En el camino, Donkey Kong Jr. será atacado por pájaros.
Usa sombrillas y globos para saltar desde las alturas y alcanzar los candados.
Cuando abras los 4 candados, liberarás a Donkey Kong.
Cada vez que abre un candado, Donkey Kong Jr. tiene que empezar desde cero para recuperar la llave, y luego volver para liberar a su padre.
Después de tres intentos, el juego termina.
La mayor puntuación visualizable es 999 puntos.
Después de 999 puntos conseguidos, el juego se reanuda desde cero a una velocidad mayor.</desc>
		<image>./images/Donkey Kong Jr. (Nintendo, Table Top)-image.png</image>
		<marquee>./images/Donkey Kong Jr. (Nintendo, Table Top)-marquee.png</marquee>
		<thumbnail>./images/Donkey Kong Jr. (Nintendo, Table Top)-thumb.png</thumbnail>
		<releasedate>19830423T000000</releasedate>
		<developer>Nintendo</developer>
		<publisher>Nintendo</publisher>
		<genre>Acción</genre>
		<family>Donkey Kong</family>
		<players>1</players>
		<md5>5e6556ad647208f66938f67506c7fa6a</md5>
		<lang>en</lang>
	</game>
	<game id="88058">
		<path>./Dungeons &amp; Dragons Computer Fantasy Game (Mattel Electronics, Arcade Action Series).mgw</path>
		<name>Dungeons &amp; Dragons Computer Fantasy Game</name>
		<desc>Pulsa el botón "ATTACK" para salir del modo de demostración; la pantalla muestra L1, para nivel de dificultad 1.
Pulsa el botón "MOVE" 1 o 2 veces para seleccionar el nivel de dificultad 1, 2 o 3.
Nivel 1: El guerrero tiene la cuerda mágica al comienzo del juego.
Nivel 2: La cuerda mágica está escondida al azar y se debe encontrar para ser utilizada.
Nivel 3: No hay una cuerda mágica.
Consigues 1 punto cada 5 segundos.
El número máximo de puntos que se pueden mostrar es 99.
La puntuación más baja es el mejor puntaje, el puntaje 99 significa el final del juego.
Haz clic en el botón de ataque al final del juego para reiniciarlo, o manten presionado el botón de ataque durante 5 segundos para poner el juego en modo demostración.</desc>
		<image>./images/Dungeons &amp; Dragons Computer Fantasy Game (Mattel Electronics, Arcade Action Series)-image.png</image>
		<marquee>./images/Dungeons &amp; Dragons Computer Fantasy Game (Mattel Electronics, Arcade Action Series)-marquee.png</marquee>
		<thumbnail>./images/Dungeons &amp; Dragons Computer Fantasy Game (Mattel Electronics, Arcade Action Series)-thumb.png</thumbnail>
		<releasedate>19810101T000000</releasedate>
		<developer>Mattel Electronics</developer>
		<publisher>Mattel Electronics</publisher>
		<genre>Acción</genre>
		<family>Dungeons &amp; Dragons</family>
		<players>1</players>
		<md5>1df1763269b993c886bc7f34a0caf390</md5>
		<lang>en</lang>
	</game>
	<game id="99462">
		<path>./Egg (Nintendo, Wide Screen).mgw</path>
		<name>Egg</name>
		<desc>Las gallinas pondrán huevos.
Controla al lobo para que los atrape con su sombrero.
Cuando el lobo deja caer un huevo, no anotas un punto.
El gallo aparece y desaparece cada cinco segundos.
Cuando el gallo aparece mientras el huevo cae, pierdes una oportunidad.
Después de tres intentos, el juego termina.
Ganarás 1 punto por cada huevo recogido.
A los 200 y 500 puntos, sonará una fanfarria y se borrarán los fallos acumulados.</desc>
		<image>./images/Egg (Nintendo, Wide Screen)-image.png</image>
		<marquee>./images/Egg (Nintendo, Wide Screen)-marquee.png</marquee>
		<thumbnail>./images/Egg (Nintendo, Wide Screen)-thumb.png</thumbnail>
		<releasedate>19811009T000000</releasedate>
		<developer>Nintendo</developer>
		<publisher>Nintendo</publisher>
		<players>1</players>
		<md5>dd5893bb42ebccb1a6673641297689f0</md5>
		<lang>en</lang>
	</game>
	<game id="88059">
		<path>./Engine Room (VTech, Explorer Time &amp; Fun).mgw</path>
		<name>Engine Room</name>
		<desc>El motor del barco necesita combustible, o no podrá continuar su crucero por el océano.
Depende de ti echar carbón continuamente en la caldera.
Si pones muy poco carbón, se te anotará una falta.
Un amigo aparece de vez en cuando para traerte un poco de té (juego B solamente).
El juego termina después de tres faltas.
Obtienes 10 puntos por cada carbón arrojado en el horno.
Obtienes 50 puntos cada vez que bebes té.
Se concede una pausa cada 1000 puntos.
El mayor puntaje visualizable es 9990.</desc>
		<image>./images/Engine Room (VTech, Explorer Time &amp; Fun)-image.png</image>
		<marquee>./images/Engine Room (VTech, Explorer Time &amp; Fun)-marquee.png</marquee>
		<thumbnail>./images/Engine Room (VTech, Explorer Time &amp; Fun)-thumb.png</thumbnail>
		<releasedate>19840101T000000</releasedate>
		<developer>VTech</developer>
		<publisher>VTech</publisher>
		<genre>Acción</genre>
		<players>1</players>
		<md5>bd58f1aa5676a920c35670c517063c9c</md5>
		<lang>en</lang>
	</game>
	<game id="88060">
		<path>./Escape (VTech, Time &amp; Fun).mgw</path>
		<name>Escape</name>
		<desc>Controla el movimiento del prisionero para evitar ser atrapado por los guardias.
Escapa a través de la puerta tan pronto como esta se abra.
Cuando el prisionero es descubierto por un guardia, será atrapado, lo que significa 1 falta.
5 faltas y el juego terminará.
Se otorga 1 punto cuando un prisionero sale exitosamente de la cárcel.
La puntuación máxima visualizada es 9999.</desc>
		<image>./images/Escape (VTech, Time &amp; Fun)-image.png</image>
		<marquee>./images/Escape (VTech, Time &amp; Fun)-marquee.png</marquee>
		<thumbnail>./images/Escape (VTech, Time &amp; Fun)-thumb.png</thumbnail>
		<releasedate>19810101T000000</releasedate>
		<developer>VTech</developer>
		<publisher>VTech</publisher>
		<genre>Acción</genre>
		<players>1</players>
		<md5>0028a6b1ca34a95e27aa4fae232078cb</md5>
		<lang>en</lang>
	</game>
	<game id="88061">
		<path>./Explorers of Space (Elektronika).mgw</path>
		<name>Explorers Of Space</name>
		<desc>Pulsa el botón A para jugar el modo A (fácil).
Pulsa el botón B para jugar al modo B (difícil).
Pulsa los botones A + B para jugar el juego A + B (diferente).
* Instrucciones (juegos A y B):
Tu nave ha aterrizado en un planeta hostil. Las naves enemigas atacan tu nave disparando misiles dirigidos contra ella. Mueve el escudo de energía de tu nave para detener los misiles enemigos. Faltas: se marca una falta por cada misil enemigo que impacte en tu nave. Si su nave nodriza (la más grande en la parte superior de la pantalla) está en la pantalla mientras el misil golpea su nave, se anota la mitad de una falta; las marcas de error parpadean. Si su nave nodriza no está en la pantalla mientras el misil impacta tu nave, se anota una falta completa; Las marcas de falta parpadearán. 1 punto por misil enemigo detenido.
* Instrucciones (juego A + B):
Dispara misiles desde las esquinas de la pantalla a la nave del centro de la pantalla. La computadora controla el escudo de energía de la nave. Tienes 300 misiles disponibles. 1 punto por misil impactado en la nave.
A los 200 y 500 puntos, si hay uno o más faltas, suena una fanfarria y se borran todas las faltas (juegos A y B solamente).
La puntuación máxima visualizada es de 999 puntos.</desc>
		<image>./images/Explorers of Space (Elektronika)-image.png</image>
		<marquee>./images/Explorers of Space (Elektronika)-marquee.png</marquee>
		<thumbnail>./images/Explorers of Space (Elektronika)-thumb.png</thumbnail>
		<releasedate>19890101T000000</releasedate>
		<developer>Elektronika</developer>
		<publisher>Elektronika</publisher>
		<genre>Acción</genre>
		<players>1</players>
		<md5>685e884c2087988f9de024d89f9fa439</md5>
		<lang>en</lang>
	</game>
	<game id="88062">
		<path>./Fowling (Elektronika).mgw</path>
		<name>Fowling</name>
		<desc>Caza la mayor cantidad de pájaros posible colocando el arma en la dirección correcta mientras los pájaros vuelan.
Faltas: se marca una falta por cada ave perdida.
Si el perro de la parte superior está en la pantalla mientras el pájaro se va volando, se anota media falta; La marca de miss parpadea.
Si el perro no está en la pantalla, y el pájaro se va volando, se marca una falla completa; aparece la marca de la falta.
1 punto por ave muerta.
A los 200 y 500 puntos, si hay uno o más faltas, suena una fanfarria y se eliminan todas las faltass.
La puntuación máxima visualizada es de 999 puntos.</desc>
		<image>./images/Fowling (Elektronika)-image.png</image>
		<marquee>./images/Fowling (Elektronika)-marquee.png</marquee>
		<thumbnail>./images/Fowling (Elektronika)-thumb.png</thumbnail>
		<releasedate>19890101T000000</releasedate>
		<developer>Elektronika</developer>
		<publisher>Elektronika</publisher>
		<genre>Acción</genre>
		<players>1</players>
		<md5>0af8c9744c739381da0cbbfabae79e3f</md5>
		<lang>en</lang>
	</game>
	<game id="88063">
		<path>./Frog Boaster (Elektronika).mgw</path>
		<name>Frog Boaster</name>
		<desc>Mueve a la rana para atrapar las mariposas.
Cuando una mariposa escapa, se anota una falta.
El pollo aparece y desaparece cada cinco segundos.
Si el pollo está en pantalla mientras las mariposa escapan, se anota la mitad de la falta
Tres faltas completas y el juego habrá terminado.
Se anota 1 punto por cada mariposa atrapada por la rana.
A los 200 y 500 puntos, si hay una o más faltas, sonará una fanfarria y se cancelarán todas las faltas.
La puntuación máxima visualizada es de 999 puntos.</desc>
		<image>./images/Frog Boaster (Elektronika)-image.png</image>
		<marquee>./images/Frog Boaster (Elektronika)-marquee.png</marquee>
		<thumbnail>./images/Frog Boaster (Elektronika)-thumb.png</thumbnail>
		<releasedate>19920101T000000</releasedate>
		<developer>Elektronika</developer>
		<publisher>Elektronika</publisher>
		<genre>Acción</genre>
		<players>1</players>
		<md5>8e975a26293984cf00a7bffa552d3032</md5>
		<lang>en</lang>
	</game>
	<game id="88064">
		<path>./Galaxy II (Epoch).mgw</path>
		<name>Galaxy II</name>
		<desc>El juego se divide en cuatro fases. 
En la Fase 1 debes destruir un escuadrón de luchadores que atacan de dos formas distintas: un zigzag y un movimiento hacia atrás.
En la Fase 2 ataca un nuevo escuadrón, esta vez en una formación circular. 
En la Fase 3 los buques de enemigos son vulnerables, pero ten cuidado con su aluvión lanza misiles! 
En la Fase 4 se le desafía a completar una difícil maniobra de acoplamiento. Su nave terrestre lanza un transbordador espacial y comienza la cuenta atrás. 
Cinco fallos y se acabará juego (fases 1 a 3). En la Fase 1, los barcos de guerra enemigos de las filas superiores valen 10 o 20 puntos cada uno. En la Fase 1 los buques de guerra enemigos que se mueven hacia abajo valen 40 o 50 puntos cada uno. En la Fase 2 los buques de guerra enemigos valen 70 puntos cada uno. En la Fase 3 los barcos de mando enemigos valen 100 puntos cada uno. En la Fase 4, obtendrás puntos de bonificación. La cantidad de puntos depende de cuánto tiempo necesites para completar la maniobra de acoplamiento. La puntuación máxima es de 10000 puntos.</desc>
		<image>./images/Galaxy II (Epoch)-image.png</image>
		<marquee>./images/Galaxy II (Epoch)-marquee.png</marquee>
		<thumbnail>./images/Galaxy II (Epoch)-thumb.png</thumbnail>
		<developer>Epoch</developer>
		<publisher>Epoch</publisher>
		<genre>Acción</genre>
		<players>1</players>
		<md5>10d1d89a2164c5d0e1e273bf71872e7b</md5>
		<lang>en</lang>
	</game>
	<game id="88066">
		<path>./Grab Man (unknown manufacturer, Game &amp; Time).mgw</path>
		<name>Grab Man</name>
		<desc>Igual que Pac Man: ¿realmente necesitas instrucciones?
Aviso: ¡Grab Man solo puede comer píldoras cuando camina de derecha a izquierda!
Píldora: 5 puntos.
Píldora de energía: 100 puntos.
Fantasmas: 200 a 800 puntos.
Manzana: 200 a 2000 puntos (dependiendo de la fase del juego). Las manzanas aparecen cada vez que Grab Man come 8 píldoras
Los puntos de bonificación (1000) se dan en el nivel 6 y en cada 5 niveles.
Se otorga una vida extra a los 5000 y cada 20000 puntos (en caso de que te queden menos de 3 vidas).</desc>
		<image>./images/Grab Man (unknown manufacturer, Game &amp; Time)-image.png</image>
		<marquee>./images/Grab Man (unknown manufacturer, Game &amp; Time)-marquee.png</marquee>
		<thumbnail>./images/Grab Man (unknown manufacturer, Game &amp; Time)-thumb.png</thumbnail>
		<releasedate>19800101T000000</releasedate>
		<developer>unknown manufacturer</developer>
		<publisher>unknown manufacturer</publisher>
		<genre>Acción</genre>
		<players>1</players>
		<md5>32db9b28a606bde32c1005c1343d5c33</md5>
		<lang>en</lang>
	</game>
	<game id="88068">
		<path>./Hippo Teeth (VTech, Sporty Time &amp; Fun).mgw</path>
		<name>Hippo Teeth (sporty Time And Fun)</name>
		<desc>Ayuda al dentista a evitar que las caries se coman los dientes del hipopótamo. Cuando una caries se come un diente se marca una falta. Tres fallos y el juego termina. Obtendrás 10 puntos por cada uno de las caries muertas. Todos los dientes se restauran cada 1000 puntos anotados. La puntuación máxima visualizada es 9999.</desc>
		<image>./images/Hippo Teeth (VTech, Sporty Time &amp; Fun)-image.png</image>
		<marquee>./images/Hippo Teeth (VTech, Sporty Time &amp; Fun)-marquee.png</marquee>
		<releasedate>19820101T000000</releasedate>
		<developer>VTech</developer>
		<publisher>VTech</publisher>
		<genre>Acción</genre>
		<players>1</players>
		<md5>c790b06e43e5a6a3d6cb57936e06880c</md5>
		<lang>en</lang>
	</game>
	<game id="88071">
		<path>./Las Vegas (Bandai, LCD Game Digital).mgw</path>
		<name>Las Vegas</name>
		<desc>Tu héroe es muy pobre porque perdió todo su dinero jugando a las máquinas tragaperras. Hay algunos jugadores más afortunados que él cuyas monedas se caen de las máquinas y tu héroe intenta recogerlas. Cuando recoja 100 monedas, jugará a la máquina tragaperras y tratará de ganar algo más de dinero. El juego de azar comienza cada vez que alcanzas 1000 puntos. Conseguirás 10 puntos cuando tu héroe consiga una moneda que cae, 100 puntos cuando tu héroe consigue un "111" en la máquina tragaperras, 200 cuando tu héroe marca "333" y 500 cuando tu héroe marca "777" en la máquina tragaperras. Perderás una bolsa de dinero cuando tu héroe marque una falta en el juego de azar.</desc>
		<image>./images/Las Vegas (Bandai, LCD Game Digital)-image.png</image>
		<marquee>./images/Las Vegas (Bandai, LCD Game Digital)-marquee.png</marquee>
		<thumbnail>./images/Las Vegas (Bandai, LCD Game Digital)-thumb.png</thumbnail>
		<releasedate>19820101T000000</releasedate>
		<developer>Bandai Namco</developer>
		<publisher>Bandai Namco</publisher>
		<genre>Acción</genre>
		<players>1</players>
		<md5>c99167216d839615375ab099c43e707e</md5>
		<lang>en</lang>
	</game>
	<game id="88072">
		<path>./Lifeboat (Nintendo, Multi Screen).mgw</path>
		<name>Lifeboat</name>
		<desc>Se provoca un incendio en un barco de lujo. y los pasajeros están saltando por la borda. Coloque el bote salvavidas para poder atrapar a los pasajeros. El bote salvavidas tiene capacidad para cuatro pasajeros que deberá descargar en las orillas a izquierda y derecha de la pantalla.

Gana 1 punto por cada persona atrapada y 1 punto por persona descargada en la orilla. La puntuación máxima es de 999 puntos. Cada 300 puntos sonarán fanfarrias y todas las caídas serán canceladas. Cuando se alcanzan los 300 puntos, el juego entra en "Chance-Time": la puntuación parpadea y todos los puntos que se otorgan tienen valor doble hasta que se produce un fallo.</desc>
		<image>./images/Lifeboat (Nintendo, Multi Screen)-image.png</image>
		<marquee>./images/Lifeboat (Nintendo, Multi Screen)-marquee.png</marquee>
		<thumbnail>./images/Lifeboat (Nintendo, Multi Screen)-thumb.png</thumbnail>
		<releasedate>19831016T000000</releasedate>
		<developer>Nintendo</developer>
		<publisher>Nintendo</publisher>
		<genre>Acción</genre>
		<players>1</players>
		<md5>1b3c3d5af4efe54d4145c5e57eaad292</md5>
		<lang>en</lang>
	</game>
	<game id="88073">
		<path>./Mario Bros. (Nintendo, Multi Screen).mgw</path>
		<name>Mario Bros.</name>
		<desc>Mario vuelve a la acción con su hermano Luigi, trabajando en una planta embotelladora, cargando cajas en una cinta transportadora.
El transportador lleva las cajas hacia arriba para cargarlas en camiones.
Controla a Mario y Luigi escaleras arriba y abajo para coger cajas.
Cuando se cae una caja, el capataz se enfada y te marca una falta.
Tres errores y juego se acabará.
Te darán 1 punto por cada caja cargada en una cinta transportadora.
Te darán 10 puntos por camión cargado con 8 cajas.
A los 300 puntos sonará una fanfarria y todas las faltas se retirarán; si no hay errores cuando se alcanzan los 300 puntos, el juego entra en "TIEMPO DE OCASIÓN".
El marcador parpaderá y todos los puntos valdrán el doble hasta que cometas un error.
La puntuación máxima visualizada es de 999 puntos.</desc>
		<image>./images/Mario Bros. (Nintendo, Multi Screen)-image.png</image>
		<marquee>./images/Mario Bros. (Nintendo, Multi Screen)-marquee.png</marquee>
		<thumbnail>./images/Mario Bros. (Nintendo, Multi Screen)-thumb.png</thumbnail>
		<rating>0.8</rating>
		<releasedate>19830314T000000</releasedate>
		<developer>Nintendo</developer>
		<publisher>Nintendo</publisher>
		<genre>Acción</genre>
		<players>1</players>
		<md5>4b1b0a2ff2bd69306fd3d323264d0e14</md5>
		<lang>en</lang>
	</game>
	<game id="88075">
		<path>./Mickey Mouse (Nintendo, Panorama Screen).mgw</path>
		<name>Mickey Mouse (panorama Screen)</name>
		<desc>Mickey Mouse realiza acrobacias con bastones mientras se balancea sobre una pelota en un circo.
El pato Donald observa sus hazañas acrobáticas.
Mueve a Mickey hacia la izquierda y hacia la derecha para atrapar los bastones, pero ten cuidado con las antorchas encendidas.
Se anota una fallo cuando Mickey no puede atrapar un bastón, o cuando atrapa una antorcha encendida.
Tres fallos y el juego termina.
1 punto por cada bastón que Mickey atrapa y arroja.
La puntuación máxima visualizada es 999.
A los 300 puntos suena la fanfarria y se cancelan todos los fallos.
Si no se producen fallos cuando se alcanzan los 300 puntos, el juego entra en "Chance-Time": todos los puntos se otorgan al doble valor (2 puntos por bastón atrapado) hasta que se comete un fallo.</desc>
		<image>./images/Mickey Mouse (Nintendo, Panorama Screen)-image.png</image>
		<marquee>./images/Mickey Mouse (Nintendo, Panorama Screen)-marquee.png</marquee>
		<thumbnail>./images/Mickey Mouse (Nintendo, Panorama Screen)-thumb.png</thumbnail>
		<releasedate>19840101T000000</releasedate>
		<developer>Nintendo</developer>
		<publisher>Nintendo</publisher>
		<genre>Acción</genre>
		<family>Mickey Mouse</family>
		<players>1</players>
		<md5>b6d5dc2f9524d8c6144517bd94b51188</md5>
		<lang>en</lang>
	</game>
	<game id="88077">
		<path>./Monkey (VTech, Time &amp; Fun).mgw</path>
		<name>Monkey</name>
		<desc>Los monos suben continuamente a los árboles para robar cocos.
Debes intentar evitar que los cocos sean robados.
Cuando un mono alcanza con éxito un coco, se anota un fallo.
Cinco falloss y el juego terminará.
Se anota 1 punto cada vez que golpeas a un mono.
La puntuación máxima visualizada es 9999.</desc>
		<image>./images/Monkey (VTech, Time &amp; Fun)-image.png</image>
		<marquee>./images/Monkey (VTech, Time &amp; Fun)-marquee.png</marquee>
		<thumbnail>./images/Monkey (VTech, Time &amp; Fun)-thumb.png</thumbnail>
		<releasedate>19810101T000000</releasedate>
		<developer>VTech</developer>
		<publisher>VTech</publisher>
		<genre>Acción</genre>
		<players>1</players>
		<md5>b09e5ac17c86ee370b6e17405aec6d5b</md5>
		<lang>en</lang>
	</game>
	<game id="88078">
		<path>./Monkey Jump (VTech, Arcade Time &amp; Fun).mgw</path>
		<name>Monkey Jump</name>
		<desc>Kong a secuestrado a una chica muy guapa y la llevó a la misteriosa jungla.
Ella está esperando que la salves. Ahora depende de ti llegar hasta ella.
Puedes escapar saltando los neumáticos que te lanza Kong.
Es posible que desees descansar por un tiempo en tocones colocados aquí y allá.
Hay cuatro elementos en el lado izquierdo del árbol. El bolso y el zapato en los pisos 1 y 3 te otorgan puntos de bonificación.
Los pasteles mágicos en los pisos 2 y 4 te hacen invencible por un corto tiempo.
Puedes aplastar neumáticos simplemente golpeándolos, y otorgan puntos de bonificación.
Cuando salvas a la chica, ella te premia con un beso.
Pero ten cuidado con Kong, ¡él la secuestrará de nuevo!
Cada 4 etapas completadas, Kong cae del árbol, luego el juego comienza de nuevo con mayor dificultad.
Si se acaba el tiempo, o te golpea un neumático, perderás una vida.
Cuando todas las vidas se pierden, el juego termina.
Se anotan 10 puntos al saltar un neumático.
Se anotan 100 puntos al obtener un elemento de bonificación.
Se anotan 100 puntos al romper un neumático.
Se anotan 300 y 500 puntos al completar el nivel (dependiendo del tiempo restante).
Una vida extra se otorga al completar el nivel 2 y cada 4 niveles.
La puntuación máxima mostrada es 99990.</desc>
		<image>./images/Monkey Jump (VTech, Arcade Time &amp; Fun)-image.png</image>
		<marquee>./images/Monkey Jump (VTech, Arcade Time &amp; Fun)-marquee.png</marquee>
		<thumbnail>./images/Monkey Jump (VTech, Arcade Time &amp; Fun)-thumb.png</thumbnail>
		<releasedate>19820101T000000</releasedate>
		<developer>VTech</developer>
		<publisher>VTech</publisher>
		<genre>Acción</genre>
		<players>1</players>
		<md5>4a7889be15869544517c1452558c8fcb</md5>
		<lang>en</lang>
	</game>
	<game id="88079">
		<path>./Motor Cross (Queentex).mgw</path>
		<name>Motor Cross</name>
		<desc>Tu objetivo es adelantar a tantos motoristas como sea posible antes de quedarte sin combustible o estrellar tu moto.
Tan pronto como ganes una cantidad fija de puntos en la pista actual, una nueva pista estará disponible para que puedas competir.
Al comienzo de la pista, tendrás una moto nueva con tanque de combustible lleno.
Algunas veces, aparecen una bomba de combustible o una llave inglesa en el lado izquierdo o derecho de la carretera.
Puedes llenar tu tanque de combustible o reparar tu moto moviéndote cerca de ellos y luego presionando Start para recogerlos.
Cuando termines el juego, puedes continuar pulsando Inicio antes de que la palabra "CON" se desvanezca (10 segundos).
Ejecutará la misma pista y tu puntuación se reiniciará a cero. 100 puntos por cada moto adelantada, (velocidad lenta).
200 puntos por cada moto adelantada, (velocidad media).
300 puntos por cada moto adelantada, (velocidad rápida).
La puntuación máxima visualizada es 199900 puntos, luego la puntuación se restablece a 0.</desc>
		<image>./images/Motor Cross (Queentex)-image.png</image>
		<marquee>./images/Motor Cross (Queentex)-marquee.png</marquee>
		<thumbnail>./images/Motor Cross (Queentex)-thumb.png</thumbnail>
		<releasedate>19800101T000000</releasedate>
		<developer>Queentex</developer>
		<publisher>Queentex</publisher>
		<genre>Acción</genre>
		<players>1</players>
		<md5>25f95645a7c992f2936f12445c3a1386</md5>
		<lang>en</lang>
	</game>
	<game id="88080">
		<path>./Pac Man (Tomytronic).mgw</path>
		<name>Pac Man</name>
		<desc>¿Realmente necesita instrucciones para Pac Man? :-) Aviso: Pac Man sólo puede comer píldoras al caminar de derecha a izquierda! El juego en modo fácil pasa automáticamente a profesional en el nivel 4 (esto significa que habrá tres fantasmas en el laberinto en lugar de dos). Los puntos se repartirán de la siguiente manera: píldoras 2 puntos, estrella 50, fantasmas de 100 a 400 puntos y cereza de 100 a 400 puntos (dependiendo de la etapa del juego). Las cerezas aparecen cuando Pac Man come 8 píldoras (máximo 2 cerezas por etapa). Se consigue una vida extra a los 2.000 puntos.</desc>
		<image>./images/Pac Man (Tomytronic)-image.png</image>
		<marquee>./images/Pac Man (Tomytronic)-marquee.png</marquee>
		<thumbnail>./images/Pac Man (Tomytronic)-thumb.png</thumbnail>
		<releasedate>19810101T000000</releasedate>
		<developer>Tomytronic</developer>
		<publisher>Tomytronic</publisher>
		<genre>Acción</genre>
		<family>Pac-Man</family>
		<players>1</players>
		<md5>6d47c497863374145a662d7ee596ec8b</md5>
		<lang>en</lang>
	</game>
	<game id="88081">
		<path>./Pancake (VTech, Time &amp; Fun).mgw</path>
		<name>Pancake</name>
		<desc>Mueve al ocupado camarero por el restaurante para llevar pancakes del cocinero al hambriento cliente.
Cuando un pancake cae al suelo, se marca una fallo.
Cinco falloss y el juego terminará.
Se otorga 1 punto por cada pancake entregado con éxito.
La puntuación máxima visualizada es 9999.</desc>
		<image>./images/Pancake (VTech, Time &amp; Fun)-image.png</image>
		<marquee>./images/Pancake (VTech, Time &amp; Fun)-marquee.png</marquee>
		<thumbnail>./images/Pancake (VTech, Time &amp; Fun)-thumb.png</thumbnail>
		<releasedate>19810101T000000</releasedate>
		<developer>VTech</developer>
		<publisher>VTech</publisher>
		<genre>Acción</genre>
		<players>1</players>
		<md5>940fd665e674fee9cede1039faf68ee0</md5>
		<lang>en</lang>
	</game>
	<game id="88082">
		<path>./Parachute (Nintendo, Wide Screen).mgw</path>
		<name>Parachute</name>
		<desc>Los paracaidistas descienden sobre aguas infestadas de tiburones.
El bote salvavidas trata de rescatarlos.
Intenta recoger a los paracaidistas moviendo el bote hacia la izquierda o hacia la derecha.
Cuando un paracaidista cae al agua es atacado por tiburones.
Tres fallos y el juego terminará.
Se otorga 1 punto por cada paracaidista rescatado.
La puntuación máxima visualizada es 999.
Cada 200 o 500 puntos, sonará una fanfarria y se eliminarán los fallos anotados hasta ese momento.</desc>
		<image>./images/Parachute (Nintendo, Wide Screen)-image.png</image>
		<marquee>./images/Parachute (Nintendo, Wide Screen)-marquee.png</marquee>
		<thumbnail>./images/Parachute (Nintendo, Wide Screen)-thumb.png</thumbnail>
		<releasedate>19810619T000000</releasedate>
		<developer>Nintendo</developer>
		<publisher>Nintendo</publisher>
		<genre>Acción</genre>
		<players>1</players>
		<md5>f8dc75b8d5600d9aa60e05ddb098a190</md5>
		<lang>en</lang>
	</game>
	<game id="88083">
		<path>./Pirate (VTech, Time &amp; Fun).mgw</path>
		<name>Pirate</name>
		<desc>Los piratas suben continuamente por 3 escalerillas para abordar a el barco y robar tu oro.
Mueva al capitán para evitar que los piratas lleguen a la parte superior de la nave.
Cuando un pirata aborda el barco con éxito, se anotará un fallo.
Cinco falloss y el juego terminará.
Se otorga 1 punto cada vez que se golpea a un pirata.
La puntuación máxima visualizada es 9999.</desc>
		<image>./images/Pirate (VTech, Time &amp; Fun)-image.png</image>
		<marquee>./images/Pirate (VTech, Time &amp; Fun)-marquee.png</marquee>
		<thumbnail>./images/Pirate (VTech, Time &amp; Fun)-thumb.png</thumbnail>
		<releasedate>19830101T000000</releasedate>
		<developer>VTech</developer>
		<publisher>VTech</publisher>
		<genre>Acción</genre>
		<players>1</players>
		<md5>5ec3c4708a1cdefcafc20b90aedb6b6f</md5>
		<lang>en</lang>
	</game>
	<game id="88084">
		<path>./Roller Coaster (VTech, Explorer Time &amp; Fun).mgw</path>
		<name>Roller Coaster</name>
		<desc>Roller Coaster necesita mantenimiento. Existen tres agujeros en la montaña rusa. Mueva a un trabajador de mantenimiento alrededor de los rieles para llenar agujeros e impedir que los vagones se caigan. Cuando un vagón cae en un agujero se pierde una vida. Cinco fallos y el juego termina. Se anota 1 punto por cada vagón que llegue seguro. La puntuación máxima es de 9999 puntos.</desc>
		<image>./images/Roller Coaster (VTech, Explorer Time &amp; Fun)-image.png</image>
		<marquee>./images/Roller Coaster (VTech, Explorer Time &amp; Fun)-marquee.png</marquee>
		<thumbnail>./images/Roller Coaster (VTech, Explorer Time &amp; Fun)-thumb.png</thumbnail>
		<releasedate>19840101T000000</releasedate>
		<developer>VTech</developer>
		<publisher>VTech</publisher>
		<genre>Acción</genre>
		<players>1</players>
		<md5>7345051fd41e48b71e4440fb6d0fc1f1</md5>
		<lang>en</lang>
	</game>
	<game id="88085">
		<path>./Safari (VTech, Time &amp; Fun).mgw</path>
		<name>Safari</name>
		<desc>Los aborígenes deambulan continuamente.
Controla la posición del cazador para mantenerlo alejado de los guerreros y llegar al helicóptero de rescate.
Si el cazador es descubierto por el guerrero, será atrapado, lo que significa una fallo.
Un cazador aparecerá en la esquina superior derecha de la pantalla por cada fallo.
Cinco fallos y el juego terminará.
Se otorga 1 punto cuando el cazador alcanza con éxito la escalera del helicóptero.
La puntuación máxima visualizada es 9999.</desc>
		<image>./images/Safari (VTech, Time &amp; Fun)-image.png</image>
		<marquee>./images/Safari (VTech, Time &amp; Fun)-marquee.png</marquee>
		<thumbnail>./images/Safari (VTech, Time &amp; Fun)-thumb.png</thumbnail>
		<releasedate>19810101T000000</releasedate>
		<developer>VTech</developer>
		<publisher>VTech</publisher>
		<genre>Acción</genre>
		<players>1</players>
		<md5>d5403bc0f0eaa8eec6af89b6976aa528</md5>
		<lang>en</lang>
	</game>
	<game id="88087">
		<path>./Sleep Walker (VTech, Time &amp; Fun).mgw</path>
		<name>Sleep Walker</name>
		<desc>Controla a un atareado hombre en pijama alrededor de la casa para salvar a los sonámbulos.
Cuando un sonámbulo se despierta, se marca un fallo.
Cinco fallos y el juego terminará.
Se otorga 1 punto por cada sonámbulo salvado.
La puntuación máxima visualizada es 9999.</desc>
		<image>./images/Sleep Walker (VTech, Time &amp; Fun)-image.png</image>
		<marquee>./images/Sleep Walker (VTech, Time &amp; Fun)-marquee.png</marquee>
		<thumbnail>./images/Sleep Walker (VTech, Time &amp; Fun)-thumb.png</thumbnail>
		<releasedate>19910101T000000</releasedate>
		<developer>VTech</developer>
		<publisher>VTech</publisher>
		<genre>Acción</genre>
		<players>1</players>
		<md5>d2d75b708225d75236db088825cc50ae</md5>
		<lang>en</lang>
	</game>
	<game id="88088">
		<path>./Snoopy (Nintendo, Panorama Screen).mgw</path>
		<name>Snoopy (panorama Screen)</name>
		<desc>Shroeder está tocando su piano.
Las notas vuelan por el aire hasta donde Emilio está durmiendo. Controla a Snoopy a izquierda y derecha para derribar las notas con su martillo para que Emilio pueda dormir tranquilo.
Si una nota llega a cualquier nido, se marcará un fallo; tres fallos y el juego terminará.
Juego A: 3 líneas de notas.
Juego B: 4 líneas de notas.
1 punto por cada nota derribada.
a los 300 puntos sonará una fanfarria y se cancelarán todos los fallos; si no hay errores cuando se alcanzan los 300 puntos, el juego entra en "Chance-Time": el marcador parpadea y todos los puntos se otorgan al doble valor hasta que se comete un fallo.
La puntuación máxima de la pantalla es de 999 puntos.
A los 999 puntos el marcador se pondrá a cero y el juego comienza de nuevo (a mayor velocidad).</desc>
		<image>./images/Snoopy (Nintendo, Panorama Screen)-image.png</image>
		<marquee>./images/Snoopy (Nintendo, Panorama Screen)-marquee.png</marquee>
		<thumbnail>./images/Snoopy (Nintendo, Panorama Screen)-thumb.png</thumbnail>
		<releasedate>19830830T000000</releasedate>
		<developer>Nintendo</developer>
		<publisher>Nintendo</publisher>
		<genre>Acción</genre>
		<players>1</players>
		<md5>0190f3d0a9fa29575a771d919462b6ee</md5>
		<lang>en</lang>
	</game>
	<game id="88090">
		<path>./Snoopy Tennis (Nintendo, Wide Screen).mgw</path>
		<name>Snoopy Tennis</name>
		<desc>Charlie Brown y Snoopy están jugando al tenis.
Snoopy tiene que trepar al árbol para recibir el servicio de Charlie Brown.
Si Lucy entra en escena, interceptará la pelota de snoopy y la devolverá.
Pulsa el botón "hit" cuando la pelota está justo en frente de la cara de Snoopy.
Cuando Snoopy da un raquetazo y falla, no puede moverse hasta que su raqueta regrese a su posición original.
2 puntos al devolver la pelota de Charlie Brown.
3 puntos al devolver la pelota de Lucy.
Los puntajes de bonificación son cada 200 o 500 puntos (200, 500, 1200, 1500, ... a 9500).
Cuando se alcanza cada puntaje de bonificación, suena una fanfarria y se cancelan todas los fallos.
Cuando se alcanza un puntaje de bonificación y no se registran errores, el juego entra en "Chance time" durante 50 a 70 segundos.
En ese momento el marcador parpadeará, devolviendo la pelota de Charlie Brown obtendrás 5 puntos, la pelota de Lucy anota 6 puntos.
La puntuación máxima de pantalla es de 9999 puntos.</desc>
		<image>./images/Snoopy Tennis (Nintendo, Wide Screen)-image.png</image>
		<marquee>./images/Snoopy Tennis (Nintendo, Wide Screen)-marquee.png</marquee>
		<thumbnail>./images/Snoopy Tennis (Nintendo, Wide Screen)-thumb.png</thumbnail>
		<releasedate>19820428T000000</releasedate>
		<developer>Nintendo</developer>
		<publisher>Nintendo</publisher>
		<genre>Deportes / Tenis</genre>
		<players>1</players>
		<md5>675cf9a13ffc3516c777a4fea5dec468</md5>
		<lang>en</lang>
	</game>
	<game id="88091">
		<path>./Sub Chase (Mattel Electronics).mgw</path>
		<name>Sub Chase</name>
		<desc>La computadora controla el ataque submarino.
Encienda el equipo: aparece un punto único (rojo brillante): ese es tu barco.
Usa las teclas del cursor para dirigir la nave dentro del alcance del submarino invisible.
Un único sonido "Sonar" significa que el submarino está cerca. Los sonidos frecuentes de "Sonar" significan que el submarino está muy cerca o debajo de su nave.
Usa la carga de profundidad usando el botón de acción.
Tienes 30 cargas a bordo para hundir tantos submarinos como puedas.
Tras hundir un submarino, la computadora pondrá otro en distinta posición.
Cuidado con los torpedos (línea de puntos en movimiento).
Si el submarino hunde tu nave, el juego termina.
El juego también termina cuando no tienes más cargas de profundidad a bordo.
1 a 5 puntos por cada submarino hundido (la puntuación depende de la cantidad de cargas que disparas).
Las puntuaciones de más de 100 se mostrarán por código, es decir: 100-109 aciertos por "A0-A9", 110-119 por "B0-B9", 120-129 por "C0-C9", 130-139 por "D0-D9 ", 140-149 por" E0-E9 ".</desc>
		<image>./images/Sub Chase (Mattel Electronics)-image.png</image>
		<marquee>./images/Sub Chase (Mattel Electronics)-marquee.png</marquee>
		<thumbnail>./images/Sub Chase (Mattel Electronics)-thumb.png</thumbnail>
		<releasedate>19780101T000000</releasedate>
		<developer>Mattel Electronics</developer>
		<publisher>Mattel Electronics</publisher>
		<genre>Acción</genre>
		<players>1</players>
		<md5>41c054faa5594c7563c6f9a9fdfdfab4</md5>
		<lang>en</lang>
	</game>
	<game id="88092">
		<path>./Tennis Menace (VTech, Sporty Time &amp; Fun).mgw</path>
		<name>Tennis Menace</name>
		<desc>Entrena al tenis jugando con tu entrenador. Mueve el jugador a izquierda y derecha para devolver todas las bolas. Cuando una bola cae en al suelo se produce un fallo. Tres fallos y el juego termina. Se anotan 10 puntos cada vez que se golpea una pelota. Se otorga un descanso rápido cada 1000 puntos. La puntuación máxima es de 9990 puntos.</desc>
		<image>./images/Tennis Menace (VTech, Sporty Time &amp; Fun)-image.png</image>
		<marquee>./images/Tennis Menace (VTech, Sporty Time &amp; Fun)-marquee.png</marquee>
		<thumbnail>./images/Tennis Menace (VTech, Sporty Time &amp; Fun)-thumb.png</thumbnail>
		<releasedate>19820101T000000</releasedate>
		<developer>VTech</developer>
		<publisher>VTech</publisher>
		<genre>Acción</genre>
		<players>1</players>
		<md5>3e755ce9301d4125777af20b23741a62</md5>
		<lang>en</lang>
	</game>
	<game id="88093">
		<path>./Towering Rescue (Gakken, LCD Card Game).mgw</path>
		<name>Towering Rescue</name>
		<desc>¡Se ha producido un terremoto a gran escala!
Rescata a los refugiados de la parte superior de los edificios en helicóptero.
Si el helicóptero choca contra un edificio o una torre, el juego termina.
Además, si no rescatas a 2 refugiados, el juego habrá terminado. En el juego A, el helicóptero puede transportar a un solo refugiado a la vez.
En el juego B, un helicóptero puede transportar hasta dos refugiados a la vez.
10 puntos por cada refugiado llevado al edificio de seguridad (en el lado derecho de la pantalla).
La puntuación máxima de pantalla es de 9990 puntos.</desc>
		<image>./images/Towering Rescue (Gakken, LCD Card Game)-image.png</image>
		<marquee>./images/Towering Rescue (Gakken, LCD Card Game)-marquee.png</marquee>
		<thumbnail>./images/Towering Rescue (Gakken, LCD Card Game)-thumb.png</thumbnail>
		<releasedate>19810101T000000</releasedate>
		<developer>Gakken</developer>
		<publisher>Gakken</publisher>
		<genre>Acción</genre>
		<players>1</players>
		<md5>48f5e5ca22c80712806e0b79b978139d</md5>
		<lang>en</lang>
	</game>
	<game id="88094">
		<path>./Tron (Tomytronic).mgw</path>
		<name>Tron</name>
		<desc>* Nivel 1: El juego de la moto de luz. Aparecen dos motos de luz: Tron (el azul) Sark (el rojo).
A medida que ambas motos se mueven por la pantalla crean una pared detrás de ellos.
Debes tratar de destruir la moto del enemigo haciendo que se estrelle contra una pared mientras tu intentas evitar lo mismo. Pulsa el botón "Speed/Shoot" para acelerar.
5 puntos por seguir adelante y crear cinco barras de pared.
100 puntos por destruir cada moto de Luz enemiga.</desc>
		<image>./images/Tron (Tomytronic)-image.png</image>
		<marquee>./images/Tron (Tomytronic)-marquee.png</marquee>
		<thumbnail>./images/Tron (Tomytronic)-thumb.png</thumbnail>
		<releasedate>19820101T000000</releasedate>
		<developer>Tomytronic</developer>
		<publisher>Tomytronic</publisher>
		<genre>Acción</genre>
		<players>1</players>
		<md5>9e4cb2e9de6ed376667698951d16b43c</md5>
		<lang>en</lang>
	</game>
	<game id="88095">
		<path>./Turtle Bridge (Nintendo, Wide Screen).mgw</path>
		<name>Turtle Bridge</name>
		<desc>Los turistas intentan cruzar un lago con su equipaje saltando sobre los caparazones de las tortugas. Cuando el turista llega al otro lado, entrega su equipaje a otro y vuelve a por uno nuevo. Cuando la tortuga ve un pez saliendo a la superficie, se sumerge en el agua para cazarlo. Si el turista salta sobre una tortuga que se sumerge, comete un fallo. 
Tres fallos y termina el juego. Una vez que el turista sale de la orilla izquierda, no puede volver sin entregar su equipaje. Los peces no emergen del centro de la pantalla en el juego A. Si el turista permanece en el área central durante más de 2 minutos, el pescado comienzará a emerger desde el centro también. Se anotan 3 puntos cada vez que el turista entrega un equipaje. Se anotarán puntos adicionales cada vez que el turista vuelve a la orilla izquierda. Cuanto más rápido el turista haga el viaje de ida y vuelta, mayor será la puntuación obtenida (Máximo de puntos: 12. Puntos mínimos: 2). Cuando el jugador alcanza una puntuación de bonificación (200 o 500), cualquier fallo anotado se borra y el juego continúa. Si se logra una puntuación de bonificación sin cometer nigún fallo el juego entra en el "Chance time" y las tortugas no se mueven y los peces no aparecen durante 20 o 40 segundos. La puntuación máxima es de 9999 puntos.</desc>
		<image>./images/Turtle Bridge (Nintendo, Wide Screen)-image.png</image>
		<marquee>./images/Turtle Bridge (Nintendo, Wide Screen)-marquee.png</marquee>
		<thumbnail>./images/Turtle Bridge (Nintendo, Wide Screen)-thumb.png</thumbnail>
		<releasedate>19820201T000000</releasedate>
		<developer>Nintendo</developer>
		<publisher>Nintendo</publisher>
		<genre>Acción</genre>
		<players>1</players>
		<md5>be88358d44b41f0ca84d355001f3c6cd</md5>
		<lang>en</lang>
	</game>
	<game id="88096">
		<path>./Wild Man Jump (VTech, Electronic Tini-Arcade).mgw</path>
		<name>Wild Man Jump</name>
		<desc>Kong a secuestrado a una chica muy guapa y la llevó a la misteriosa jungla.
Ella está esperando que la salves. Ahora depende de ti llegar hasta ella.
Puedes escapar saltando los neumáticos que te lanza Kong.
Es posible que desees descansar por un tiempo en tocones colocados aquí y allá.
Hay cuatro elementos en el lado izquierdo del árbol. El bolso y el zapato en los pisos 1 y 3 te otorgan puntos de bonificación.
Los pasteles mágicos en los pisos 2 y 4 te hacen invencible por un corto tiempo.
Puedes aplastar neumáticos simplemente golpeándolos, y otorgan puntos de bonificación.
Cuando salvas a la chica, ella te premia con un beso.
Pero ten cuidado con Kong, ¡él la secuestrará de nuevo!
Cada 4 etapas completadas, Kong cae del árbol, luego el juego comienza de nuevo con mayor dificultad.
Si se acaba el tiempo, o te golpea un neumático, perderás una vida.
Cuando todas las vidas se pierden, el juego termina.
Se anotan 10 puntos al saltar un neumático.
Se anotan 100 puntos al obtener un elemento de bonificación.
Se anotan 100 puntos al romper un neumático.
Se anotan 300 y 500 puntos al completar el nivel (dependiendo del tiempo restante).
Una vida extra se otorga al completar el nivel 2 y cada 4 niveles.
La puntuación máxima mostrada es 99990.</desc>
		<image>./images/Wild Man Jump (VTech, Electronic Tini-Arcade)-image.png</image>
		<marquee>./images/Wild Man Jump (VTech, Electronic Tini-Arcade)-marquee.png</marquee>
		<thumbnail>./images/Wild Man Jump (VTech, Electronic Tini-Arcade)-thumb.png</thumbnail>
		<releasedate>19810101T000000</releasedate>
		<developer>VTech</developer>
		<publisher>VTech</publisher>
		<genre>Acción</genre>
		<players>1</players>
		<md5>981ebfe6e30624ce3379a34778e11620</md5>
		<lang>en</lang>
	</game>
</gameList>
