<?xml version="1.0"?>
<gameList>
	<game>
		<path>./Fortune Builder (1984) (Circuits and Systems).zip</path>
		<name>Fortune Builder</name>
		<desc>Your community will be laid out on a map of undeveloped land, consisting of a seacoast with beachfront. two mountain ranges, midlands, a river and a lake, with a main highway running north and south. You'll start with a fixed amount of cash, enabling you to buy and build a large variety of proper-ties: hotels, condos, marinas, factories, malls, gas stations and numerous other facilities.</desc>
		<image>./images/Fortune Builder (1984) (Circuits and Systems)-image.png</image>
		<marquee>./images/Fortune Builder (1984) (Circuits and Systems)-marquee.png</marquee>
		<thumbnail>./images/Fortune Builder (1984) (Circuits and Systems)-thumb.png</thumbnail>
		<releasedate>19840101T000000</releasedate>
		<developer>Coleco Industries, Inc.</developer>
		<publisher>Coleco Industries, Inc.</publisher>
		<genre>Simulación</genre>
		<players>2</players>
	</game>
	<game>
		<path>./Frenzy! (1982-83).zip</path>
		<name>Frenzy</name>
		<desc>Frenzy is the sequel to Berzerk and gameplay is similar. You are chased around a maze of rooms by various robots and your player must avoid their lasers and shoot them back to destroy them. There's only so much time the player can stay in a room before a "Robot Attacks" occurs and a smiley face of death moves in on the player.  In Frenzy there are also reflective mirrors in place of certain walls which reflects shots back and allow you to ricochet your fire. Also unique to Frenzy are four "device rooms" with a special icon in the center of the room that may be destroyed for bonus points and a special effect within that room.</desc>
		<image>./images/Frenzy! (1982-83)-image.png</image>
		<marquee>./images/Frenzy! (1982-83)-marquee.png</marquee>
		<thumbnail>./images/Frenzy! (1982-83)-thumb.png</thumbnail>
		<rating>0.85</rating>
		<releasedate>19830101T000000</releasedate>
		<developer>Stern Electronics, Inc.</developer>
		<publisher>Coleco Industries, Inc.</publisher>
		<genre>Acción</genre>
		<players>2</players>
	</game>
	<game>
		<path>./Frontline (1983).zip</path>
		<name>Frontline</name>
		<desc>Front Line is a vertically scrolling action game. Your mission is to infiltrate enemy territory and destroy their fortress. To reach the fortress, you will have to make your way through varied and dangerous terrain. Jungles, deserts, brush, and rocks all slow your progress, plus each area has numerous enemy fighters and tanks trying to stop you. To help get past these obstacles, you are armed with a machine gun and grenades; at some points in the game you may even come across an abandoned tank which you can control to increase your odds of survival. When you reach the end of the level and successfully destroy the fortress, the game will repeat at a higher level of difficulty. Gameplay is for one or two players, and four different skill levels are available.</desc>
		<image>./images/Frontline (1983)-image.png</image>
		<marquee>./images/Frontline (1983)-marquee.png</marquee>
		<thumbnail>./images/Frontline (1983)-thumb.png</thumbnail>
		<rating>0.3</rating>
		<releasedate>19830101T000000</releasedate>
		<developer>Taito</developer>
		<publisher>Coleco Industries, Inc.</publisher>
		<genre>Acción</genre>
		<players>2</players>
	</game>
	<game>
		<path>./Galaxian (1983) (Atarisoft).zip</path>
		<name>Galaxian</name>
		<desc>Galaxian is a shoot 'em up in which the player is at the bottom of the screen, with an arrangement of aliens at the top. The player moves left and right to aim at an alien, then shoots a bullet up the screen, and the alien it hits is killed. The aliens are classed as Drones, Emissaries, Hornets and Commanders, with those higher up the screen scoring more points when destroyed. At set intervals an enemy will move down the screen towards you, escorting a bomber, which is a moment of high danger. Clear a wave and another is generated.</desc>
		<image>./images/Galaxian (1983) (Atarisoft)-image.png</image>
		<marquee>./images/Galaxian (1983) (Atarisoft)-marquee.png</marquee>
		<thumbnail>./images/Galaxian (1983) (Atarisoft)-thumb.png</thumbnail>
		<rating>0.9</rating>
		<releasedate>19830101T000000</releasedate>
		<developer>Namco</developer>
		<publisher>Atari</publisher>
		<genre>Shoot'em Up</genre>
		<players>2</players>
	</game>
	<game>
		<path>./Gorf (1981-83) (Midway).zip</path>
		<name>Gorf</name>
		<desc>Gorf is a game similar to Space Invaders, alien vessels approach closer and closer in their threatening row formation.

The game itself consists of four levels:

1. The first level has you behind a defensive shield, defending against an alien attack. The level is a top-down view, with your ship &amp; shield on one side and the aliens on the other side;

The second level is similar to the first, only your defensive shield is gone, and the enemies tend to swoop down over the level as opposed to those row formations. Bonus ships also tend to appear in this level;

The third level is a change, and has you entering hyperspace. Your only goal is to survive to the end of your journey. The viewpoint switches from a top-down view to a behind-the-ship view and in effect you are heading "towards" your destination. Alien vessels flying in circular formation try to stop you;

The fourth and final level is similar to the first again, with some key differences. You do not fight a wave of enemies, but a single one. A mothership with a glowing weak spot. Hitting the weak spot will instantly destroy it. The mothership also has that same shield that was yours in the first level.

Finishing the game increases your rank and starts the game over at level 1 with a faster game speed for more challenge.</desc>
		<image>./images/Gorf (1981-83) (Midway)-image.png</image>
		<marquee>./images/Gorf (1981-83) (Midway)-marquee.png</marquee>
		<thumbnail>./images/Gorf (1981-83) (Midway)-thumb.png</thumbnail>
		<rating>0.85</rating>
		<releasedate>19830101T000000</releasedate>
		<developer>Bally Midway</developer>
		<publisher>CBS Electronics</publisher>
		<genre>Acción</genre>
		<players>2</players>
		<playcount>1</playcount>
		<lastplayed>20200514T195437</lastplayed>
	</game>
	<game>
		<path>./H.E.R.O. (1984) (Activision).zip</path>
		<name>H.E.R.O. - Helicopter Emergency Rescue Operation</name>
		<desc>¡Hay problemas en las minas! La actividad volcánica ha atrapado a numerosos mineros, y es su trabajo salvarlos. Como Roderick Hero, debes abrirte camino a través del peligroso pozo de la mina evitando las peligrosas criaturas y la lava, y descubrir dónde se encuentran los mineros antes de que te quedes sin energía. Para ayudar en su misión, Roderick Hero tiene varios tipos de equipos útiles. Un paquete de accesorios le permitirá flotar y volar alrededor del pozo de la mina y (con suerte) evitar los muchos peligros que hay dentro. Su casco cuenta con un rayo microláser de corto alcance que puede usarse para destruir los murciélagos, arañas, serpientes y otras criaturas que encontrará en las minas. De vez en cuando, su camino a través de la mina puede estar bloqueado por paredes de piedra o lava. Comienzas cada misión con seis cartuchos de dinamita que se pueden usar para destruir estos obstáculos (¡pero ten cuidado de no explotarte!) Si te quedas sin dinamita, tu rayo láser también se puede usar para destruir las paredes, aunque esto llevará más tiempo y consumirá más energía. A medida que avanzan los niveles, el pozo de la mina se volverá más largo y más parecido a un laberinto, las criaturas bloquearán el camino con más frecuencia y aparecerán paredes de lava y charcos que son peligrosos al tacto.</desc>
		<image>./images/H.E.R.O. (1984) (Activision)-image.png</image>
		<marquee>./images/H.E.R.O. (1984) (Activision)-marquee.png</marquee>
		<thumbnail>./images/H.E.R.O. (1984) (Activision)-thumb.png</thumbnail>
		<rating>0.75</rating>
		<releasedate>19840101T000000</releasedate>
		<developer>Activision</developer>
		<publisher>Activision</publisher>
		<genre>Acción</genre>
		<players>2</players>
	</game>
	<game>
		<path>./James Bond 007 (1984) (Parker Bros).zip</path>
		<name>James Bond 007</name>
		<desc>In James Bond 007 you control James Bond in his multi purpose craft. This craft can travel on both land and sea, can jump over danger, or fire at enemies on the many different levels. Each horizontally scrolling level in the game is loosely based on a different James Bond movie. The levels included are Diamonds Are Forever, The Spy Who Loved Me, Moonraker, and For Your Eyes Only. Each level has a variety of enemies trying to destroy you, and a unique goal that must be accomplished to continue on (for example, you may have to land on a hidden oil rig to stop Seraffino, or find Stromberg's undersea laboratory and destroy it). If you can complete all the missions, you win the game! Good luck, Mr. Bond.</desc>
		<image>./images/James Bond 007 (1984) (Parker Bros)-image.png</image>
		<marquee>./images/James Bond 007 (1984) (Parker Bros)-marquee.png</marquee>
		<thumbnail>./images/James Bond 007 (1984) (Parker Bros)-thumb.png</thumbnail>
		<rating>0.25</rating>
		<releasedate>19840101T000000</releasedate>
		<developer>Parker Brothers</developer>
		<publisher>Parker Brothers</publisher>
		<genre>Acción</genre>
		<players>2</players>
	</game>
	<game>
		<path>./Jumpman Junior (1984) (Epyx).zip</path>
		<name>Jumpman Junior</name>
		<desc>Jumpman Junior is the sequel to Jumpman and features similar gameplay with all new levels. As Jumpman, your goal is to disarm all of the bombs on the level before time runs out. Each level consists of a variety of platforms, ladders, and ropes you will need to jump and climb to reach the bombs. To make the game more challenging, a bullet will fire on the screen from time to time which will cause Jumpman to lose a life if hit. Each level has a different theme to it, and a few also have additional dangers as well. You will encounter deadly fires, the bouncing hellstones, moving ladders, disappearing platforms, and more.</desc>
		<image>./images/Jumpman Junior (1984) (Epyx)-image.png</image>
		<marquee>./images/Jumpman Junior (1984) (Epyx)-marquee.png</marquee>
		<thumbnail>./images/Jumpman Junior (1984) (Epyx)-thumb.png</thumbnail>
		<rating>0.85</rating>
		<releasedate>19840101T000000</releasedate>
		<developer>Epyx</developer>
		<publisher>Epyx</publisher>
		<genre>Acción</genre>
		<players>4</players>
	</game>
	<game>
		<path>./Jungle Hunt (1983) (Atarisoft).zip</path>
		<name>Jungle Hunt</name>
		<desc>Jungle Hunt offers four unique adventure experiences, which repeat with greater difficulty once all four have been survived.  If you don't survive these adventures, you will not only lose your own life but that of the lovely Penelope, who has been captured by cannibals!

The first part challenges your Tarzan skills - can you swing on the vines without plummeting to your doom?  The second part pits you against a whole bunch of nasty crocodiles in a mighty river.  Fortunately, you have a knife to fight back with.  Don't forget to go up for air!  In the third part, you face a battle against oncoming boulders of varying sizes and physics.  Once you've cleared all these treacherous hazards, you still must confront the dreaded cannibal, who is armed with a wicked spear.  Can you get past him and save the lovely Penelope?

Gameplay involves much strategic jumping and knife play (in the river/crocodile phase).  The view is always a side view, much like Pitfall! and later platform games.</desc>
		<image>./images/Jungle Hunt (1983) (Atarisoft)-image.png</image>
		<marquee>./images/Jungle Hunt (1983) (Atarisoft)-marquee.png</marquee>
		<thumbnail>./images/Jungle Hunt (1983) (Atarisoft)-thumb.png</thumbnail>
		<rating>0.6</rating>
		<releasedate>19830101T000000</releasedate>
		<developer>Taito</developer>
		<publisher>Atari</publisher>
		<genre>Acción</genre>
		<players>2</players>
	</game>
	<game>
		<path>./Tarzan (1984) (Coleco).zip</path>
		<name>From Out of the Jungle - Tarzan</name>
		<desc>Cruel hunters and the Beastmen of Opar have abducted Tarzan's tribe of Great Apes and imprisoned them in cages throughout the jungle. Its up to you to save the apes from being shipped out of their jungle home to zoos First, rescue Tarzan's faithful monkey companion, Nkima, from the hunters' camp. Once freed. Nkima accompanies you on your mission and alerts you to hidden snakes and treacherous pit traps with his shrill cry!</desc>
		<image>./images/Tarzan (1984) (Coleco)-image.png</image>
		<marquee>./images/Tarzan (1984) (Coleco)-marquee.png</marquee>
		<thumbnail>./images/Tarzan (1984) (Coleco)-thumb.png</thumbnail>
		<releasedate>19840101T000000</releasedate>
		<developer>Coleco Industries, Inc.</developer>
		<publisher>Coleco Industries, Inc.</publisher>
		<genre>Acción</genre>
	</game>
	<game>
		<path>./Burgertime (1982-84) (Data East).zip</path>
		<name>Burgertime</name>
		<desc>You play as Chef Pepper and your goal is to make giant hamburgers while evil eggs, sausages and pickles chase you around the game area. 

To properly make a hamburger you must assemble all of the ingredients together, dropping them from higher up onto the the burger area below. To actually do this you have to let Chef Pepper step all over the burger ingredients. As soon as an ingredient (a piece of lettuce for instance) has been stepped on, it will fall to the next level below. Falling food will squish any enemy following you and will also"bump" any other ingredient bellow it farther down. Also, as an emergency defense against the enemy food, you can collect pepper shakers which will allow you to puff out a small pepper cloud which will momentarily stun enemies, allowing you to walk past them.

Higher levels result in new level design, faster enemies and more ingredients to assemble.

The PlayStation 2 version is a port of the original arcade game and comes with a soundtrack disc, a DVD, a guide book and some other bonuses.</desc>
		<image>./images/Burgertime (1982-84) (Data East)-image.png</image>
		<marquee>./images/Burgertime (1982-84) (Data East)-marquee.png</marquee>
		<thumbnail>./images/Burgertime (1982-84) (Data East)-thumb.png</thumbnail>
		<rating>0.85</rating>
		<releasedate>19840101T000000</releasedate>
		<developer>Data East</developer>
		<publisher>Coleco Industries, Inc.</publisher>
		<genre>Acción</genre>
		<players>2</players>
		<playcount>2</playcount>
		<lastplayed>20201223T212543</lastplayed>
		<lang>en</lang>
	</game>
	<game>
		<path>./Choplifter (1982-84) (Broderbund).zip</path>
		<name>Choplifter!</name>
		<desc>Choplifter is a side-scrolling action/arcade game that puts you in command of an attack chopper.  Your mission: Go behind enemy lines and rescue up to 16 hostages per level.  Be careful, though, because tanks and enemy aircraft will try to stop you -- and they won't stop shooting while you are rescuing those hostages!

Originally released for Apple II home computers, Choplifter was later ported to the arcades and a number of video game consoles.  Many imitators and homages would follow.</desc>
		<image>./images/Choplifter (1982-84) (Broderbund)-image.png</image>
		<marquee>./images/Choplifter (1982-84) (Broderbund)-marquee.png</marquee>
		<thumbnail>./images/Choplifter (1982-84) (Broderbund)-thumb.png</thumbnail>
		<rating>0.5</rating>
		<releasedate>19840101T000000</releasedate>
		<developer>Broderbund Software</developer>
		<publisher>Coleco Industries, Inc.</publisher>
		<genre>Acción</genre>
		<lang>en</lang>
	</game>
	<game>
		<path>./Chuck Norris - Super Kicks (1983) (Xonox).zip</path>
		<name>Chuck Norris Superkicks</name>
		<desc>In this action game you play the part of Chuck Norris on a quest to reach a monastery where an important leader is kept hostage. The game consists of several different screens: when beginning and between fights you will see a view of the path that leads to the monastery. Walking along the path, you will encounter numerous enemies. When fighting, the view switches to a close up of your current location. By pressing the joystick button and moving the joystick in one of four directions you can perform various kicks, punches, and blocks. The enemies you encounter are varied, and some can only be defeated by certain moves. The path you walk along will occasionally split up into two or more choices; when this happens, only one choice is correct and the others are dead ends. If you choose incorrectly, you'll have to back track a bit and try again. Beginning as a white belt, you will slowly increase in rank as you win fights. By the time you reach the monastery you need to earn black belt status in order to defeat the deadly ninjas inside! Your quest must be completed within a time limit, or the game is over. Walking off of the path or losing fights will also cause you to lose even more time.</desc>
		<image>./images/Chuck Norris - Super Kicks (1983) (Xonox)-image.png</image>
		<marquee>./images/Chuck Norris - Super Kicks (1983) (Xonox)-marquee.png</marquee>
		<thumbnail>./images/Chuck Norris - Super Kicks (1983) (Xonox)-thumb.png</thumbnail>
		<rating>0.6</rating>
		<releasedate>19830101T000000</releasedate>
		<developer>Xonox</developer>
		<publisher>Xonox</publisher>
		<genre>Acción</genre>
		<lang>en</lang>
	</game>
	<game>
		<path>./Defender (1983) (Atarisoft).zip</path>
		<name>Defender</name>
		<desc>Defender put players in charge of a ship sent to protect mankind from wave after wave of attacking alien forces.

Armed with "smart bombs", and the ability to use hyperspace to move quickly around the planet, the player ship must fight against Bombers, Pods, Swarmers, Baiters, and Landers - that can capture the humanoids and transform them into deadly and relentless Mutants.  Fail to save the humanoids from freefall or Mutant transformation, and the planet is destroyed.

Eugene Jarvis'  Defender has been widely regarded as one of the most popular and addictive space shooters of the early 1980's</desc>
		<image>./images/Defender (1983) (Atarisoft)-image.png</image>
		<marquee>./images/Defender (1983) (Atarisoft)-marquee.png</marquee>
		<thumbnail>./images/Defender (1983) (Atarisoft)-thumb.png</thumbnail>
		<rating>0.8</rating>
		<releasedate>19830101T000000</releasedate>
		<developer>Williams</developer>
		<publisher>Atari</publisher>
		<genre>Shoot'em Up</genre>
		<players>2</players>
		<lang>en</lang>
	</game>
	<game>
		<path>./Donkey Kong (1982).zip</path>
		<name>Donkey Kong</name>
		<desc>Released in the arcades in 1981, Donkey Kong was not only Nintendo's first real smash hit for the company, but marked the introduction for two of their most popular mascots: Mario (originally "Jumpman") and Donkey Kong.

Donkey Kong is a platform-action game that has Mario scale four different industrial themed levels (construction zone, cement factory, an elevator-themed level, and removing rivets from girders) in an attempt to save the damsel in distress, Pauline, from the big ape before the timer runs out.  Once the rivets are removed from the final level, Donkey Kong falls, and the two lovers are reunited.  From there, the levels start over at a higher difficulty.

Along the way, Mario must dodge a constant stream of barrels, "living" fireballs, and spring-weights.  Although not as powerful as in other future games, Mario can find a hammer which allows him to destroy the barrels and fireballs for a limited amount of time.  Additionally, Mario can also find Pauline's hat, purse and umbrella for additional bonus points.

Donkey Kong is also notable for being one of the first complete narratives in video game form, told through simplistic cut scenes that advance the story.  It should also be noted that in versions of the game for early 1980's consoles, Donkey Kong only used 2-3 of the original levels, with the cement factory usually omitted.</desc>
		<image>./images/Donkey Kong (1982)-image.png</image>
		<marquee>./images/Donkey Kong (1982)-marquee.png</marquee>
		<thumbnail>./images/Donkey Kong (1982)-thumb.png</thumbnail>
		<rating>0.7</rating>
		<releasedate>19820101T000000</releasedate>
		<developer>Nintendo</developer>
		<publisher>Coleco Industries, Inc.</publisher>
		<genre>Acción</genre>
		<players>2</players>
		<lang>en</lang>
	</game>
	<game>
		<path>./Donkey Kong Jr (1982-83).zip</path>
		<name>Donkey Kong Junior</name>
		<desc>Mario has kidnapped Junior's Papa!

Donkey Kong Jr. was originally released in the arcades in 1982 as a sequel to Donkey Kong.  In this game, Mario plays the antagonist, finally having captured Donkey Kong, and has put the ape in a locked cage.  As Donkey Kong Jr., players will have to make their way through four different levels (Vines, Springboard, Chains and Mario's Hideout) in an attempt to find keys to free the little monkey's Father.

Along the way, Mario will send out Snapjaws, swooping purple birds, and electric sparks in an attempt to stop Junior.  Junior can defend himself by dropping fruit found around the levels on the heads of his foes.  The more foes a piece of fruit hits in a falling sequence, the higher bonus points can be scored.

Junior can also avoid enemies more easily by grabbing hold of two chains or vines at a time to climb away faster, or by jumping over his foes.  However, any long fall or falling into the water on certain levels will mean the loss of a life for Junior.

In the final cut scene, Junior will free Donkey Kong and both will escape after giving Mario the boot.  Once all four levels are cleared, the game levels will start over at a higher difficulty.

Like the original Donkey Kong, the earlier 1980's console versions do not have all of the levels and animations from the arcade.</desc>
		<image>./images/Donkey Kong Jr (1982-83)-image.png</image>
		<marquee>./images/Donkey Kong Jr (1982-83)-marquee.png</marquee>
		<thumbnail>./images/Donkey Kong Jr (1982-83)-thumb.png</thumbnail>
		<rating>0.8</rating>
		<releasedate>19830101T000000</releasedate>
		<developer>Nintendo</developer>
		<publisher>Coleco Industries, Inc.</publisher>
		<genre>Acción</genre>
		<players>2</players>
		<lang>en</lang>
	</game>
	<game>
		<path>./Turbo (USA, Europe).zip</path>
		<name>Turbo</name>
		<desc>It's you and several other cars racing through a variety of landscapes in Turbo. From the starting line onward, you need to maneuver around and pass various cars in your way while racing towards the finish line. Some of the landscapes you'll travel through include city streets, long roads in the country, seaside highways and dark tunnels.</desc>
		<image>./images/Turbo (USA, Europe)-image.png</image>
		<marquee>./images/Turbo (USA, Europe)-marquee.png</marquee>
		<thumbnail>./images/Turbo (USA, Europe)-thumb.png</thumbnail>
		<rating>0.8</rating>
		<releasedate>19820101T000000</releasedate>
		<developer>SEGA</developer>
		<publisher>Coleco Industries, Inc.</publisher>
		<genre>Carreras, Conducción</genre>
		<players>2</players>
		<lang>en</lang>
		<region>eu</region>
	</game>
	<game>
		<path>./Zaxxon (1982) (Sega).zip</path>
		<name>Zaxxon</name>
		<desc>ZAXXON te empuja hacia las profundidades del espacio exterior. Pon a prueba tus habilidades como piloto en la posición de comando. Prepárese para un desafío lleno de acción de supervivencia espacial. Sume puntos mientras bucea, asciende y desciende para destruir la fortaleza flotante del enemigo. ¡Esquiva las barreras láser mortales, los misiles enemigos y los disparos rápidos! Destruye los tanques de combustible enemigos y tu propio suministro se repone. Sobrevive al ataque de la flota de combate del enemigo y enfrenta el último desafío ... el poderoso robot blindado ZAXXON.</desc>
		<image>./images/Zaxxon (1982) (Sega)-image.png</image>
		<marquee>./images/Zaxxon (1982) (Sega)-marquee.png</marquee>
		<thumbnail>./images/Zaxxon (1982) (Sega)-thumb.png</thumbnail>
		<rating>0.8</rating>
		<releasedate>19820101T000000</releasedate>
		<developer>SEGA</developer>
		<publisher>Coleco Industries, Inc.</publisher>
		<genre>Shoot'em Up</genre>
		<players>2</players>
		<playcount>1</playcount>
		<lastplayed>20200514T195525</lastplayed>
		<lang>en</lang>
	</game>
	<game>
		<path>./Montezuma's Revenge (1984) (Parker Bros).zip</path>
		<name>Montezuma's Revenge</name>
		<desc>You play as a treasure hunter named Panama Joe, whose goal is to find an ancient treasure hidden by Aztec warrior  deep inside catacombs. But beware, the catacombs are a large maze inhabited by monsters. Bouncing and rolling skulls, dancing spiders, disappearing and re-appearing chains and tons of fire await you. You'll have to find many keys and unlock doors in order to reach your goal. Panama Joe can jump and climb ladders, but doesn't have much to offer in terms of combat. That's why the monsters in the game should be avoided: a collision with an enemy leads to a premature death.</desc>
		<image>./images/Montezuma's Revenge (1984) (Parker Bros)-image.png</image>
		<marquee>./images/Montezuma's Revenge (1984) (Parker Bros)-marquee.png</marquee>
		<thumbnail>./images/Montezuma's Revenge (1984) (Parker Bros)-thumb.png</thumbnail>
		<releasedate>19840101T000000</releasedate>
		<developer>Parker Brothers</developer>
		<publisher>Parker Brothers</publisher>
		<genre>Acción</genre>
		<lang>en</lang>
	</game>
	<game>
		<path>./Pepper II (1983) (Exidy).zip</path>
		<name>Pepper II</name>
		<desc>Este es un título que pondrá a prueba tus habilidades ya que se trata de que vayas cerrando las diversas secciones de un laberinto para que estas se pinten de colores y pases al siguiente nivel.</desc>
		<image>./images/Pepper II (1983) (Exidy)-image.png</image>
		<marquee>./images/Pepper II (1983) (Exidy)-marquee.png</marquee>
		<thumbnail>./images/Pepper II (1983) (Exidy)-thumb.png</thumbnail>
		<rating>0.8</rating>
		<releasedate>19830101T000000</releasedate>
		<developer>Exidy, Inc.</developer>
		<publisher>Coleco Industries, Inc.</publisher>
		<genre>Acción</genre>
		<players>2</players>
		<lang>en</lang>
	</game>
	<game>
		<path>./Pitfall! (1983) (Activision) [!].zip</path>
		<name>Pitfall!</name>
		<desc>¡Trampa! es un juego de acción de plataformas. Juegas a Pitfall Harry, que está en una búsqueda para localizar un tesoro en las profundidades de la jungla. Con un poco de suerte podrás encontrar bolsas de dinero, lingotes de plata, lingotes de oro y anillos de diamantes. Pero muchos obstáculos se interpondrán en el camino, algunos de los cuales simplemente restan puntos de su puntuación, mientras que otros son fatales. Rodar troncos y caer por un agujero restará puntos, y escorpiones, caimanes, serpientes, pozos sin fondo, pantanos e incendios harán que Pitfall Harry pierda una vida. ¡Tienes 20 minutos para intentar recolectar todos los tesoros en las numerosas pantallas, si puedes vivir tanto tiempo!</desc>
		<image>./images/Pitfall! (1983) (Activision) [!]-image.png</image>
		<marquee>./images/Pitfall! (1983) (Activision) [!]-marquee.png</marquee>
		<thumbnail>./images/Pitfall! (1983) (Activision) [!]-thumb.png</thumbnail>
		<rating>0.8</rating>
		<releasedate>19830101T000000</releasedate>
		<developer>Activision</developer>
		<publisher>Activision</publisher>
		<genre>Acción</genre>
		<lang>en</lang>
	</game>
	<game>
		<path>./River Raid (1982-84) (Activision) [!].zip</path>
		<name>River Raid</name>
		<desc>River Raid is a vertically scrolling action game. You fly a jet up a river in an attempt to destroy bridges which are vital to the enemy. The river is heavily guarded, however, with balloons, ships, choppers, and enemy aircraft trying to stop you. Along the way you will need to fly over fuel stations to refuel your jet and keep flying.

The plane is armed with a cannon with unlimited ammo. It can be used to destroy the enemy vehicles and bridges, but a careless player can accidentally destroy a fuel station. Colliding with the riverbanks or with the enemy aircraft destroys your plane and makes you lose a life.</desc>
		<image>./images/River Raid (1982-84) (Activision) [!]-image.png</image>
		<marquee>./images/River Raid (1982-84) (Activision) [!]-marquee.png</marquee>
		<thumbnail>./images/River Raid (1982-84) (Activision) [!]-thumb.png</thumbnail>
		<rating>0.7</rating>
		<releasedate>19840101T000000</releasedate>
		<developer>Activision</developer>
		<publisher>Activision</publisher>
		<genre>Acción</genre>
		<players>2</players>
		<lang>en</lang>
	</game>
	<game>
		<path>./Rocky Super-Action Boxing (1983) (Coleco).zip</path>
		<name>Rocky - Super Action Boxing</name>
		<desc>La incursión de Coleco en el ámbito del boxeo se basa en la película de 1982 Rocky III. Los jugadores tienen la opción de jugar como Rocky Balboa o Clubber Lang mientras uno lucha contra el oponente en 10 rondas de acción de boxeo.

El juego utiliza el Super Action Controller de Coleco que permite a los jugadores usar los botones para lanzar varios golpes y bloqueos, mientras usan el joystick para moverse por el ring. El oponente de la computadora puede establecerse en 4 niveles de habilidad diferentes, o jugar cara a cara con un segundo jugador. El ganador de un combate se pavonea con la victoria de Eye Of The Tiger, el tema principal de la película.</desc>
		<image>./images/Rocky Super-Action Boxing (1983) (Coleco)-image.png</image>
		<marquee>./images/Rocky Super-Action Boxing (1983) (Coleco)-marquee.png</marquee>
		<thumbnail>./images/Rocky Super-Action Boxing (1983) (Coleco)-thumb.png</thumbnail>
		<releasedate>19830101T000000</releasedate>
		<developer>Coleco Industries, Inc.</developer>
		<publisher>Coleco Industries, Inc.</publisher>
		<genre>Deportes</genre>
		<players>2</players>
		<lang>en</lang>
	</game>
	<game>
		<path>./Smurf - Rescue in Gargamel's Castle (1982).zip</path>
		<name>Smurf Rescue in Gargamel's Castle</name>
		<desc>Smurfette has been kidnapped and is being held atop a platform in Gargamel's castle. The player controls a smurf across the screen and must jump over obstacles, away from spiders, eventually up to smurfette to rescue her. Completing of this task restarts the game with faster moving obstacles and it also takes longer (more scenes) to get to Gargamel's castle.</desc>
		<image>./images/Smurf - Rescue in Gargamel's Castle (1982)-image.png</image>
		<marquee>./images/Smurf - Rescue in Gargamel's Castle (1982)-marquee.png</marquee>
		<thumbnail>./images/Smurf - Rescue in Gargamel's Castle (1982)-thumb.png</thumbnail>
		<rating>0.75</rating>
		<releasedate>19820101T000000</releasedate>
		<developer>Coleco Industries, Inc.</developer>
		<publisher>Coleco Industries, Inc.</publisher>
		<genre>Acción</genre>
		<players>2</players>
		<playcount>1</playcount>
		<lastplayed>20200514T195416</lastplayed>
		<lang>en</lang>
	</game>
	<game>
		<path>./Spy Hunter (1983-84) (Midway).zip</path>
		<name>Spy Hunter</name>
		<desc>A conversion of the arcade game, Spy Hunter is a driving action game played from an overhead point of view. Your car is equipped with machine guns to help you get past the numerous enemies out on the road (be careful not to shoot any civilians, though!) Occasionally you will come across a weapons van, and if you drive into the back of the van your car becomes equipped with a second weapon (such as smoke screen, oil slick, or missiles.) At several points the road splits and you can enter a boathouse which transforms your car into a boat temporarily. If you drive far enough the seasons change as well (watch out for icy conditions during winter!) The enemy cars will do anything to stop you, including running you off the road, firing guns from the back of a limmo, or dropping bombs from a helicopter.</desc>
		<image>./images/Spy Hunter (1983-84) (Midway)-image.png</image>
		<marquee>./images/Spy Hunter (1983-84) (Midway)-marquee.png</marquee>
		<thumbnail>./images/Spy Hunter (1983-84) (Midway)-thumb.png</thumbnail>
		<rating>0.35</rating>
		<releasedate>19840101T000000</releasedate>
		<developer>Bally Midway</developer>
		<publisher>Coleco Industries, Inc.</publisher>
		<genre>Carreras, Conducción</genre>
		<players>2</players>
		<lang>en</lang>
	</game>
	<game>
		<path>./Star Wars - The Arcade Game (1984) (Parker Bros).zip</path>
		<name>Star Wars - The Arcade Game</name>
		<desc>Conversion of Atari Games' first-person shoot 'em up based around the original Star Wars film. You take on the role of Luke Skywalker, aiming to destroy the Death Star - which, as any fan knows, involves attacking the 'weak spot' near the exhaust. To even get to this you have to pass swarms of TIE Fighters. Complete the game and it loops back around at ever-increasing difficulty. The game uses vector graphics, which allow lots of action at high speed on comparatively slow systems.</desc>
		<image>./images/Star Wars - The Arcade Game (1984) (Parker Bros)-image.png</image>
		<thumbnail>./images/Star Wars - The Arcade Game (1984) (Parker Bros)-thumb.png</thumbnail>
		<rating>0.65</rating>
		<releasedate>19840101T000000</releasedate>
		<developer>Atari</developer>
		<publisher>Parker Brothers</publisher>
		<genre>Acción</genre>
		<lang>en</lang>
	</game>
	<game>
		<path>./Super Cobra (1983) (Parker Bros).zip</path>
		<name>Super Cobra</name>
		<desc>Super Cobra is a side scrolling shooter based on the arcade game. You're a chopper pilot on a surveillance mission in enemy territory; your goal is to make it through the various obstacle courses alive and score as many points as possible. Tall buildings, mountains, narrow tunnels, and various enemies (such as tanks, rockets, mines, and more) can all get in the way and destroy your chopper if you aren't careful. To help defend yourself, the chopper is armed with a machine gun and bombs which can be used to destroy the enemy tanks and rockets. To make the task more difficult, your chopper has a limited amount of fuel. Throughout the landscapes are fuel tanks; if one of these is shot or bombed, you will be awarded extra fuel. As the levels progress, the enemies become more aggressive, fuel becomes more scarce, and the landscape becomes trickier to navigate.</desc>
		<image>./images/Super Cobra (1983) (Parker Bros)-image.png</image>
		<marquee>./images/Super Cobra (1983) (Parker Bros)-marquee.png</marquee>
		<thumbnail>./images/Super Cobra (1983) (Parker Bros)-thumb.png</thumbnail>
		<rating>0.45</rating>
		<releasedate>19830101T000000</releasedate>
		<developer>Konami</developer>
		<publisher>Parker Brothers</publisher>
		<genre>Acción</genre>
		<lang>en</lang>
	</game>
	<game>
		<path>./Time Pilot (1983) (Konami).zip</path>
		<name>Time Pilot</name>
		<desc>Time Pilot is an arcade style shooter. Piloting your trusty spaceship, you need to destroy the squadrons of enemy craft that are attacking! On each level you have a quota of enemies that need to be destroyed. After fulfilling your quota, a final boss of the level will appear; when destroyed, you will move on to the next level. The game begins in the year 1910, and each time a level is completed you advance in time. In 1910 you only have to face relatively unarmed biplanes, but as the levels advance so does the technology. Each new level brings with it tougher, more heavily armed aircraft including jets, helicopters, and even flying saucers! From time to time, you will encounter a parachute; if you run into this, you will earn bonus points.</desc>
		<image>./images/Time Pilot (1983) (Konami)-image.png</image>
		<marquee>./images/Time Pilot (1983) (Konami)-marquee.png</marquee>
		<thumbnail>./images/Time Pilot (1983) (Konami)-thumb.png</thumbnail>
		<rating>0.6</rating>
		<releasedate>19830101T000000</releasedate>
		<developer>Konami</developer>
		<publisher>Coleco Industries, Inc.</publisher>
		<genre>Acción</genre>
		<lang>en</lang>
	</game>
	<game>
		<path>./Antarctic Adventure (1984) (Konami).zip</path>
		<name>Antarctic Adventure</name>
		<desc>Como un pingüino, tienes que viajar alrededor de la Antártida, avanzando entre las bases antes de que acabe el tiempo. Esto parece fácil, ¿verdad? Error. Obstaculizado tu progreso encontrarás grietas de hielo y focas leopardo. Puedes saltar por encima de las grietas, pero saltar por encima de las focas puede ser difícil. Puedes acelerar o ralentizar al pingüino para evitar ambos peligros. Las bases incluyen Australia, Francia, Nueva Zelanda, EE.UU., Argentina, Reino Unido y Japón. Puedes recoger banderas y comer peces para conseguir puntos. Si consigues una bandera intermitente te permitirá llevar una hélice que te permiten volar sobre esos peligros.</desc>
		<image>./images/Antarctic Adventure (1984) (Konami)-image.png</image>
		<marquee>./images/Antarctic Adventure (1984) (Konami)-marquee.png</marquee>
		<thumbnail>./images/Antarctic Adventure (1984) (Konami)-thumb.png</thumbnail>
		<rating>0.65</rating>
		<releasedate>19840101T000000</releasedate>
		<developer>Konami</developer>
		<publisher>Coleco Industries, Inc.</publisher>
		<genre>Acción</genre>
		<playcount>8</playcount>
		<lastplayed>20220811T184718</lastplayed>
		<gametime>85</gametime>
		<lang>en</lang>
	</game>
	<game>
		<path>./War Games (1983-84).zip</path>
		<name>War Games</name>
		<desc>Greetings, Professor Falken. Shall we play a game?

This strategic game is based on the popular 1983 movie of the same name, starring Matthew Broderick. It might remind people of Missile Command but the action is slower and spread over six screens which represent different areas of the U.S.A. Enemy missiles, planes, and subs will attack and you must direct your own forces, which include missiles, planes, subs, and satellites, to intercept them. Each type of defense has strengths and weaknesses (missiles are fast but limited in range, planes are slower but have unlimited range). Satellites are a better all-around defense but are only available every so often. Some weapons aren't available in certain areas, and some enemies are resistant to certain weapons, so you must alter your strategy accordingly. 

As your bases and cities are struck, a DefCon indicator for each area will count down and when the overall DefCon reaches 1 for a minute or when all cities and bases are destroyed, a counterstrike is launched and the game is over. The game is won by preventing a counterstrike long enough for a cease-fire to be reached. There's eight different difficulty levels to progress through as you get the hang of it. A two-player mode on the Colecovision lets one player to use the Roller Controller to guide and fire weapons, while the second player inputs keypad commands.</desc>
		<image>./images/War Games (1983-84)-image.png</image>
		<marquee>./images/War Games (1983-84)-marquee.png</marquee>
		<thumbnail>./images/War Games (1983-84)-thumb.png</thumbnail>
		<releasedate>19840101T000000</releasedate>
		<developer>Coleco Industries, Inc.</developer>
		<publisher>Coleco Industries, Inc.</publisher>
		<genre>Estrategia</genre>
		<playcount>1</playcount>
		<lastplayed>20220811T184813</lastplayed>
		<gametime>53</gametime>
		<lang>en</lang>
	</game>
</gameList>
